-- phpMyAdmin SQL Dump
-- version 5.2.0
-- https://www.phpmyadmin.net/
--
-- Servidor: 127.0.0.1
-- Tiempo de generación: 05-09-2022 a las 21:55:18
-- Versión del servidor: 10.4.24-MariaDB
-- Versión de PHP: 8.1.6

SET SQL_MODE = "NO_AUTO_VALUE_ON_ZERO";
START TRANSACTION;
SET time_zone = "+00:00";


/*!40101 SET @OLD_CHARACTER_SET_CLIENT=@@CHARACTER_SET_CLIENT */;
/*!40101 SET @OLD_CHARACTER_SET_RESULTS=@@CHARACTER_SET_RESULTS */;
/*!40101 SET @OLD_COLLATION_CONNECTION=@@COLLATION_CONNECTION */;
/*!40101 SET NAMES utf8mb4 */;

--
-- Base de datos: `_api`
--
CREATE DATABASE IF NOT EXISTS `_api` DEFAULT CHARACTER SET utf8mb4 COLLATE utf8mb4_spanish_ci;
USE `_api`;

-- --------------------------------------------------------

--
-- Estructura de tabla para la tabla `dat_atr`
--

CREATE TABLE `dat_atr` (
  `esq` varchar(11) NOT NULL COMMENT 'Esquema',
  `est` varchar(11) NOT NULL COMMENT 'Estructura',
  `ide` varchar(11) NOT NULL COMMENT 'Atributo',
  `var` longtext CHARACTER SET utf8mb4 COLLATE utf8mb4_bin DEFAULT NULL COMMENT 'Operador'
) ENGINE=InnoDB DEFAULT CHARSET=utf8mb4 COMMENT='Operador de Datos';

--
-- Volcado de datos para la tabla `dat_atr`
--

INSERT INTO `dat_atr` (`esq`, `est`, `ide`, `var`) VALUES
('hol', 'cas', 'arm', '{ \"min\":1, \"max\":4, \"dat\":\"hol.cas_arm\" }'),
('hol', 'cas', 'ide', '{ \"min\":1, \"max\":52, \"dat\":\"hol.cas\" }'),
('hol', 'cas', 'ond', '{\"min\":1, \"max\":4, \"dat\":\"hol.cas_ond\" }'),
('hol', 'cas', 'pos_arm', '{ \"min\":1, \"max\":4, \"dat\":\"hol.arm\" }'),
('hol', 'cas', 'ton', '{\"min\":1, \"max\":13, \"dat\":\"hol.ton\" }'),
('hol', 'cas', 'ton_arm', '{ \"min\":1, \"max\":13, \"dat\":\"hol.ton\" }'),
('hol', 'kin', 'arm_cel', '{ \"min\":1, \"max\":5, \"dat\":\"hol.kin_arm_cel\" }'),
('hol', 'kin', 'arm_cel_dia', '{ \"min\":1, \"max\":4, \"dat\":\"hol.sel_arm_raz\" }'),
('hol', 'kin', 'arm_tra', '{ \"min\":1, \"max\":13, \"dat\":\"hol.kin_arm_tra\" }'),
('hol', 'kin', 'arm_tra_dia', '{ \"min\":1, \"max\":20, \"dat\":\"hol.sel\" }'),
('hol', 'kin', 'chi', '{ \"min\":1, \"max\":65, \"dat\":\"hol.chi\" }'),
('hol', 'kin', 'cro_ele', '{ \"min\":1, \"max\":4, \"dat\":\"hol.kin_cro_ele\" }'),
('hol', 'kin', 'cro_ele_dia', '{ \"min\":1, \"max\":5, \"dat\":\"hol.sel_cro_fam\" }'),
('hol', 'kin', 'cro_est', '{ \"min\":1, \"max\":4, \"dat\":\"hol.kin_cro_est\" }'),
('hol', 'kin', 'cro_est_dia', '{ \"min\":1, \"max\":65, \"dat\":\"hol.chi\" }'),
('hol', 'kin', 'ene', '{ \"min\":1, \"max\":4, \"dat\":\"hol.kin_ene\" }'),
('hol', 'kin', 'ene_cam', '{ \"min\":1, \"max\":14, \"dat\":\"hol.kin_ene_cam\" }'),
('hol', 'kin', 'gen_cel', '{ \"min\":1, \"max\":5, \"dat\":\"hol.kin_gen_cel\" }'),
('hol', 'kin', 'gen_cel_dia', '{ \"min\":1, \"max\":26 }'),
('hol', 'kin', 'gen_enc', '{ \"min\":1, \"max\":3, \"dat\":\"hol.kin_gen_enc\" }'),
('hol', 'kin', 'gen_enc_dia', '{ \"min\":1, \"max\":3, \"max-1\":130, \"max-2\":90, \"max-3\":52 }'),
('hol', 'kin', 'ide', '{ \"min\":1, \"max\":260, \"dat\":\"hol.kin\" }'),
('hol', 'kin', 'nav_cas', '{ \"min\":1, \"max\":5, \"dat\":\"hol.kin_nav_cas\" }'),
('hol', 'kin', 'nav_cas_dia', '{ \"min\":1, \"max\":52, \"dat\":\"hol.cas\" }'),
('hol', 'kin', 'nav_ond', '{ \"min\":1, \"max\":20, \"dat\":\"hol.kin_nav_ond\" }'),
('hol', 'kin', 'nav_ond_dia', '{ \"min\":1, \"max\":13, \"dat\":\"hol.ton\" }'),
('hol', 'kin', 'par_ana', '{ \"min\":1, \"max\":260, \"dat\":\"hol.kin\" }'),
('hol', 'kin', 'par_ant', '{ \"min\":1, \"max\":260, \"dat\":\"hol.kin\" }'),
('hol', 'kin', 'par_gui', '{ \"min\":1, \"max\":260, \"dat\":\"hol.kin\" }'),
('hol', 'kin', 'par_ocu', '{ \"min\":1, \"max\":260, \"dat\":\"hol.kin\" }'),
('hol', 'lun', 'arm', '{ \"min\":1, \"max\":4, \"dat\":\"hol.lun_arm\" }'),
('hol', 'lun', 'ide', '{ \"min\":1, \"max\":28, \"dat\":\"hol.lun\" }'),
('hol', 'lun', 'rad', '{ \"min\":1, \"max\":7, \"dat\":\"hol.rad\" }'),
('hol', 'lun_arm', 'ide', '{ \"min\":1, \"max\":4, \"dat\":\"hol.lun_arm\" }'),
('hol', 'lun_tel_cam', 'ide', '{ \"min\":1, \"max\":8, \"dat\":\"hol.lun_tel_cam\" }'),
('hol', 'lun_tel_cub', 'ide', '{ \"min\":1, \"max\":16, \"dat\":\"hol.lun_tel_cub\" }'),
('hol', 'lun_tel_tor', 'ide', '{ \"min\":1, \"max\":4, \"dat\":\"hol.lun_tel_tor\" }'),
('hol', 'psi', 'est', '{ \"min\":1, \"max\":4, \"dat\":\"hol.psi_est\" }'),
('hol', 'psi', 'est_dia', '{ \"min\":1, \"max\":91, \"dat\":\"\" }'),
('hol', 'psi', 'hep', '{ \"min\":1, \"max\":52, \"dat\":\"hol.psi_hep\" }'),
('hol', 'psi', 'hep_dia', '{ \"min\":1, \"max\":7, \"dat\":\"hol.rad\" }'),
('hol', 'psi', 'ide', '{ \"min\":1, \"max\":365, \"dat\":\"hol.psi\" }'),
('hol', 'psi', 'lun', '{ \"min\":1, \"max\":13, \"dat\":\"hol.psi_lun\" }'),
('hol', 'psi', 'lun_dia', '{ \"min\":1, \"max\":28, \"dat\":\"hol.lun\" }'),
('hol', 'psi', 'tzo', '{ \"min\":1, \"max\":260, \"dat\":\"hol.kin\" }'),
('hol', 'psi_lun', 'ide', '{ \"min\":1, \"max\":13, \"dat\":\"hol.psi_lun\" }'),
('hol', 'psi_lun', 'ond', '{ \"min\":1, \"max\":4, \"dat\":\"hol.ton_ond\" }'),
('hol', 'rad', 'hum_cha', '{ \"min\":1, \"max\":7, \"dat\":\"hol.rad_hum_cha\" }'),
('hol', 'rad', 'ide', '{ \"min\":1, \"max\":7, \"dat\":\"hol.rad\" }'),
('hol', 'rad', 'pla_fue_pos', '{ \"min\":1, \"max\":12, \"dat\":\"hol.rad_pla_fue\" }'),
('hol', 'rad', 'pla_fue_pre', '{ \"min\":1, \"max\":12, \"dat\":\"hol.rad_pla_fue\" }'),
('hol', 'rad', 'tel_ora', '{ \"min\":1997, \"max\":1999, \"dat\":\"api.fec_año\" }'),
('hol', 'rad', 'tel_ora_ani', '{ \"min\":1, \"max\":260, \"dat\":\"hol.kin\" }'),
('hol', 'rad', 'tel_ora_año', '{ \"min\":1, \"max\":260, \"dat\":\"hol.kin\" }'),
('hol', 'rad', 'tel_ora_gen', '{ \"min\":1, \"max\":260, \"dat\":\"hol.kin\" }'),
('hol', 'rad_pla_fue', 'ele_pos', '{ \"min\":1, \"max\":6, \"dat\":\"hol.rad_pla_ele\" }'),
('hol', 'rad_pla_fue', 'ele_pre', '{ \"min\":1, \"max\":6, \"dat\":\"hol.rad_pla_ele\" }'),
('hol', 'sel', 'arm_cel', '{ \"min\":1, \"max\":5, \"dat\":\"hol.sel_arm_cel\" }'),
('hol', 'sel', 'arm_raz', '{ \"min\":1, \"max\":4, \"dat\":\"hol.sel_arm_raz\" }'),
('hol', 'sel', 'arm_tra', '{ \"min\":1, \"max\":20, \"dat\":\"hol.sel.arm_tra\" }'),
('hol', 'sel', 'cic_luz', '{ \"min\":1, \"max\":5, \"dat\":\"hol.sel_cic_luz\" }'),
('hol', 'sel', 'cic_ser', '{ \"min\":1, \"max\":3, \"dat\":\"hol.sel_cic_ser\" }'),
('hol', 'sel', 'cod', '{ \"min\":0, \"max\":19 }'),
('hol', 'sel', 'cro_ele', '{ \"min\":1, \"max\":4, \"dat\":\"hol.sel_cro_ele\" }'),
('hol', 'sel', 'cro_fam', '{ \"min\":1, \"max\":5, \"dat\":\"hol.sel_cro_fam\" }'),
('hol', 'sel', 'hum_cen', '{ \"min\":1, \"max\":5, \"dat\":\"hol.sel_hum_cen\" }'),
('hol', 'sel', 'hum_ded', '{ \"min\":1, \"max\":5, \"dat\":\"hol.sel_hum_ded\" }'),
('hol', 'sel', 'hum_ext', '{ \"min\":1, \"max\":5, \"dat\":\"hol.sel_hum_ext\" }'),
('hol', 'sel', 'hum_mer', '{ \"min\":1, \"max\":10, \"dat\":\"hol.sel_hum_mer\" }'),
('hol', 'sel', 'hum_res', '{ \"min\":1, \"max\":2, \"dat\":\"hol.sel_res_flu\" }'),
('hol', 'sel', 'ide', '{ \"min\":1, \"max\":20, \"dat\":\"hol.sel\" }'),
('hol', 'sel', 'ord', '{ \"min\":1, \"max\":20, \"dat\":\"hol.sel_cod\" }'),
('hol', 'sel', 'par_ana', '{ \"min\":1, \"max\":20, \"dat\":\"hol.sel\" }'),
('hol', 'sel', 'par_ant', '{ \"min\":1, \"max\":20, \"dat\":\"hol.sel\" }'),
('hol', 'sel', 'par_ocu', '{ \"min\":1, \"max\":20, \"dat\":\"hol.sel\" }'),
('hol', 'sel', 'pla_cen', '{ \"min\":1, \"max\":5, \"dat\":\"hol.sel_pla_cen\" }'),
('hol', 'sel', 'pla_hem', '{ \"min\":1, \"max\":3, \"dat\":\"hol.sel_pla_hem\" }'),
('hol', 'sel', 'pla_mer', '{ \"min\":1, \"max\":2, \"dat\":\"hol.sel_pla_mer\" }'),
('hol', 'sel', 'res_flu', '{ \"min\":1, \"max\":2, \"dat\":\"hol.sel_res_flu\" }'),
('hol', 'sel', 'sol_cel', '{ \"min\":1, \"max\":10, \"dat\":\"hol.sel_sol_cel\" }'),
('hol', 'sel', 'sol_cir', '{ \"min\":1, \"max\":10, \"dat\":\"hol.sel_sol_cir\" }'),
('hol', 'sel', 'sol_pla', '{ \"min\":1, \"max\":10, \"dat\":\"hol.sel_sol_pla\" }'),
('hol', 'sel_cic_dir', 'ide', '{ \"min\":1, \"max\":4, \"dat\":\"hol.sel_cic_dir\" }'),
('hol', 'sel_cic_men', 'ide', '{ \"min\":1, \"max\":4, \"dat\":\"hol.kin_cro_est\" }'),
('hol', 'sel_cic_men', 'sel', '{ \"min\":1, \"max\":20, \"dat\":\"hol.sel\" }'),
('hol', 'sel_cod', 'cod', '{ \"min\":0, \"max\":19 }'),
('hol', 'sel_cod', 'cro_ele', '{ \"min\":1, \"max\":4, \"dat\":\"hol.sel_cro_ele\" }'),
('hol', 'sel_cod', 'cro_fam', '{ \"min\":1, \"max\":5, \"dat\":\"hol.sel_cro_fam\" }'),
('hol', 'sel_cod', 'hum_cen', '{ \"min\":1, \"max\":5, \"dat\":\"hol.sel_hum_cen\" }'),
('hol', 'sel_cod', 'hum_ded', '{ \"min\":1, \"max\":5, \"dat\":\"hol.sel_hum_ded\" }'),
('hol', 'sel_cod', 'hum_ext', '{ \"min\":1, \"max\":5, \"dat\":\"hol.sel_hum_ext\" }'),
('hol', 'sel_cod', 'hum_mer', '{ \"min\":1, \"max\":10, \"dat\":\"hol.sel_hum_mer\" }'),
('hol', 'sel_cod', 'hum_res', '{ \"min\":1, \"max\":2, \"dat\":\"hol.sel_res_flu\" }'),
('hol', 'sel_cod', 'ide', '{ \"min\":1, \"max\":20, \"dat\":\"hol.sel\" }'),
('hol', 'sel_cod', 'ord', '{ \"min\":1, \"max\":20, \"dat\":\"hol.sel_cod\" }'),
('hol', 'sel_cod', 'pla_cen', '{ \"min\":1, \"max\":5, \"dat\":\"hol.sel_pla_cen\" }'),
('hol', 'sel_cod', 'pla_hem', '{ \"min\":1, \"max\":3, \"dat\":\"hol.sel_pla_hem\" }'),
('hol', 'sel_cod', 'pla_mer', '{ \"min\":1, \"max\":2, \"dat\":\"hol.sel_pla_mer\" }'),
('hol', 'sel_cod', 'res_flu', '{ \"min\":1, \"max\":2, \"dat\":\"hol.sel_res_flu\" }'),
('hol', 'sel_cod', 'sol_cel', '{ \"min\":1, \"max\":10, \"dat\":\"hol.sel_sol_cel\" }'),
('hol', 'sel_cod', 'sol_cir', '{ \"min\":1, \"max\":10, \"dat\":\"hol.sel_sol_cir\" }'),
('hol', 'sel_cod', 'sol_pla', '{ \"min\":1, \"max\":10, \"dat\":\"hol.sel_sol_pla\" }'),
('hol', 'sel_cro_ele', 'hum_ext', '{ \"min\":1, \"max\":4, \"dat\":\"hol.sel_hum_ext\" }'),
('hol', 'sel_cro_ele', 'ide', '{ \"min\":1, \"max\":4, \"dat\":\"hol.sel_cro_ele\" }'),
('hol', 'sel_cro_ele', 'res_flu', '{ \"min\":1, \"max\":2, \"dat\":\"hol.sel_res_flu\" }'),
('hol', 'sel_cro_fam', 'hum_cen', '{ \"min\":1, \"max\":5, \"dat\":\"hol.sel_hum_cen\" }'),
('hol', 'sel_cro_fam', 'hum_ded', '{ \"min\":1, \"max\":5, \"dat\":\"hol.sel_hum_ded\" }'),
('hol', 'sel_cro_fam', 'ide', '{ \"min\":1, \"max\":5, \"dat\":\"hol.sel_cro_fam\" }'),
('hol', 'sel_cro_fam', 'pla_cen', '{ \"min\":1, \"max\":5, \"dat\":\"hol.sel_pla_cen\" }'),
('hol', 'sel_hum_cen', 'fam', '{ \"min\":1, \"max\":5, \"dat\":\"hol.sel_cro_fam\" }'),
('hol', 'sel_hum_cen', 'ide', '{ \"min\":1, \"max\":5, \"dat\":\"hol.sel_hum_cen\" }'),
('hol', 'sel_hum_ded', 'fam', '{ \"min\":1, \"max\":5, \"dat\":\"hol.sel_cro_fam\" }'),
('hol', 'sel_hum_ded', 'ide', '{ \"min\":1, \"max\":5, \"dat\":\"hol.sel_hum_ded\" }'),
('hol', 'sel_hum_ext', 'ele', '{ \"min\":1, \"max\":4, \"dat\":\"hol.sel_cro_ele\" }'),
('hol', 'sel_hum_ext', 'ide', '{ \"min\":1, \"max\":4, \"dat\":\"hol.sel_hum_ext\" }'),
('hol', 'sel_hum_mer', 'ide', '{ \"min\":1, \"max\":10, \"dat\":\"hol.sel_hum_mer\" }'),
('hol', 'sel_hum_res', 'ide', '{ \"min\":1, \"max\":2, \"dat\":\"hol.sel_hum_res\" }'),
('hol', 'sel_par_ana', 'fin', '{ \"min\":1, \"max\":20, \"dat\":\"hol.sel\" }'),
('hol', 'sel_par_ana', 'ini', '{ \"min\":1, \"max\":20, \"dat\":\"hol.sel\" }'),
('hol', 'sel_par_ant', 'fin', '{ \"min\":1, \"max\":20, \"dat\":\"hol.sel\" }'),
('hol', 'sel_par_ant', 'ini', '{ \"min\":1, \"max\":20, \"dat\":\"hol.sel\" }'),
('hol', 'sel_par_ocu', 'fin', '{ \"min\":1, \"max\":20, \"dat\":\"hol.sel\" }'),
('hol', 'sel_par_ocu', 'ini', '{ \"min\":1, \"max\":20, \"dat\":\"hol.sel\" }'),
('hol', 'sel_pla_cen', 'fam', '{ \"min\":1, \"max\":5, \"dat\":\"hol.sel_cro_fam\" }'),
('hol', 'sel_pla_cen', 'ide', '{ \"min\":1, \"max\":5, \"dat\":\"hol.sel_pla_cen\" }'),
('hol', 'sel_pla_hem', 'ide', '{ \"min\":1, \"max\":3, \"dat\":\"hol.sel_pla_hem\" }'),
('hol', 'sel_pla_mer', 'ide', '{ \"min\":1, \"max\":2, \"dat\":\"hol.sel_pla_mer\" }'),
('hol', 'sel_pla_res', 'fam', '{ \"min\":1, \"max\":5, \"dat\":\"hol.sel_cro_fam\" }'),
('hol', 'sel_pla_res', 'hem', '{ \"min\":1, \"max\":3, \"dat\":\"hol.sel_pla_hem\" }'),
('hol', 'sel_pla_res', 'ide', '{ \"min\":1, \"max\":2, \"dat\":\"hol.sel_pla_res\" }'),
('hol', 'sel_sol_cel', 'ide', '{ \"min\":1, \"max\":5, \"dat\":\"hol.sel_sol_cel\" }'),
('hol', 'sel_sol_cir', 'ide', '{ \"min\":1, \"max\":5, \"dat\":\"hol.sel_sol_cir\" }'),
('hol', 'sel_sol_orb', 'ide', '{ \"min\":1, \"max\":2, \"dat\":\"hol.sel_sol_orb\" }'),
('hol', 'sel_sol_pla', 'cel', '{ \"min\":1, \"max\":5, \"dat\":\"hol.sel_sol_cel\" }'),
('hol', 'sel_sol_pla', 'cir', '{ \"min\":1, \"max\":5, \"dat\":\"hol.sel_sol_cir\" }'),
('hol', 'sel_sol_pla', 'ide', '{ \"min\":1, \"max\":10, \"dat\":\"hol.sel_sol_pla\" }'),
('hol', 'sel_sol_pla', 'orb', '{ \"min\":1, \"max\":5, \"dat\":\"hol.sel_sol_orb\" }'),
('hol', 'sel_sol_res', 'ide', '{ \"min\":1, \"max\":2, \"dat\":\"hol.sel_sol_res\" }'),
('hol', 'ton', 'dim', '{ \"min\":1, \"max\":4, \"dat\":\"hol.ton_dim\" }'),
('hol', 'ton', 'hum_art', '{ \"min\":1, \"max\":7, \"dat\":\"hol.ton_hum_art\" }'),
('hol', 'ton', 'hum_lad', '{ \"min\":1, \"max\":3, \"dat\":\"hol.ton_hum_lad\" }'),
('hol', 'ton', 'hum_sen', '{ \"min\":1, \"max\":7, \"dat\":\"hol.ton_hum_sen\" }'),
('hol', 'ton', 'ide', '{ \"min\":1, \"max\":13, \"dat\":\"hol.ton\" }'),
('hol', 'ton', 'mat', '{ \"min\":1, \"max\":5, \"dat\":\"hol.ton_mat\" }'),
('hol', 'ton', 'ond', '{ \"min\":1, \"max\":4, \"dat\":\"hol.ton_ond\" }'),
('hol', 'ton', 'ond_enc', '{ \"min\":0, \"max\":4, \"dat\":\"hol.ton_ond\" }'),
('hol', 'ton', 'sim', '{ \"min\":1, \"max\":7, \"dat\":\"hol.ton_sim\" }'),
('hol', 'ton_dim', 'ide', '{ \"min\":1, \"max\":4, \"dat\":\"hol.ton_dim\" }'),
('hol', 'ton_mat', 'ide', '{ \"min\":1, \"max\":5, \"dat\":\"hol.ton_mat\" }'),
('hol', 'ton_ond', 'ide', '{ \"min\":1, \"max\":4, \"dat\":\"hol.ton_ond\" }'),
('hol', 'ton_sim', 'ide', '{ \"min\":1, \"max\":7, \"dat\":\"hol.ton_sim\" }'),
('hol', 'ton_sim', 'inv', '{ min\":1, \"max\":13, \"dat\":\"hol.ton\" }');

-- --------------------------------------------------------

--
-- Estructura de tabla para la tabla `dat_est`
--

CREATE TABLE `dat_est` (
  `esq` varchar(7) COLLATE utf8mb4_spanish_ci NOT NULL COMMENT 'Aplicación',
  `ide` varchar(20) COLLATE utf8mb4_spanish_ci NOT NULL COMMENT 'Estructura',
  `ope` longtext CHARACTER SET utf8mb4 COLLATE utf8mb4_bin DEFAULT NULL COMMENT 'Valores' CHECK (json_valid(`ope`))
) ENGINE=InnoDB DEFAULT CHARSET=utf8mb4 COLLATE=utf8mb4_spanish_ci COMMENT='Operador de Estructura';

--
-- Volcado de datos para la tabla `dat_est`
--

INSERT INTO `dat_est` (`esq`, `ide`, `ope`) VALUES
('api', 'fec', '{\r\n      \r\n        \"est\": {\r\n          \"val\":\"fec\", \r\n          \"dia\":\"fec_dia\", \r\n          \"sem\":\"fec_sem\", \r\n          \"año\":\"fec_año\"\r\n        },\r\n        \r\n        \"ver\": [\r\n          \"dia\", \"sem\", \"mes\"\r\n        ],\r\n        \"num\": [\r\n          \"dia\", \"sem\", \"mes\"\r\n        ]\r\n        \r\n    }'),
('hol', 'cas', '{\n\n          \"ver\": [ \n            \"ide\", \"arm\" \n          ],    \n          \"ima\": [\n            \"arm\", \"ond\"\n          ],\n          \"col\": [\n            \"arm\", \"ond\", \"ton_arm\"\n          ],\n          \"num\": [ \n            \"ide\", \"arm\", \"ton_arm\" \n          ]\n      }'),
('hol', 'kin', '{        \r\n\r\n        \"est\": {\r\n          \"ide\":\"kin\",\r\n          \"arm_tra_dia\":\"sel\",\r\n          \"nav_ond_dia\":\"ton\",\r\n          \"nav_cas_dia\":\"cas\"\r\n        },\r\n        \"fic\": { \r\n          \"ide\":\"ide\", \"atr\":[ \"cro_ele\", \"arm_cel\", \"nav_ond\" ] \r\n        },\r\n\r\n        \"ver\": [ \r\n          \"pag\", \"ene\", \"ene_cam\", \"gen_enc\", \"gen_cel\", \"nav_cas\", \"nav_ond\", \"cro_est\", \"cro_ele\", \"arm_tra\", \"arm_cel\" \r\n        ],\r\n        \"col\": [\r\n          \"pag\", \"ene\", \"gen_enc\", \"gen_cel\", \"nav_cas\", \"nav_ond\", \"cro_est\", \"cro_ele\", \"arm_tra\", \"arm_cel\"\r\n        ],\r\n        \"ima\": [            \r\n          \"ide\", \"pag\", \"ene\", \"ene_cam\", \"chi\", \"par_ana\", \"par_gui\", \"par_ant\", \"par_ocu\", \r\n          \"nav_cas\", \"nav_ond\", \"nav_ond_dia\", \"arm_tra\", \"arm_cel\", \"arm_tra_dia\", \"cro_est\", \"cro_ele\"\r\n        ],\r\n        \"num\": [ \r\n          \"ide\", \"psi\", \"ene\", \"ene_cam\", \"gen_enc\", \"gen_enc_dia\", \"gen_cel\", \"gen_cel_dia\", \"nav_cas\", \"nav_cas_dia\", \"nav_ond\", \"nav_ond_dia\", \r\n          \"cro_est\", \"cro_est_dia\", \"cro_ele\", \"cro_ele_dia\", \"arm_tra\", \"arm_tra_dia\", \"arm_cel\", \"arm_cel_dia\"\r\n        ],\r\n        \"tex\": [\r\n          \"nom\",\"des\"\r\n        ]\r\n    }'),
('hol', 'lun', '{  \r\n\r\n        \"ver\": [ \r\n          \"ide\", \"arm\" \r\n        ],\r\n        \"ima\": [\r\n          \"arm\", \"rad\"\r\n        ],\r\n        \"col\": [\r\n          \"arm\", \"rad\"\r\n        ],\r\n        \"num\": [ \r\n          \"ide\", \"arm\" \r\n        ] \r\n    }'),
('hol', 'lun_arm', '{  \r\n\r\n        \"ima\": [\r\n          \"ide\"\r\n        ]\r\n    }'),
('hol', 'psi', '{\r\n\r\n        \"est\": {\r\n          \"ide\":\"psi\", \r\n          \"lun_dia\":\"lun\",\r\n          \"hep_dia\":\"rad\"\r\n        },\r\n        \"fic\": { \r\n          \"ide\":\"tzo\", \"atr\":[ \"est\", \"lun\", \"hep\" ]\r\n        },\r\n\r\n        \"ver\": [ \r\n          \"pag\", \"est\", \"lun\", \"vin\", \"hep\"\r\n        ],\r\n        \"ima\": [\r\n          \"tzo\", \"lun\", \"est\", \"hep\", \"hep_dia\"\r\n        ],\r\n        \"col\": [\r\n          \"est\", \"lun\", \"lun_dia\", \"hep\"\r\n        ],\r\n        \"num\": [ \r\n          \"ide\", \"fec\", \"tzo\", \"est\", \"est_dia\", \"lun\", \"lun_dia\", \"vin\", \"vin_dia\", \"hep\", \"hep_dia\", \"cro\", \"cro_dia\" \r\n        ]     \r\n    }'),
('hol', 'psi_lun', '{\r\n\r\n        \"ima\": [\r\n          \"ide\"\r\n        ]\r\n    }'),
('hol', 'rad', '{\r\n\r\n          \"ver\": [ \r\n            \"ide\", \"pla_qua\" \r\n          ],\r\n          \"ima\": [\r\n            \"ide\", \"hep\", \"tel_ora_año\", \"tel_ora_ani\", \"tel_ora_gen\", \"pla_fue_pre\", \"pla_fue_pos\", \"pla_qua\", \"hum_cha\"\r\n          ],\r\n          \"col\": [\r\n            \"hep\", \"pla_qua\"\r\n          ],\r\n          \"num\": [ \r\n            \"ide\", \"pla_qua\" \r\n          ]\r\n      }'),
('hol', 'rad_pla_ele', '{\r\n\r\n          \"ima\": [\r\n            \"ide\"\r\n          ]\r\n      }'),
('hol', 'rad_pla_fue', '{\r\n\r\n          \"ima\": [\r\n            \"ide\", \"ele_pre\", \"ele_pos\"\r\n          ]\r\n      }'),
('hol', 'rad_pla_qua', '{\r\n\r\n          \"ima\": [\r\n            \"ide\"\r\n          ]\r\n      }'),
('hol', 'sel', '{\r\n\r\n        \"ver\": [ \r\n          \"ide\", \"cic_luz\", \"cro_fam\", \"cro_ele\", \"arm_raz\", \"arm_cel\",\r\n          \"res_flu\", \"sol_pla\", \"sol_cel\", \"sol_cir\", \"pla_cen\", \"hum_ext\", \"hum_cen\", \"hum_ded\", \"hum_mer\" \r\n        ],\r\n        \"ima\": [\r\n          \"ide\", \"ord\", \"par_ana\", \"par_ant\", \"par_ocu\", \"cro_fam\", \"cro_ele\", \r\n          \"res_flu\", \"sol_pla\", \"sol_cel\", \"sol_cir\", \"pla_cen\", \"pla_hem\", \"pla_mer\", \"hum_res\", \"hum_mer\", \"hum_cen\", \"hum_ext\", \"hum_ded\"\r\n        ],\r\n        \"col\": [\r\n          \"ide\", \"ord\", \"par_ana\", \"par_ant\", \"par_ocu\", \"cic_ser\", \"cic_luz\", \"cro_fam\", \"cro_ele\", \"arm_raz\", \"arm_cel\",\r\n          \"res_flu\", \"sol_pla\", \"sol_cel\", \"sol_cir\", \"pla_cen\", \"pla_hem\", \"pla_mer\", \"hum_mer\"\r\n        ],\r\n        \"num\": [ \r\n          \"ide\", \"cod\", \"cic_ser\", \"cic_luz\", \r\n          \"cro_fam\", \"cro_ele\", \"arm_tra\", \"arm_raz\", \"arm_cel\", \"par_ana\", \"par_ant\", \"par_ocu\", \r\n          \"res_flu\", \"sol_pla\", \"sol_cel\", \"sol_cir\", \"pla_cen\", \"hum_ext\", \"hum_cen\", \"hum_ded\", \"hum_mer\"\r\n        ]\r\n    }'),
('hol', 'sel_arm_cel', '{\r\n          \"ima\": [ \"ide\" ]\r\n      }'),
('hol', 'sel_arm_raz', '{\r\n          \"ima\": [ \"ide\" ]\r\n      }'),
('hol', 'sel_cic_dir', '{\r\n          \"ima\": [ \"ide\" ]\r\n      }'),
('hol', 'sel_cic_men', '{\r\n          \"ima\": [ \"ide\", \"sel\" ]\r\n      }'),
('hol', 'sel_cod', '{\r\n        \"ima\": [\r\n          \"ide\", \"ord\", \"par_ana\", \"par_ant\", \"par_ocu\", \"cro_fam\", \"cro_ele\", \r\n          \"res_flu\", \"sol_pla\", \"sol_cel\", \"sol_cir\", \"pla_cen\", \"pla_hem\", \"pla_mer\", \"hum_res\", \"hum_mer\", \"hum_cen\", \"hum_ext\", \"hum_ded\"\r\n        ]\r\n    }'),
('hol', 'sel_cro_ele', '{\r\n          \"ima\": [ \"ide\", \"res_flu\", \"hum_ext\" ]\r\n      }'),
('hol', 'sel_cro_fam', '{\r\n          \"ima\": [ \"ide\", \"pla_cen\", \"hum_cen\", \"hum_ded\" ]\r\n      }'),
('hol', 'sel_hum_cen', '{\r\n          \"ima\": [ \"ide\", \"fam\" ]\r\n      }'),
('hol', 'sel_hum_ded', '{\r\n          \"ima\": [ \"ide\", \"fam\" ]\r\n      }'),
('hol', 'sel_hum_ext', '{\r\n          \"ima\": [ \"ide\", \"ele\" ]\r\n      }'),
('hol', 'sel_hum_mer', '{\r\n          \"ima\": [ \"ide\" ]\r\n      }'),
('hol', 'sel_hum_res', '{\r\n          \"ima\": [ \"ide\" ]\r\n      }'),
('hol', 'sel_par_ana', '{\r\n          \"ima\": [ \"ini\", \"fin\" ]\r\n      }'),
('hol', 'sel_par_ant', '{\r\n          \"ima\": [ \"ini\", \"fin\" ]\r\n      }'),
('hol', 'sel_par_ocu', '{\r\n          \"ima\": [ \"ini\", \"fin\" ]\r\n      }'),
('hol', 'sel_pla_cen', '{\r\n          \"ima\": [ \"ide\", \"fam\" ]\r\n      }'),
('hol', 'sel_pla_hem', '{\r\n          \"ima\": [ \"ide\" ]\r\n      }'),
('hol', 'sel_pla_mer', '{\r\n          \"ima\": [ \"ide\" ]\r\n      }'),
('hol', 'sel_pla_res', '{\r\n          \"ima\": [ \"ide\",\"hem\",\"fam\" ]\r\n      }'),
('hol', 'sel_sol_cel', '{\r\n          \"ima\": [ \"ide\" ]\r\n      }'),
('hol', 'sel_sol_cir', '{\r\n          \"ima\": [ \"ide\" ]\r\n      }'),
('hol', 'sel_sol_orb', '{\r\n          \"ima\": [ \"ide\" ]\r\n      }'),
('hol', 'sel_sol_pla', '{\r\n          \"ima\": [ \"ide\",\"orb\",\"cel\",\"cir\" ]\r\n      }'),
('hol', 'sel_sol_res', '{\r\n          \"ima\": [ \"ide\" ]\r\n      }'),
('hol', 'ton', '{\r\n\r\n        \"ver\": [ \r\n          \"ide\", \"ond\", \"dim\", \"mat\", \"sim\", \"hum_art\" \r\n        ],\r\n        \"ima\": [\r\n          \"ide\", \"ond\", \"dim\", \"mat\" \r\n        ],\r\n        \"col\": [\r\n          \"ide\", \"ond\", \"dim\", \"mat\", \"sim\", \"hum_art\", \"hum_lad\"\r\n        ],\r\n        \"num\": [ \r\n          \"ide\", \"ond\", \"dim\", \"mat\", \"sim\", \"hum_art\", \"hum_lad\" \r\n        ]\r\n    }'),
('hol', 'ton_dim', '{\r\n\r\n        \"ima\": [\r\n          \"ide\"\r\n        ]\r\n    }'),
('hol', 'ton_mat', '{\r\n\r\n        \"ima\": [\r\n          \"ide\"\r\n        ]\r\n    }'),
('hol', 'ton_ond', '{\r\n\r\n        \"ima\": [\r\n          \"ide\"\r\n        ]\r\n    }'),
('hol', 'ton_sim', '{\r\n    }');

-- --------------------------------------------------------

--
-- Estructura de tabla para la tabla `dat_val`
--

CREATE TABLE `dat_val` (
  `esq` varchar(7) COLLATE utf8mb4_spanish_ci NOT NULL COMMENT 'Aplicación',
  `est` varchar(20) COLLATE utf8mb4_spanish_ci NOT NULL COMMENT 'Estructura',
  `ope` longtext CHARACTER SET utf8mb4 COLLATE utf8mb4_bin DEFAULT NULL COMMENT 'Valores' CHECK (json_valid(`ope`))
) ENGINE=InnoDB DEFAULT CHARSET=utf8mb4 COLLATE=utf8mb4_spanish_ci COMMENT='Operador de Valores';

--
-- Volcado de datos para la tabla `dat_val`
--

INSERT INTO `dat_val` (`esq`, `est`, `ope`) VALUES
('api', 'fec', '{\r\n\r\n      \"est\": {\r\n        \"val\":\"fec\", \r\n        \"dia\":\"fec_dia\", \r\n        \"sem\":\"fec_sem\", \r\n        \"año\":\"fec_año\"\r\n      },\r\n\r\n      \"ver\": [\r\n        \"dia\", \"sem\", \"mes\"\r\n      ],\r\n\r\n      \"num\": [\r\n        \"dia\", \"sem\", \"mes\"\r\n      ]\r\n      \r\n  }'),
('hol', 'cas', '{\r\n        \"nom\": \"Posicion #()($)ide() de 52.\",\r\n        \"des\": \"Cuadrante #()($)arm() de 4; Tono Galáctico #()($)ton() de 13; Onda de la Aventura #()($)ond() de 4.\"\r\n    }'),
('hol', 'cas_arm', '{\r\n        \"nom\": \"Cuadrante #()($)ide() de 4\",\r\n        \"des\": \"Dirección: ()($)dir(); Poder: ()($)pod(); Color: ()($)col().\",\r\n        \"ima\": \"background: center/contain no-repeat url(http://localhost/_/hol/ima/cas/arm/()($)ide().png);\",\r\n        \"col\": 4\r\n    }'),
('hol', 'cas_ond', '{\r\n        \"nom\": \"Aventura de la Onda Encantada #()($)ide() de 4\",\r\n        \"des\": \"()($)des().\",\r\n        \"ima\": \"background: center/contain no-repeat url(http://localhost/_/hol/ima/cas/ond/()($)ide().png);\",\r\n        \"col\": 4\r\n    }'),
('hol', 'chi', '{ \r\n        \"nom\": \"\",\r\n        \"des\": \"\",\r\n        \"ima\": \"background: center/contain no-repeat url(http://localhost/_/hol/ima/chi/()($)ide().png);\"\r\n    }'),
('hol', 'chi_bin', '{ \r\n        \"nom\": \"\",\r\n        \"des\": \"\",\r\n        \"ima\": \"background: center/contain no-repeat url(http://localhost/_/hol/ima/chi/bin/()($)ide().png);\"\r\n    }'),
('hol', 'chi_mon', '{ \r\n        \"nom\": \"\",\r\n        \"des\": \"\",\r\n        \"ima\": \"background: center/contain no-repeat url(http://localhost/_/hol/ima/chi/mon/()($)ide().png);\"\r\n    }'),
('hol', 'chi_tri', '{ \r\n        \"nom\": \"\",\r\n        \"des\": \"\",\r\n        \"ima\": \"background: center/contain no-repeat url(http://localhost/_/hol/ima/chi/tri/()($)ide().png);\"\r\n    }'),
('hol', 'kin', '{\r\n          \"nom\": \"Kin #()($)ide() de 260: ()($)nom().\",\r\n          \"des\": \"()($)des().\",\r\n          \"ima\": \"background: top/50% no-repeat url(http://localhost/_/hol/ima/ton/()($)nav_ond_dia().png), bottom/60% no-repeat url(http://localhost/_/hol/ima/sel/()($)arm_tra_dia().png);\"\r\n      }'),
('hol', 'kin_arm_cel', '{ \r\n          \"nom\": \"Célula del Tiempo #()($)ide() de 65: ()($)nom().\", \r\n          \"des\": \"()($)des().\",\r\n          \"ima\": \"background: top/75% no-repeat url(http://localhost/_/hol/ima/ton/()($)ton().png), center/contain no-repeat url(http://localhost/_/hol/ima/sel/arm_cel/()($)cel().png);\",\r\n          \"col\": 5\r\n      }'),
('hol', 'kin_arm_tra', '{ \r\n          \"nom\": \"Trayectoria Armónica #()($)ide() de 13: ()($)nom().\",\r\n          \"des\": \"()($)ton_des() del Giro Galáctico.\",\r\n          \"ima\": \"background: top/75% no-repeat url(http://localhost/_/hol/ima/ton/()($)ide().png), center/contain no-repeat url(http://localhost/_/hol/ima/sel.png);\",\r\n          \"col\": 7\r\n      }'),
('hol', 'kin_cro_ele', '{ \r\n          \"nom\": \"Elemento Cromático #()($)ide() de 52: ()($)nom().\",\r\n          \"des\": \"()($)des(): ()($)cas_des().\",\r\n          \"ima\": \"background: bottom/75% no-repeat url(http://localhost/_/hol/ima/ton/()($)ton().png), center/contain no-repeat url(http://localhost/_/hol/ima/sel/cro_ele/()($)ele().png);\",\r\n          \"col\": 4\r\n      }'),
('hol', 'kin_cro_est', '{\r\n          \"nom\": \"Espectro Galáctico #()($)ide() de 4: ()($)col() del ()($)dir().\",\r\n          \"des\": \"Guardían ()($)may(): ()($)cer(), ()($)cer_des()\",\r\n          \"ima\": \"background: center/contain no-repeat url(http://localhost/_/hol/ima/cas/arm/()($)ide().png);\",\r\n          \"col\": 4\r\n      }'),
('hol', 'kin_ene', '{ \r\n          \"nom\": \"Grupo #()($)ide() de ()($)nom() ( ()($)gru() x ()($)gru_uni() = ()($)uni() unidades )\",\r\n          \"ima\": \"background: center/contain no-repeat url(http://localhost/_/hol/ima/kin/ene/()($)ide().png);\",\r\n          \"col\": 4\r\n      }'),
('hol', 'kin_ene_cam', '{ \r\n          \"nom\": \"Campo #()($)ide() de ()($)nom() unidades\",\r\n          \"ima\": \"background: center/contain no-repeat url(http://localhost/_/hol/ima/kin/ene_cam/()($)ide().png);\"\r\n      }'),
('hol', 'kin_gen_cel', '{ \r\n          \"nom\": \"Célula de la Memoria #()($)ide() de 5: ()($)nom().\",\r\n          \"des\": \"()($)des().\",\r\n          \"col\": 5\r\n      }'),
('hol', 'kin_gen_enc', '{ \r\n          \"nom\": \"()($)ide()° Génesis del Encantamiento del Sueño: ()($)nom().\",\r\n          \"des\": \"()($)des().\",\r\n          \"col\": 3\r\n      }'),
('hol', 'kin_nav_cas', '{ \r\n          \"nom\": \"Castillo #()($)ide() de 5: ()($)nom().\",\r\n          \"des\": \"()($)des().\",\r\n          \"ima\": \"background: center/contain no-repeat url(http://localhost/_/hol/ima/kin/nav_cas/()($)ide().png);\",\r\n          \"col\": 5\r\n      }'),
('hol', 'kin_nav_ond', '{ \r\n          \"nom\": \"Onda Encantada #()($)ide() de 20: ()($)nom().\",\r\n          \"des\": \"()($)enc_des().\", \r\n          \"ima\": \"background: center/contain no-repeat url(http://localhost/_/hol/ima/ton/arm/()($)cas_arm().png), center/contain no-repeat url(http://localhost/_/hol/ima/sel/()($)sel().png);\",\r\n          \"col\": 4\r\n      }'),
('hol', 'kin_pag', '{ \r\n          \"nom\": \"Estado ()($)nom()\",\r\n          \"ima\": \"background: center/contain no-repeat url(http://localhost/_/hol/ima/kin/pag/()($)ide().png);\",\r\n          \"col\": 1\r\n      }'),
('hol', 'lun', '{\r\n          \"nom\": \"()($)ide()° Día de 28.\",\r\n          \"des\": \"\"\r\n      }'),
('hol', 'lun_arm', '{ \r\n          \"nom\": \"Armonía lunar ()($)ide()\",\r\n          \"des\": \"()($)ide()\",\r\n          \"ima\": \"background: center/contain no-repeat url(http://localhost/_/hol/ima/rad.png), center/contain no-repeat url(http://localhost/_/hol/ima/arm/()($)ide().png);\",\r\n          \"col\": 4\r\n      }'),
('hol', 'psi', '{\r\n          \"nom\": \"PSI #()($)ide() de 365, correspondiente al ()($)fec().\",\r\n          \"des\": \"Psi-Cronos: ()($)tzo(). Estación Solar #()($)est() de 4, día ()($)est_dia(). Giro Lunar #()($)lun() de 13, día ()($)lun_dia() de 28. Héptada #()($)hep() de 52, día ()($)hep_dia() de 7.\",\r\n          \"ima\": \"background: top/50% no-repeat url(http://localhost/_/hol/ima/ton/()($)kin_ton().png), bottom/60% no-repeat url(http://localhost/_/hol/ima/sel/()($)kin_sel().png);\"\r\n      }'),
('hol', 'psi_cro', '{\r\n          \"nom\": \"Cromática Entonada #()($)ide() de 75.\",\r\n          \"des\": \"\"\r\n      }'),
('hol', 'psi_est', '{\r\n          \"nom\": \"Estación Solar #()($)ide() de 4: ()($)nom().\",\r\n          \"des\": \"()($)des() ( ()($)pol_sur() al sur, ()($)pol_nor() al norte )\",\r\n          \"ima\": \"background: center/contain no-repeat url(http://localhost/_/hol/ima/cas/arm/()($)ide().png);\",\r\n          \"col\": 4\r\n      }'),
('hol', 'psi_hep', '{\r\n          \"nom\": \"Heptada #()($)ide() de 52.\",\r\n          \"des\": \"()($)ton_des() del cuadrante ()($)arm_col() en el ()($)arm_dir().\",\r\n          \"ima\": \"background: center/contain no-repeat url(http://localhost/_/hol/ima/sel/cod/()($)ton().png), center/contain no-repeat url(http://localhost/_/hol/ima/rad.png), center/contain no-repeat url(http://localhost/_/hol/ima/arm/()($)ond().png);\",\r\n          \"col\": 4\r\n      }'),
('hol', 'psi_lun', '{\r\n          \"nom\": \"Luna #()($)ide() de 13: tono ()($)ton_nom().\",\r\n          \"des\": \"()($)des() del Giro Solar Anual; Totem ()($)tot(): ()($)tot_pro().\",\r\n          \"ima\": \"background: url(http://localhost/_/hol/ima/psi/lun/()($)ide().png) center/contain no-repeat;\",\r\n          \"col\": 7\r\n      }'),
('hol', 'psi_vin', '{\r\n          \"nom\": \"Vinal #()($)ide() de 19: ()($)nom().\",\r\n          \"des\": \"()($)des().\"\r\n      }'),
('hol', 'rad', '{ \r\n        \"nom\": \"Plasma #()($)ide() de 7: ()($)nom().\",\r\n        \"des\": \"()($)pla_pod() ()($)pla_fue().\\n\\\"()($)pla_lec()\\\"\",\r\n        \"ima\": \"background: center/contain no-repeat url(http://localhost/_/hol/ima/rad/()($)ide().png);\",\r\n        \"col\": 7\r\n    }'),
('hol', 'rad_hep', '{ \r\n        \"ima\": \"background: center/contain no-repeat url(http://localhost/_/hol/ima/rad/hep/()($)ide().png);\",\r\n        \"col\": 4\r\n    }'),
('hol', 'rad_hum_cha', '{\r\n        \"nom\": \"Chakra #()($)ide() de 7: ()($)nom().\",\r\n        \"ima\": \"background: center/contain no-repeat url(http://localhost/_/hol/ima/rad/hum_cha/()($)ide().png);\",\r\n        \"col\": 7\r\n    }'),
('hol', 'rad_hum_mud', '{ \r\n        \"nom\": \"Mudra #()($)ide() de 7: ()($)nom().\",\r\n        \"ima\": \"background: center/contain no-repeat url(http://localhost/_/hol/ima/rad/hum_mud/()($)ide().png);\"\r\n    }'),
('hol', 'rad_pla_car', '{ \r\n        \"nom\": \"Carga #()($)ide() de 2: ()($)nom().\",\r\n        \"ima\": \"background: center/contain no-repeat url(http://localhost/_/hol/ima/rad/pla_car/()($)ide().png);\"          \r\n    }'),
('hol', 'rad_pla_ele', '{ \r\n        \"nom\": \"Tipo de Electricidad Cósmica #()($)ide() de 6: ()($)nom().\",\r\n        \"ima\": \"background: center/contain no-repeat url(http://localhost/_/hol/ima/rad/pla_ele/()($)ide().png);\"          \r\n    }'),
('hol', 'rad_pla_fue', '{ \r\n        \"nom\": \"Línea de Fuerza #()($)ide() de 12: ()($)nom().\",\r\n        \"ima\": \"background: center/contain no-repeat url(http://localhost/_/hol/ima/rad/pla_fue/()($)ide().png);\"          \r\n    }'),
('hol', 'rad_pla_qua', '{ \r\n        \"nom\": \"Quantum #()($)ide() de 3: ()($)nom().\",\r\n        \"ima\": \"background: center/contain no-repeat url(http://localhost/_/hol/ima/rad/pla_qua/()($)ide().png);\",\r\n        \"col\": 3\r\n    }'),
('hol', 'sel', '{\r\n          \"nom\": \"Sello Solar #()($)ide(), ()($)arm().\",\r\n          \"des\": \"()($)car() ()($)des().\",\r\n          \"ima\": \"background: center/contain no-repeat url(http://localhost/_/hol/ima/sel/()($)ide().png);\",\r\n          \"col\": 4\r\n      }'),
('hol', 'sel_arm_cel', '{ \r\n            \"nom\": \"Célula del Tiempo #()($)ide() de 5: ()($)nom().\",\r\n            \"des\": \"Poder: ()($)pod(); Función: ()($)fun().\", \r\n            \"ima\": \"background: center/contain no-repeat url(http://localhost/_/hol/ima/sel/arm_cel/()($)ide().png);\",\r\n            \"col\": 5\r\n        }'),
('hol', 'sel_arm_raz', '{ \r\n            \"nom\": \"Raza Raiz Cósmica #()($)ide() de 4: ()($)nom().\",\r\n            \"des\": \"Poder: ()($)pod(); Dirección: ()($)dir(); Momento de Mayor Vibración: ()($)dia().\",\r\n            \"ima\": \"background: center/contain no-repeat url(http://localhost/_/hol/ima/sel/arm_raz/()($)ide().png);\",\r\n            \"col\": 4\r\n        }'),
('hol', 'sel_arm_tra', '{\r\n            \"ima\": \"background: center/contain no-repeat url(http://localhost/_/hol/ima/sel.png), center/contain no-repeat url(http://localhost/_/hol/ima/sel/()($)ide().png);\"\r\n        }'),
('hol', 'sel_cic_dir', '{\r\n            \"nom\": \"Ciclo Direccional #()($)ide() de 4: ()($)nom()\",\r\n            \"des\": \"()($)des().\", \r\n            \"ima\": \"background: center/contain no-repeat url(http://localhost/_/hol/ima/sel/cic_dir/()($)ide().png);\",\r\n            \"col\": 4\r\n        }'),
('hol', 'sel_cic_luz', '{ \r\n            \"nom\": \"Grupo Cíclico de la luz #()($)ide() de 5: ()($)nom().\",\r\n            \"des\": \"()($)des().\",\r\n            \"col\": 5\r\n        }'),
('hol', 'sel_cic_men', '{ \r\n            \"nom\": \"Etapa evolutiva de la mente #()($)ide() de 4: ()($)nom().\",\r\n            \"des\": \"()($)des().\",\r\n            \"col\": 4\r\n        }'),
('hol', 'sel_cic_ser', '{ \r\n            \"nom\": \"Desarrollo del ser #()($)ide() de 3: ()($)nom().\",\r\n            \"des\": \"()($)des().\",\r\n            \"col\": 3\r\n        }'),
('hol', 'sel_cod', '{ \r\n          \"nom\": \"Código #()($)cod()\",\r\n          \"des\": \"()($)car() ()($)des().\",\r\n          \"ima\": \"background: center/contain no-repeat url(http://localhost/_/hol/ima/sel/cod/()($)cod().png);\",\r\n          \"col\": 5\r\n      }'),
('hol', 'sel_cro_ele', '{ \r\n            \"nom\": \"Clan #()($)ide() de 4: ()($)nom() ()($)col().\",\r\n            \"des\": \"()($)des().\",\r\n            \"ima\": \"background: center/contain no-repeat url(http://localhost/_/hol/ima/sel/cro_ele/()($)ide().png);\",\r\n            \"col\": 4\r\n        }'),
('hol', 'sel_cro_fam', '{ \r\n            \"nom\": \"Familia Terrestre #()($)ide() de 5: ()($)nom().\",\r\n            \"des\": \"Función: ()($)pla(); Centro-G: ()($)hum(); Misión: ()($)des();\",\r\n            \"ima\": \"background: center/contain no-repeat url(http://localhost/_/hol/ima/sel/cro_fam/()($)ide().png);\",\r\n            \"col\": 5\r\n        }'),
('hol', 'sel_hum_cen', '{ \r\n            \"nom\": \"Centro Galáctico #()($)ide() de 5: ()($)nom().\",\r\n            \"ima\": \"background: center/contain no-repeat url(http://localhost/_/hol/ima/sel/hum_cen/()($)ide().png);\",\r\n            \"col\": 5\r\n        }'),
('hol', 'sel_hum_ded', '{ \r\n            \"nom\": \"Dedo #()($)ide() de 5: ()($)nom().\",\r\n            \"ima\": \"background: center/contain no-repeat url(http://localhost/_/hol/ima/sel/hum_ded/()($)ide().png);\",\r\n            \"col\": 5\r\n        }'),
('hol', 'sel_hum_ext', '{\r\n            \"nom\": \"Extremidad #()($)ide() de 4: ()($)nom().\",\r\n            \"ima\": \"background: center/contain no-repeat url(http://localhost/_/hol/ima/sel/hum_ext/()($)ide().png);\",\r\n            \"col\": 4\r\n        }'),
('hol', 'sel_hum_mer', '{ \r\n            \"nom\": \"Meridiano Orgánico #()($)ide() de 10: ()($)nom().\",\r\n            \"ima\": \"background: center/contain no-repeat url(http://localhost/_/hol/ima/sel/hum_mer/()($)ide().png);\",\r\n            \"col\": 10\r\n        }'),
('hol', 'sel_hum_res', '{ \r\n            \"nom\": \"()($)nom()\",\r\n            \"ima\": \"background: center/contain no-repeat url(http://localhost/_/hol/ima/sel/hum_res/()($)ide().png);\",\r\n            \"col\": 2\r\n        }'),
('hol', 'sel_pla_cen', '{\r\n            \"nom\": \"Centro Planetario #()($)ide() de 5: ()($)nom().\",\r\n            \"ima\": \"background: center/contain no-repeat url(http://localhost/_/hol/ima/sel/pla_cen/()($)ide().png);\",\r\n            \"col\": 5\r\n        }'),
('hol', 'sel_pla_hem', '{\r\n            \"nom\": \"Hemisferio #()($)ide() de 3: ()($)nom().\",\r\n            \"ima\": \"background: center/contain no-repeat url(http://localhost/_/hol/ima/sel/pla_hem/()($)ide().png);\",\r\n            \"col\": 3\r\n        }'),
('hol', 'sel_pla_mer', '{\r\n            \"nom\": \"Meridiano #()($)ide() de 2: ()($)nom().\",\r\n            \"ima\": \"background: center/contain no-repeat url(http://localhost/_/hol/ima/sel/pla_mer/()($)ide().png);\",\r\n            \"col\": 2\r\n        }'),
('hol', 'sel_pla_res', '{ \r\n            \"nom\": \"()($)nom()\",\r\n            \"ima\": \"background: center/contain no-repeat url(http://localhost/_/hol/ima/sel/pla_res/()($)ide().png);\",\r\n            \"col\": 2\r\n        }'),
('hol', 'sel_sol_cel', '{ \r\n            \"nom\": \"Célula Solar #()($)ide() de 5: ()($)nom().\",\r\n            \"ima\": \"background: center/contain no-repeat url(http://localhost/_/hol/ima/sel/sol_cel/()($)ide().png);\",\r\n            \"col\": 5\r\n        }'),
('hol', 'sel_sol_cir', '{ \r\n            \"nom\": \"Circuito de Telepatía #()($)ide() de 5: ()($)nom().\",\r\n            \"ima\": \"background: center/contain no-repeat url(http://localhost/_/hol/ima/sel/sol_cir/()($)ide().png);\",\r\n            \"col\": 5\r\n        }'),
('hol', 'sel_sol_orb', '{ \r\n            \"nom\": \"Grupo Orbital #()($)nom() de 2: ()($)nom().\",\r\n            \"ima\": \"background: center/contain no-repeat url(http://localhost/_/hol/ima/sel/sol_orb/()($)ide().png);\",\r\n            \"col\": 2\r\n        }'),
('hol', 'sel_sol_pla', '{ \r\n            \"nom\": \"Órbita Planetaria #()($)ide() de 10: ()($)nom().\",\r\n            \"ima\": \"background: center/contain no-repeat url(http://localhost/_/hol/ima/sel/sol_pla/()($)ide().png);\",\r\n            \"col\": 10\r\n        }'),
('hol', 'sel_sol_res', '{ \r\n            \"nom\": \"()($)nom()\",\r\n            \"ima\": \"background: center/contain no-repeat url(http://localhost/_/hol/ima/sel/sol_res/()($)ide().png);\",\r\n            \"col\": 2\r\n        }'),
('hol', 'ton', '{\r\n          \"nom\": \"Tono Galáctico #()($)ide() de 13: ()($)nom().\",\r\n          \"des\": \"()($)des() ()($)acc_lec().\",\r\n          \"ima\": \"background: center/contain no-repeat url(http://localhost/_/hol/ima/ton/()($)ide().png);\",\r\n          \"col\": 7\r\n      }'),
('hol', 'ton_dim', '{ \r\n          \"nom\": \"Pulsar Dimensional #()($)ide() de 4: ()($)nom().\",\r\n          \"des\": \"Campo de aplicación ()($)des().\", \r\n          \"ima\": \"background: center/contain no-repeat url(http://localhost/_/hol/ima/ton/dim/()($)ide().png);\",\r\n          \"col\": 4\r\n      }'),
('hol', 'ton_hum_art', '{\r\n          \"nom\": \"Articulación #()($)ide() de 7: ()($)nom().\",\r\n          \"ima\": \"background: center/contain no-repeat url(http://localhost/_/hol/ima/ton/hum_art/()($)ide().png);\",\r\n          \"col\": 7\r\n      }'),
('hol', 'ton_mat', '{ \r\n          \"nom\": \"Pulsar Matiz #()($)ide() de 5: ()($)nom().\",\r\n          \"des\": \"()($)des().\", \r\n          \"ima\": \"background: center/contain no-repeat url(http://localhost/_/hol/ima/ton/mat/()($)ide().png);\",\r\n          \"col\": 5\r\n      }'),
('hol', 'ton_ond', '{ \r\n          \"nom\": \"Aventura de la Onda Encantada #()($)ide() de 4: ()($)des().\",\r\n          \"ima\": \"background: center/contain no-repeat url(http://localhost/_/hol/ima/ton/ond/()($)ide().png);\",\r\n          \"col\": 4\r\n      }'),
('hol', 'ton_sim', '{ \r\n          \"nom\": \"Simetría Especular de tonos ()($)ide() y ()($)inv(): ()($)nom().\",\r\n          \"ima\": \"background: center/contain no-repeat url(http://localhost/_/hol/ima/ton/sim/()($)ide().png);\",\r\n          \"col\": 7\r\n      }');

-- --------------------------------------------------------

--
-- Estructura de tabla para la tabla `doc_art`
--

CREATE TABLE `doc_art` (
  `esq` char(3) NOT NULL COMMENT 'Aplicación',
  `cab` char(3) NOT NULL COMMENT 'Menú',
  `ide` varchar(15) NOT NULL COMMENT 'Identificador',
  `pos` smallint(5) UNSIGNED NOT NULL COMMENT 'Orden',
  `nom` varchar(50) NOT NULL COMMENT 'Nombre',
  `des` tinytext NOT NULL COMMENT 'Descripción',
  `nav` varchar(200) NOT NULL COMMENT 'Enlace'
) ENGINE=InnoDB DEFAULT CHARSET=utf8mb4 COMMENT='Artículo';

--
-- Volcado de datos para la tabla `doc_art`
--

INSERT INTO `doc_art` (`esq`, `cab`, `ide`, `pos`, `nom`, `des`, `nav`) VALUES
('hol', 'bib', 'arc', 1992, '1992 - La Sonda de Arcturus', '', 'hol/bib/arc'),
('hol', 'bib', 'asc', 1984, '1984 - La Tierra en Ascenso', '', 'hol/bib/asc'),
('hol', 'bib', 'ato', 1999, '1999 - El Átomo del Tiempo', '', 'hol/bib/ato'),
('hol', 'bib', 'cro', 2009, '2009 - El Sincronotrón', '', 'hol/bib/cro'),
('hol', 'bib', 'din', 1996, '1996 - Dinámicas del Tiempo', '', 'hol/bib/din'),
('hol', 'bib', 'enc', 1990, '1990 - El Encantamiento del Sueño', '', 'hol/bib/enc'),
('hol', 'bib', 'fac', 1987, '1987 - El Factor Maya', '', 'hol/bib/fac'),
('hol', 'bib', 'lun', 1991, '1991 - Las 13 lunas en Movimiento', '', 'hol/bib/lun'),
('hol', 'bib', 'rin', 1995, '1995 - El Proyecto Rinri', '', 'hol/bib/rin'),
('hol', 'bib', 'tab', 1997, '1997 - Las Tablas del Tiempo', '', 'hol/bib/tab'),
('hol', 'bib', 'tel', 1994, '1994 - El Telektonon', '', 'hol/bib/tel'),
('hol', 'bib', 'tie', 1993, '1993 - Un Tratado del Tiempo', '', 'hol/bib/tie'),
('hol', 'bib', 'tut', 1, 'Tutorial del Sincronario de 13 Lunas', '', 'hol/bib/tut'),
('hol', 'inf', 'dat', 1, 'Códigos y Cuentas', '', 'hol/inf/dat'),
('hol', 'inf', 'hum', 3, 'Firma Galáctica', '', 'hol/inf/hum'),
('hol', 'inf', 'val', 2, 'Ciclos del Tiempo', '', 'hol/inf/val'),
('hol', 'tab', 'kin-arm', 3, 'Las 13 Trayectorias del Giro Galáctico', '', 'hol/tab/kin-arm'),
('hol', 'tab', 'kin-cro', 4, 'Las 4 Estaciones del Giro Espectral', '', 'hol/tab/kin-cro'),
('hol', 'tab', 'kin-nav', 2, 'Los 5 Castillos de la Nave del Tiempo', '', 'hol/tab/kin-nav'),
('hol', 'tab', 'kin-tzo', 1, 'Los 260 kin del Tzolkin', '', 'hol/tab/kin-tzo'),
('hol', 'tab', 'psi-ban', 5, 'Los 365 días del Giro Solar', '', 'hol/tab/psi-ban'),
('hol', 'tab', 'psi-est', 6, 'Las 4 Estaciones del Anillo Solar', '', 'hol/tab/psi-est'),
('hol', 'tab', 'psi-lun', 7, 'Los 28 Días del Giro Lunar', '', 'hol/tab/psi-lun'),
('hol', 'tab', 'psi-tzo', 8, 'Las 2.080 unidades del Banco-Psi', '', 'hol/tab/psi-tzo'),
('hol', 'tut', 'dat', 2, 'Códigos y Cuentas', '', 'hol/tut/dat'),
('hol', 'tut', 'sin', 1, 'Sincronario de 13 Lunas', '', 'hol/tut/sin');

-- --------------------------------------------------------

--
-- Estructura de tabla para la tabla `doc_cab`
--

CREATE TABLE `doc_cab` (
  `esq` char(3) NOT NULL COMMENT 'Aplicación',
  `ide` char(3) NOT NULL COMMENT 'Identificador',
  `pos` smallint(6) NOT NULL COMMENT 'Posición',
  `nom` varchar(30) NOT NULL COMMENT 'Nombre',
  `nav` tinyint(1) DEFAULT NULL COMMENT '¿Navegador?',
  `ope` longtext CHARACTER SET utf8mb4 COLLATE utf8mb4_bin DEFAULT NULL COMMENT 'Operador' CHECK (json_valid(`ope`))
) ENGINE=InnoDB DEFAULT CHARSET=utf8mb4 COMMENT='Menú';

--
-- Volcado de datos para la tabla `doc_cab`
--

INSERT INTO `doc_cab` (`esq`, `ide`, `pos`, `nom`, `nav`, `ope`) VALUES
('hol', 'bib', 1, 'Bibliografía', 1, '{\r\n				\r\n				\"htm_ini\":[\r\n					{ \"eti\":\"h1\", \"htm\":\"\" }\r\n				]\r\n			}'),
('hol', 'inf', 4, 'Informes', 1, '{\r\n				\r\n				\"htm_ini\":[\r\n					{ \"eti\":\"h1\", \"htm\":\"\" }\r\n				]\r\n			}'),
('hol', 'tab', 3, 'Tableros', 1, '{\r\n\r\n				\"htm_ini\":[\r\n					{ \"eti\":\"h1\", \"htm\":\"\" }\r\n				]\r\n			}');

-- --------------------------------------------------------

--
-- Estructura de tabla para la tabla `doc_esq`
--

CREATE TABLE `doc_esq` (
  `ide` char(3) NOT NULL COMMENT 'Identificador',
  `pos` smallint(6) NOT NULL COMMENT 'Posición',
  `nom` varchar(30) NOT NULL COMMENT 'Nombre',
  `des` text DEFAULT NULL COMMENT 'Descripción',
  `ope` longtext CHARACTER SET utf8mb4 COLLATE utf8mb4_bin DEFAULT NULL COMMENT 'Operador' CHECK (json_valid(`ope`))
) ENGINE=InnoDB DEFAULT CHARSET=utf8mb4 COMMENT='Aplicación';

--
-- Volcado de datos para la tabla `doc_esq`
--

INSERT INTO `doc_esq` (`ide`, `pos`, `nom`, `des`, `ope`) VALUES
('hol', 1, 'Sincronario', '', NULL),
('usu', 2, 'Usuario', '', NULL);

-- --------------------------------------------------------

--
-- Estructura de tabla para la tabla `doc_ide`
--

CREATE TABLE `doc_ide` (
  `esq` varchar(7) NOT NULL COMMENT 'Esquema',
  `ide` varchar(7) NOT NULL COMMENT 'Artículo',
  `nom` varchar(50) NOT NULL COMMENT 'Palabra',
  `des` text NOT NULL COMMENT 'Definición'
) ENGINE=InnoDB DEFAULT CHARSET=utf8mb4 COMMENT='Glosario';

--
-- Volcado de datos para la tabla `doc_ide`
--

INSERT INTO `doc_ide` (`esq`, `ide`, `nom`, `des`) VALUES
('hol', 'enc', 'Alfa', 'En el código Solar-Galáctico 0-19, Plutón y Mercurio tienen el comienzo alfa y el final omega de la inspiración galáctica y expiración solar del aliento de Kinich Ahau.'),
('hol', 'enc', 'Año solar-galáctico', 'Ciclo de sincronización de 13 Lunas que va del 26 de julio del calendario gregoriano al 25 de julio del año siguiente.'),
('hol', 'enc', 'Armónica', 'El código de la célula del tiempo cooperando con las cuatro razas cósmicas raíz; cinco células del tiempo codificadas con cada uno de los trece tonos galácticos crean las 65 armónicas del Libro del Kin; en relación inversa a cada una de ellas, las 65 armónicas crean el código del Índice Armónico, las parejas ocultas y los cuartetos.'),
('hol', 'enc', 'Átomo del tiempo cromático', 'Estructura direccional de las cuatro constantes galácticas de color alrededor una quinta verde central; base de las cinco células del tiempo y los cinco castillos; estructurado como el Cubo de Color, base de todas las relaciones análogas, antípodas y ocultas del Génesis del Oráculo.'),
('hol', 'enc', 'Aventura', 'Cualquier acción emprendida por el Kin planetario para la Nave del Tiempo Tierra, formalizada y contada en la corte del Kin, idealmente en el tono cristal de cualquier Onda Encantada.'),
('hol', 'enc', 'Brújula Galáctica', 'Herramienta para convertir cualquier fecha tri-dimensional en el umbral cuatri-dimensional; un Efemérides Galáctico, un disco verde de fechas correlacionadas y cinco discos que se mueven.'),
('hol', 'enc', 'Calendario de 13 Lunas', 'Ciclo perpetuo de cuatro semanas y 28 días llamado una Luna; trece Lunas para un año solar, menos un día verde (25 de Julio); expresión completa de un módulo de sincronización de trece unidades para estabilizar las 13 lunaciones del planeta Tierra.'),
('hol', 'enc', 'Cambio de Polos 2000', 'Punto de inversión desde el tiempo tri-dimensional que va en el sentido del reloj al tiempo cuatri-dimensional que va en contra del sentido del reloj; agotamiento de todos los procesos históricos y materialistas comienzo de la prueba de conducción de la Nave del Tiempo Tierra 2013, abriendo los túneles del tiempo Tierra-Urano.'),
('hol', 'enc', 'Castillo', 'Estructura del tiempo cuatri-dimensional, cuatro Ondas Encantadas de 52 Kin: base estructural de la Nave Tiempo Tierra 2013.'),
('hol', 'enc', 'Castillo del Destino', 'Cuatro Ondas Encantadas codificadas por el color, la estructura del tiempo galáctico de 52 Kin, la base para trazar varias equivalencias del Kin, incluyendo el sendero del destino de la vida de 52 años, el año de 52 semanas, etc...'),
('hol', 'enc', 'Célula de memoria del génesis', 'Una de las cinco series de dos pares antípodas; en el Oráculo, base de la reconstrucción de los 26.000 años del Encantamiento del Sueño de la Nave del Tiempo Tierra 2013.'),
('hol', 'enc', 'Célula del tiempo', 'Una de las cinco unidades creadas por el poder de la quinta fuerza codificando las cuatro razas cósmicas raíz; base de auto-circulación de la Nave del Tiempo; combinada con los trece tonos galácticos crea la base de las 65 armónicas del Índice Armónico y el Libro del Kin.'),
('hol', 'enc', 'Célula solar', 'Una de las cinco series que consisten en dos pares de parejas  planetarias; las cinco células solares juntas regulan la inhalación galáctica y la exhalación solar autocirculantes del tiempo galáctico; interrumpida durante “las Guerras del tiempo”, la reparación de la célula de transbordo intermedio es esencial para poder entonar el quinto acorde galáctico de Kinich Ahau en el 2013 d.C.'),
('hol', 'enc', 'Clan', 'Equipo de colonización galáctica primordial basado en uno de los cuatro elementos galácticos y correspondiendo a uno de los cuatro cromáticos; clan del fuego amarillo, clan de la sangre roja, clan de la verdad blanca, clan del cielo azul.'),
('hol', 'enc', 'Código del Encantamiento', 'Descripción en tres palabras del sello solar encontrado al dorso de las fichas de los sellos solares.'),
('hol', 'enc', 'Código punto-raya', 'Base del sistema de anotación galáctica donde las unidades de 1 a 4 son representadas por un número correspondiente de puntos y cinco (o los múltiplos de cinco) por una raya; 1-5 = código cromático, 1-13 = trece tonos galácticos de la Onda Encantada; 0-19 = sistema de anotación completa de 20 números de la matriz radial; 1-20 = números código de los 20 sellos solares, en donde el cero es igual a 20 o a 0.'),
('hol', 'enc', 'Código solar-galáctico 0-19', 'Circulación de información galáctica desde y hacia el Sol a través de diez órbitas planetarias; cada órbita planetaria lleva un número codificado de inhalación (galáctica) y exhalación solar asociado con dos de los 20 sellos solares; la suma de los números codificados emparejados es siempre diecinueve; los pares forman Kin análogos.'),
('hol', 'enc', 'Convergencia Armónica', 'El 16 y 17 de Agosto de 1987, umbral galáctico 3 Águila y 4 Guerrero, marcando el punto en donde comienza la inversión del Encantamiento del Sueño de la Historia; inicio de los 26 años de cuenta atrás de la Nave del Tiempo Tierra.'),
('hol', 'enc', 'Corte del Kin', 'Cualquier reunión del Kin planetario convocada con el propósito de determinar y escuchar relatos de las aventuras; tiene lugar en el duodécimo Kin (cristal) de cualquier Onda Encantada.'),
('hol', 'enc', 'Crédito de tiempo', 'Reserva de provisión almacenada de relaciones cuatri- dimensionales traducida en bases tridimensionales de crédito personal del Kin; a ser determinado creativa y equitativamente por el Kin planetario en la corte del Kin.'),
('hol', 'enc', 'Cromático', 'Cualidad del tiempo cuatri-dimensional como un Génesis que vuelve a circular continuamente; la secuencia de cinco Kin donde el primero y el quinto kin son del mismo color; dinamismo de las cuatro constantes de los colores que evocan y son movidos por el quinto matiz.'),
('hol', 'enc', 'Cuarto oculto', 'En el Índice Armónico cualquier par igualado de Kin ocultos, la suma de cuyos tonos galácticos es siempre 28; base del “telar de las trece Luna”, 52 portales de activación galácticos; base del sistema de crédito del Kin.'),
('hol', 'enc', 'Cuatro razas cósmicas raíz', 'Rojo, blanco, azul y amarillo son las familias de color formadas por las 20 tribus solares de la Nave del Tiempo Tierra 2013 con el propósito de unirse como la Nación del Arco Iris después del Giro del Tiempo.'),
('hol', 'enc', 'Cubo de color', 'Estructura geométrica de seis lados que demuestra las seis relaciones base de colores; caja para guardar las 20 fichas de los sellos solares.'),
('hol', 'enc', 'Descifrador del código del Encantamiento del Sueño', 'jugador del Encantamiento del Sueño con habilidad para leer el oráculo y seguir la huella diaria.'),
('hol', 'enc', 'Día verde', 'Siempre corresponde a la fecha 25 de julio del calendario Gregoriano, para que el año solar-galáctico sincronice con el ciclo de 52 años; independientemente de las 13 Lunas, el día verde es conocido como el día de la libertad galáctica.'),
('hol', 'enc', 'Efemérides galácticas', 'los 52 umbrales galácticos para el 26 de julio (situado en el lado blanco de la Brújula Galáctica) que correlaciona el año solar de acuerdo con el ciclo galáctico de 52 años. Cinco series de estos ciclos galácticos de 52 años crean la Era de Transformación desde 1734 a.C. hasta el 2013 d. C.'),
('hol', 'enc', 'Ego', 'El equivalente tri-dimensional holón cuatri-dimensional; activa y anima el traje espacial tri-dimensional; también conocido como la personalidad.'),
('hol', 'enc', 'Elemento galáctico', 'El fuego amarillo, la sangre roja, la verdad blanca, y el celo azul,- la base de las cuatro estaciones galácticas y las cuatro cromáticas.'),
('hol', 'enc', 'Encantamiento del Sueño', 'Función de la regulación planetaria solar-galáctica quinto-dimensional; 26.000 años de ciclos renovables del Génesis de castillos; cualquier realidad en consenso; pasando por alto la realidad interdimensional crea el encantamiento entrópico de la historia; cura para la pérdida de memoria galáctica.'),
('hol', 'enc', 'Encantamiento del Sueño de la Historia', 'Proporción 12:60 superpuesta creando exclusivamente el mundo tri-dimensional o la distorsión del tiempo; coincidente con el génesis de la Luna  de  los  5.200  años  del  castillo  del  encantar, -3187 años del Encantamiento del Sueño.'),
('hol', 'enc', 'Equivalencia de proporción', 'Diferentes valores otorgados al Kin; también conocido como la equivalencia del Kin.'),
('hol', 'enc', 'Equivalencia del Kin', 'Diferentes valores acordados al Kin como unidad de medida; equivalencia de proporción.'),
('hol', 'enc', 'Era de Transformación', 'Los últimos 260 años de los 26.000 años del Encantamiento del Sueño universal, de 1754 al 2013 d.C., basse del Efemérides Galáctico que se encuentra al dorso de la Brújula Galáctica.'),
('hol', 'enc', 'Escudo galáctico', 'Emblema de la quinta fuerza galáctica que expresa el principio de diseño del despliegue cromático.'),
('hol', 'enc', 'Estación galáctica', 'Espectro de 65 Kin, un cuarto de giro espectral codificado por los cuatro Kin polares: Serpiente roja, Perro blanco, Águila azul y sol amarillo.'),
('hol', 'enc', 'Familias Terrestres', 'Una de las cinco series de sellos de cuatro colores codificados; combinados con los trece tonos galácticos, codifican los cumpleaños solares de acuerdo con los 52 años del Castillo del Destino; código horizontal del Holón del Planeta.'),
('hol', 'enc', 'Ficha del sello solar', 'Uno de los 20 cuadrados impresos en ambos lados con información sobre las 20 tribus solares para utilizar en la colocación del Tablero del Oráculo, lecturas del Oráculo del Destino y las Ondas Encantadas; en el anverso está impreso el icono solar, al dorso el número del código y el código del encantamiento.'),
('hol', 'enc', 'Firma galáctica', 'Nombre adoptado como Kin planetario tomado del título del umbral galáctico correspondiente a la fecha de nacimiento como está registrado en el Libro del Kin.'),
('hol', 'enc', 'Génesis', 'Cualquier punto de origen, un nuevo comienzo: en el Encantamiento del Sueño, el Génesis ocurre en tres puntos diferentes: el Dragón magnético, el Mono magnético, y la Luna magnética, recapitulando la proporción de involución 53:3:2.'),
('hol', 'enc', 'Giro del Tiempo', 'el 26 de Julio de 1992, umbral galáctico 13 Tormenta; punto de implementación del Calendario de 13 Lunas y el despertar de la Nación del Arco Iris para el bien de la Nave del Tiempo Tierra 2013.'),
('hol', 'enc', 'Giro espectral', 'Castillo del tiempo de 52 cromáticas en donde cada Onda encantada es una estación galáctica de 65 Kin (trece cromáticas); las estaciones están codificadas por el color de la familia Terrestre Polar: estación de la Serpiente roja del Este, estación del Perro blanco del Norte, estación del Águila azul del Oeste y la estación del Sol amarillo del Sur; el propósito de los giros espectrales es entrelazar los giros galácticos con armónicas superiores de la quinta fuerza.'),
('hol', 'enc', 'Holón', 'Estructura del universo cuatri-dimensional; el cuerpo cuatri-dimensional de cualquier forma en evolución; equivalente cuatri- dimensional del ego Humano tri-dimensional, llamado holón Humano.'),
('hol', 'enc', 'Holón del Planeta', 'La Tierra cuatri-dimensional como un icosaedro (figura geométrica de 20 lados) codificado por las 20 tribus solares; estructura de la Nave del Tiempo Tierra 2013.'),
('hol', 'enc', 'Holón Humano', 'La quinta fuerza, la codificación de las 20 tribus solares que conecta el cuerpo cuatri-dimensional con el traje espacial tri-dimensional.'),
('hol', 'enc', 'Índice Armónico', 'Índice completo de 260 Kin ordenados de acuerdo a cinco células del tiempo y trece trayectorias armónicas; muestra las 65 armónicas de acuerdo con sus pares inversos: utilizado para verificar todas las maniobras de la Brújula y para establecer todas las parejas ocultas y cuartetos y Kin antípodas.'),
('hol', 'enc', 'Kin', 'Pariente, afín, relacionado, igual, Sol y día (en Maya). Cada espacio capaz de tomar diferentes dimensiones en el tiempo afines a los otros restantes 260 Kin. Unidad galáctica de medir, la base de proporciones y las relaciones; un día; uno de las trece unidades de las Ondas Encantadas; cualquier Humano, cualquier umbral galáctico.'),
('hol', 'enc', 'Kin análogo', 'Relación de color rojo/blanco, azul/amarillo; cualesquier, dos sellos solares cuyos números código suman diecinueve y que son parejas planetarias.'),
('hol', 'enc', 'Kin antípoda', 'Puntos polares opuestos, relación color rojo/azul, blanco/amarillo, cualesquiera dos sellos solares de colores opuestos dentro de la misma familia Terrestre cuyos números código están separados por diez; en el giro galáctico, cualesquiera dos sellos solares de la misma familia Terrestre, de color opuesto y que tienen el mismo tono galáctico y están separados por 130 Kin o diez Ondas Encantadas.'),
('hol', 'enc', 'Kin correlativo', 'Diecinueve constantes de fechas del disco verde de la Brújula Galáctica para convertir el tiempo de tri a cuatri-dimensional; cualquier umbral galáctico correspondiendo a una de estas diecinueve fechas.'),
('hol', 'enc', 'Kin oculto', 'Relación de color azul/blanco, rojo/amarillo; cualesquiera dos sellos solares cuyos números códigos siempre suman 21; en el Oráculo, lo oculto, el elemento inesperado; en el Índice Armónico; los Kin ocultos son cualesquiera dos Kin siguiendo la simetría inversa de las leyes de color ocultas y cuyos tonos galácticos siempre suman catorce.'),
('hol', 'enc', 'Kin planetario', 'Humano identificado con el umbral galáctico de la fecha de nacimiento; adopta la firma galáctica y vuelve a entrar en la Nave del Tiempo como un activador del holón.'),
('hol', 'enc', 'Kinich Ahau', 'Sistema estelar con diez 6rbitas planetarias localizadas en una zona galáctica experimental, foco de colonización de la quinta fuerza galáctica; contiene el potencial para crear el quinto acorde armónico galáctico interdimensional que será entonado en el 2013 d.C.'),
('hol', 'enc', 'Ley de la Quinta armónica', 'En la secuencia de las cuatro constantes de color, el retorno al primer color lleva la quinta armónica y crea una cromática; la ley que determina la codificación de las Familias Terrestres en Ondas Encantadas; base de los púlsares matiz: un punto, tonos 1-6-11, dos puntos, tonos 2-7-12, tres puntos, tonos 3-8-13, cuatro puntos, tonos 4 y 9 y una raya, tonos 5 y 10.'),
('hol', 'enc', 'Ley de la Simetría inversa', 'Principio de la relación radial donde puntos opuestos hacen Espejo unos a otros y el movimiento siempre cruza el centro, también conocido  como  el  principio  de  la  matriz  radial; base del Índice Armónico, código 0-19, y todas las relaciones ocultas donde la unidad de en medio no tiene ni igual ni Espejo, también conocida como la Ley de la Simetría Oculta.'),
('hol', 'enc', 'Magia del tiempo transposicional', 'Habilidad de cambiar posiciones en el tiempo; base de las equivalencias del Kin; base del vuelo mágico y del viaje en el tiempo.'),
('hol', 'enc', 'Maldek', 'Nombre del quinto planeta del sistema Kinich Ahau destruido en las “guerras del tiempo” y conocido como el Cinturón de Asteroides.'),
('hol', 'enc', 'Matriz radial', 'Estructura y patrón del tiempo cuatri-dimensional; base de sincronía; patrón de pares análogos en el código 0-19; estructura subyacente del índice Armónico.'),
('hol', 'enc', 'Mesa redonda', 'Reunión de los Kin planetarios convocados en la corte del Kin; en cualquier Onda Encantada, la cámara de cristal, el tono galáctico 12; lugar de completa igualdad de los Kin planetarios.'),
('hol', 'enc', 'Nación del Arco Iris', 'Las cuatro razas cósmicas raíz despertadas con el propósito de lanzar la Nave del Tiempo Tierra 2013; los jugadores del Encantamiento del Sueño que toman  el mandato planetario después del Giro del Tiempo, el 26 de Julio de 1992.'),
('hol', 'enc', 'Nave del Tiempo Tierra 2013', 'Vehículo de transporte interdimensional; giro de 26.000 años consistiendo en cinco Castillos codificados por 20 Ondas Encantadas y 260 umbrales galácticos con el propósito de estabilizar el planeta Tierra y el sistema estelar Kinich Ahau.'),
('hol', 'enc', 'Número de código', 'Anotación galáctica del punto y la raya, 0-19, que se encuentra en la parte de atrás de las fichas de los sellos solares y en el Tablero del Oráculo.'),
('hol', 'enc', 'Omega', 'En el código Solar-Galáctico 0-19, Plutón y Mercurio tienen el comienzo alfa y el final omega de la inspiración galáctica y expiración solar del aliento de Kinich Ahau.'),
('hol', 'enc', 'Onda Encantada', 'Plantilla del tiempo y módulo de sincronización basado en trece tonos galácticos.'),
('hol', 'enc', 'Onda Encantada de 26 años', 'Los últimos 26 años del Encantamiento del Sueño universal de 26.000 años, 1987-2013; organizado como un programa de inversión de la historia de cinco años, campaña de limpieza de ocho años y prueba de conducción de trece años de la Nave del Tiempo Tierra; recapitulan la proporción de evolución 5.8::813.'),
('hol', 'enc', 'Oráculo del Destino', '20 patrones base abriendo los 100 códigos de memoria con el propósito de despertar las cuatro razas cósmicas raíz y las 20 tribus solares de la Nación del Arco Iris.'),
('hol', 'enc', 'Oráculo del Encantamiento del Sueño', '100 patrones del destino como base de la recuperación de la memoria del Génesis galáctico y del papel que juega el Kin planetario para alcanzar la meta del lanzamiento de la Nave del Tiempo Tierra 2013.'),
('hol', 'enc', 'Parejas planetarias', 'Sellos solares emparejados de acuerdo al planeta; suma de los sellos emparejados cuyos números código es siempre 19; lo mismo que las parejas o pares de color análogo rojo/blanco, azul/amarillo.'),
('hol', 'enc', 'Patrón base del destino', 'Uno de los 20 mandalas de 5 partes, (correspondiendo a las 20 tribus solares) encontrados en el Tablero del Oráculo.'),
('hol', 'enc', 'Polaridad radial', 'Principio de simetría inversa que gobierna las relaciones del Kin antípoda en el Tablero de Viaje y del Kin oculto en el Índice Armónico.'),
('hol', 'enc', 'Portales de activación galácticos', 'Umbrales a la conciencia galáctica; los 52 umbrales galácticos en trece series de pares de Kin ocultos llamados cuartetos; la suma de los tonos de los 13 cuartetos es 364, o trece Lunas; como el patrón en el Índice Armónico que se conoce como el Telar de las trece Lunas.'),
('hol', 'enc', 'Pórtico Magnético', 'Primer tono de cualquier Onda Encantada.'),
('hol', 'enc', 'Proporción', 'Razón de relaciones que pueden ser extendidas o expandidas en escala donde la proporción se mantiene constante; en el tiempo cuatri-dimensional siempre está gobernado por el principio de matriz radial.'),
('hol', 'enc', 'Proporción 12:60', 'Año de doce meses, hora de 60 minutos del Encantamiento del Sueño de la Historia tridimensional; proporción que Júpiter-Saturno impusieron a la realidad tri-dimensional en la Tierra.'),
('hol', 'enc', 'Proporción 13:260', '20 Ondas Encantadas de trece tonos creando la proporción de la despertada Nave del Tiempo Tierra; revelado a través de la Brújula Galáctica y el Libro del Kin con puntos de acceso universal a los 260 umbrales galácticos del tiempo cuatri-dimensional.'),
('hol', 'enc', 'Proporción 20:13', 'Proporción de operación base en la Nave del Tiempo Tierra; 20 tribus solares siguiendo trece Lunas; 20 sellos solares en la proporción de los trece tonos de la Onda Encantada.'),
('hol', 'enc', 'Provisión acumulada', 'Créditos de tiempo del holón acumulados durante el Encantamiento del Sueño de la Historia a disposición de los Humanos que se identifiquen como Kin planetarios; para ser descubiertos y utilizados al desarrollar la habilidad de recuperar la memoria del Tablero del Oráculo y el juego de roles del Encantamiento del Sueño.'),
('hol', 'enc', 'Púlsar', 'Geometría del tiempo de la Onda Encantada creado por las cuatro constantes de color, creando los cuatro pulsares: la interacción de cuatro pulsares recapitula las cuatro dimensiones - el pulsar del tiempo como la cuarta dimensión, el pulsar de la vida como la primera dimensión, el pulsar de los sentidos como la segunda dimensión y el pulsar de la mente como tercera dimensión.'),
('hol', 'enc', 'Quinta fuerza', 'Factor cromático cuatro mas uno de la circulación del tiempo galáctico; principio de la matriz radial; representado como el Escudo Galáctico en la parte exterior del Tablero de Viaje; el poder organizador quinto dimensional, también conocido como fuerza-g.'),
('hol', 'enc', 'Quinto acorde galáctico', 'Resonancia armónica de un sistema estelar con el orden galáctico de la quinta fuerza; significa la obtención de la vida universal; próxima entonación que ocurrirá en el 2013 d.C.'),
('hol', 'enc', 'Razas cósmicas raíz', 'Génesis cuatri-dimensional de las razas humanas de acuerdo con el código de color: rojo, blanco, azul, amarillo; base de la rotación de las células del tiempo de las 20 tribus solares; el destino realizado como la Nación del Arco Iris de la Nave del Tiempo Tierra 2013.'),
('hol', 'enc', 'Sello solar', 'Impresión icónica de una de las 20 tribus solares.'),
('hol', 'enc', 'Sistema de crédito del Kin', 'Códigos escondidos dentro del Índice Armónico basado en cuartetos ocultos, créditos basados en armónicas de tonos galácticos construidos a través de la habilidad en descodificar los umbrales galáctico, leer los oráculos del destino y juego de roles del Encantamiento del Sueño.'),
('hol', 'enc', 'Tablero de Viaje', 'Los cinco castillos de la Nave del Tiempo Tierra que crea las 20 Ondas Encantadas del giro galáctico de 260 Kin, donde el Castillo rojo está a la derecha, el Castillo blanco arriba, el Castillo azul a la izquierda, el Castillo amarillo abajo, y el Castillo verde en el centro; la disposición de las cuatro Ondas Encantadas para cada Castillo sigue un patrón en contra del sentido del reloj, donde la Onda Encantada roja está a la derecha, la Onda Encantada blanca arriba, la Onda Encantada azul a la izquierda y la Onda Encantada amarilla abajo.'),
('hol', 'enc', 'Tablero del Oráculo', 'Disposición de los 20 patrones base del destino de acuerdo a las cinco células del tiempo, dónde la célula del tiempo de entrada está a la derecha, la célula del tiempo de almacén está arriba, la célula del tiempo del proceso a la izquierda, la célula del tiempo de salida abajo y la célula del tiempo de la matriz en el centro. La disposición de cada célula del tiempo sigue un patrón en contra del sentido del reloj de las constantes de color con rojo en la esquina superior a la derecha, blanco superior izquierda, azul en la inferior izquierda y amarillo en la inferior derecha.'),
('hol', 'enc', 'Tono galáctico', 'Los trece poderes de la creación; siempre en relación uno con otro, los trece tonos galácticos crean una Onda Encantada.'),
('hol', 'enc', 'Transduce', 'Función de un transductor o convertidor. Capacidad de tomar una forma de energía o información y cambiarla en otra; el agente de transducción en el ser Humano es el corazón; en el holón del planeta, el núcleo de la Tierra.'),
('hol', 'enc', 'Transponer', 'Habilidad de cambiar el valor posicional de los elementos clave; ejemplo: los sellos solares colocados como armónicos cambiados en sellos solares colocados como cromáticas.'),
('hol', 'enc', 'Trayectoria armónica', '20 Sellos Solares en la rotación de las cinco células del tiempo desde el Dragón rojo al Sol amarillo; combinados con los trece tonos galácticos crean las trece trayectorias armónicas del Índice Armónico; sigue la Ley de Simetría Inversa estableciendo las seis series de trayectorias Espejo; 1 y 13, 2 y 12, 3 y 11, 4 y 10, 5 y 9, 6 y 8, mientras que la trayectoria 7 no tiene ningún Espejo.'),
('hol', 'enc', 'Tribu Solar', '20 agrupaciones de colonizadores galácticos generados por el principio cromático de la quinta fuerza moviéndose a través de los cuatro clanes; también conocido como las 20 tribus del tiempo cuyo propósito es estabilizar las diez alas orbitales de Kinich Ahau.'),
('hol', 'enc', 'Túnel del tiempo', 'Eje de la Tierra-Urano pasando a través de los polos de la Tierra al núcleo central; fuente de almacenamiento de la información solar-planetaria, guardada y minada por la Familia Terrestre central; base del cambio de polos 2000; punto de reparación crítica en la célula solar de transbordo intermedio.'),
('hol', 'enc', 'Umbral galáctico', 'En la Brújula Galáctica, la combinación de uno de los trece tonos galácticos y los 20 sellos solares, 260 en total; lo mismo que el giro galáctico de los 260 Kin y los 260 mandatos de sincronización del Libro del Kin.'),
('hol', 'enc', 'Viajar en el tiempo', 'Habilidad del holón para localizar, recuperar, y divulgar información de acuerdo con las necesidades actuales y representado por el ego tri-dimensional; base del poder del vuelo mágico.'),
('hol', 'enc', 'Vuelo mágico', 'Capacidad de conectar Ondas Encantadas, Castillos, giros espectrales y Encantamientos del Sueño; espacio creativamente conectado entre los pórticos cósmicos y magnéticos de dos Ondas Encantadas.'),
('hol', 'enc_cod', '1 Armónica', '= 1 célula del tiempo de 4 Kin codificados por 4 tonos galácticos'),
('hol', 'enc_cod', '1 Célula del Tiempo', '= 4 sellos solares codificados por el color en sucesión diaria: rojo, blanco, azul y amarillo'),
('hol', 'enc_cod', '1 Cromática', '= 5 Kin'),
('hol', 'enc_cod', '1 estación galáctica', '= 13 cromáticas = 65 Kin'),
('hol', 'enc_cod', '1 giro espectral', '= 4 estaciones galácticas = 52 cromáticas = 260 Kin'),
('hol', 'enc_cod', '1 Kin', '= 1 unidad que puede acomodarse a cualquier equivalencia'),
('hol', 'enc_cod', '1 Luna', '= 28 Kin'),
('hol', 'enc_cod', '1 Onda Encantada', '= 13 Kin codificados por los 13 tonos galácticos'),
('hol', 'enc_cod', '1 semana', '= 7 Kin = 1/4 de Luna'),
('hol', 'enc_cod', '13 armónicas', '= 1 castillo'),
('hol', 'enc_cod', '13 lunas', '= 364 Kin'),
('hol', 'enc_cod', '13 lunas + 1 día verde', '= 365 Kin = 1 año solar'),
('hol', 'enc_cod', '13 semanas', '= 1/4 de año solar'),
('hol', 'enc_cod', '13 Trayectorias armónicas', '= 1 giro galáctico de 260 Kin'),
('hol', 'enc_cod', '20 Ondas Encantadas', '= 1 giro galáctico de 260 Kin'),
('hol', 'enc_cod', '36,5 giros galácticos', '= 26 años solares = 9.490 Kin'),
('hol', 'enc_cod', '4 Ondas Encantadas', '= 1 Castillo = 52 Kin'),
('hol', 'enc_cod', '4 semanas', '= 1 Luna = 28 Kin'),
('hol', 'enc_cod', '5 Castillos', '= 1 giro galáctico de 260 Kin'),
('hol', 'enc_cod', '5 Células del tiempo', '= 1 trayectoria armónica = 20 sellos solares, en la sucesión Dragón - Sol = 20 Kin'),
('hol', 'enc_cod', '52 años solares', '= 73 giros galácticos = 18.980 Kin'),
('hol', 'enc_cod', '52 semanas', '= 364 Kin = 1 año solar menos 1 día'),
('hol', 'enc_cod', '65 Armónicas', '= 1 giro galáctico de 260 Kin'),
('hol', 'enc_cod', '7 giros galácticos', '= 1.820 Kin = 1 holkin = 5 años solares menos 5 días'),
('hol', 'enc_nav', '20 SELLOS SOLARES', 'Código cromático de punto y raya de cinco combinado con los cuatro colores de código primario crean 20 frecuencias solares, cada una definida como un sello icono; no variable en secuencia, ciclo de 20 kin de cinco células del tiempo combinan con trece gamas de frecuencia para crear un giro galáctico. '),
('hol', 'enc_nav', 'ARMÓNICA', 'Célula de tiempo de 4 kin codificada por una de las trece frecuencias galácticas; 13 armónicas por fractal-g, 5 fractales-g = 65 armónicas por giro galáctico.'),
('hol', 'enc_nav', 'ARTE PLANETARIO', 'Kin humano galácticamente unido, interactuando de acuerdo a la red de frecuencia del holón planetario y de las familias planetarias; simbiosis del holón cuatri-dimensional humano Terrestre con el holón planetario.'),
('hol', 'enc_nav', 'CALENDARIO GALÁCTICO', 'Plantilla del giro galáctico de 260 kin; 13 frecuencias galácticas codificadas por 20 sellos solares; 5 fractales galácticos; 20 formas de onda; 52 cromáticas de 5 kin; 65 armónicas de células de tiempo de 4 días; 4 espectros de 65 kin.'),
('hol', 'enc_nav', 'CÉLULA DE TIEMPO', 'Secuencia de 4 kin codificada por 4 colores primarios; 5 células de tiempo acomodan la secuencia de 20 sellos solares; 65 armónicas de células de tiempo por giro galáctico.'),
('hol', 'enc_nav', 'CIVILIZACIÓN', 'Dominación patriarcal operando en un marco de 12 meses sin tornar en cuenta la matriz: proceso de creciente dominación y separación del orden natural.'),
('hol', 'enc_nav', 'CÓDIGO CROMÁTICO', 'Código primario donde los números 1 a 4 están representados por un número correspondiente de puntos y el número 5 por una raya; el intervalo del 4º al 5º es 1a base del matiz cromático; el código cromático avanza el color en una secuencia primaria donde, rojo = 1 punto, blanco = 2 puntos, azul = 3 puntos, amarillo = 4 puntos; como la síntesis del azul y el amarillo, el verde es el 5º, la raya, que trae el matiz.'),
('hol', 'enc_nav', 'CÓDIGO DE FRECUENCIA GALÁCTICA', 'Proporción 1:13 gama de trece fre-cuencias cada una representando una magnitud y una función de la totalidad galáctica; la plantilla de trece unidades recapitulando la cosmología del holón; código de anotación binaria de punto y raya recombinante de trece unidades; planilla de la forma de onda del giro galáctico, u Onda Encantada.'),
('hol', 'enc_nav', 'CÓDIGO PUNTO-RAYA', 'Sistema de anotación galáctico en secuencia de 1 a 4 puntos y una barra representando 5 ó 0; base del código matemático del fractal galáctico con cualidades de ser: Holográfico, binario, acumulativo, recombinante, secuencial, vigesimal y posicional.'),
('hol', 'enc_nav', 'CROMÁTICA', 'Una de las cuatro secuencias de 5 kin que comienza con el grupo raya- cinco que termina con el mismo color de kin. Las cromáticas codifican los cuatro espec- tros del ser galáctico de 65 kin; las 52 cromáticas conectan: las armónicas de células de tiempo, las formas de onda, las fractales-g y los giros galácticos.'),
('hol', 'enc_nav', 'CUARTA DIMENSIÓN', 'El tiempo como plano del ser todo inclusivo, y no físico; inteligencia de orden continuo del ser galáctico.'),
('hol', 'enc_nav', 'ECUACIÓN FRACTAL DE LA FUERZA-G:', '5:8::8:13 describe la relación del código cromático del 5 con el código de la frecuencia galáctica del 13; las unidades 5, 8 y 13 forman un conjunto en la serie de espirales logarítmicas; la diferencia entre el código cromático del 5 y el código de la frecuencia galáctica del 13 es la armónica galáctica del 8; el código cromático del 5 combinado con el código de la fuerza-g del 13 es la base del giro galáctico.'),
('hol', 'enc_nav', 'ENTROPÍA', 'Función de un sistema cerrado de la distorsión del tiempo tri-dimensional caracterizado por la disipación de energía, el sistema entrópico está gobernado por leyes que disminuyen la autonomía de los fractales, en el reino humano la entropía tiene corno resultado una civilización de materialismo autodestructivo.'),
('hol', 'enc_nav', 'ESPECTROS', 'Código de 65 kin de tres secuencias de 20 kin y uno de 5 kin sintoniza- do con las cromáticas raya cinco; cuatro giros galácticos del matiz del código de cuatro colores primarios de fractal-g se entrelazan; base de la proporción 1:5 del fractal maestro; funcionan como fractales tractor que traen el tiempo tri-dimensional al tiempo cuatri- dimensional.'),
('hol', 'enc_nav', 'ESPORA DEL ARTE PLANETARIO', 'Florecimiento del ciclo evolucionario humano de 26.000 años; fruto del giro del tiempo y de la exploración de la cuarta dimensión; la Nave del Tiempo Tierra 2013.'),
('hol', 'enc_nav', 'FAMILIA PLANETARIA', 'Cinco familias planetarias, corresponden a la colocación del código cromático 1:5 de los 20 sellos solares; cada familia planetaria consiste en cuatro sellos solares que recapitulan el código de cuatro colores primarios, la fecha de nacimiento determina la familia planetaria: cualquier cumpleaños solar se mueve a través de cuatro sellos solares de una familia planetaria combinado cor las trece frecuencias galácticas en un periodo de 52 años, las cinco familias planetarias corresponden a la forma de la red del holón planetario, también conocida como familia Terrestre.'),
('hol', 'enc_nav', 'FORMA DE ONDA', 'Fractal del holón de trece kin, proporción de 1:20 del giro galáctico; cuatro ondas del tiempo crean un fractal-g de 52 kin, también conocido como la Onda Encantada de trece tonos.'),
('hol', 'enc_nav', 'FRACTAL', 'Una gama de frecuencia que mantiene una simetría a lo largo de una escala; la proporción del holón dentro de un holón mayor que siempre recapitula la totalidad.'),
('hol', 'enc_nav', 'FRACTAL DE 26 AÑOS', 'Período entre 1987 y 2013 dividido en dos formas de Onda de trece años; recapitula el ciclo evolucionario humano de 26.000 años donde la historia es invertida en la primera forma de Onda de 13 años, y la prehistoria se recicla en el tiempo galáctico en la segunda forma de onda de 13 años; el fractal galáctico 26 define los ciclos evolucionarios.'),
('hol', 'enc_nav', 'FRACTAL-G', 'Formas de cuatro ondas. Fractal de 52 kin del holón el cual coordina las permutaciones de las trece gamas de frecuencia y de los cuatro colores de códigos primarios (rojo, blanco, azul, amarillo) en una secuencia no variable: cinco por giro galáctico; uno en una proporción 1:7 = un año solar; uno en una proporción 1:5 = un fractal maestro de los cuatro espectros del ser galáctico.'),
('hol', 'enc_nav', 'FUERZA-G', 'Tiempo galáctico cuatri-dimensional como la quinta tuerza, el principio de unión fractal del holón; el rayo de sincronización radial del tiempo galáctico; la rueda dentada matiz que une y armoniza las dimensiones.'),
('hol', 'enc_nav', 'GIRO DEL TIEMPO', 'Liberación de la distorsión del tiempo tri-dimensional para en- trar en el tiempo galáctico cuatri-dimensional.'),
('hol', 'enc_nav', 'GIRO GALÁCTICO', 'la secuencia de 260 kin entrelaza los 365 días del año solar precisamente cada 52 años solares; proporción de giros con los años solares 7: 5; 7 giros galácticos = 5 años solares; 36,5 giros galácticos = 26 años solares, 73 giros galácticos 52 años solares.'),
('hol', 'enc_nav', 'HOLON', 'La totalidad galáctica, caracterizado por la consistencia integral, la capacidad de auto-organizarse, y la inclusividad multidimensional; la estructura cuatri-dimensional del tiempo, representado como un tetraedro; un subconjunto y cualquiera de sus partes dentro de la totalidad galáctica.'),
('hol', 'enc_nav', 'HOLON PLANETARIO', 'La estructura cuatri-dimensional de la Nave del Tiempo Tie- rra: codificada horizontalmente por las cinco familias planetarias; codificadas diagonalmente desde el polo norte al polo sur, del oeste al este, como las cuatro cromáticas de 5 Kin; codificadas diagonalmente desde el polo norte al polo sur, del este al oeste, como las cuatro familias de color de 5 Kin; estos tres códigos actúan como el giroscopio del holón planetario del tiempo galáctico.'),
('hol', 'enc_nav', 'HOLON SOLAR', 'Receptor-transmisor local de la fuerza-g cuatri-dimensional; base de la red de 20 sellos solares uniendo el cuerpo cuatri-dimensional del planeta Tierra, u holón planetario.'),
('hol', 'enc_nav', 'HOLONOMIA', 'La ciencia y las leves que gobiernan el principio fractal del holón.'),
('hol', 'enc_nav', 'HOLONÓMICO', 'La cualidad de la autonomía fractal que refleja y mantiene la totalidad.'),
('hol', 'enc_nav', 'KIN', 'Unidad de medida fractal, un kin por gama de frecuencia galáctica, trece kin por forma de onda: un día solar terrestre, 260 por giro galáctico; holón humano galácticamente unido.'),
('hol', 'enc_nav', 'LA DISTORSIÓN DEL TIEMPO', 'Un sistema cerrado tri-dimensional gobernado por un calendario patriarcal no circulante de 12 meses, condición donde la entropía, el mate- rialismo, y la civilización son una y la misma función.'),
('hol', 'enc_nav', 'LA NAVE DEL TIEMPO TIERRA', 'El planeta Tierra en su órbita, creando la cuarta dimensión que encierra en sí la tercera.'),
('hol', 'enc_nav', 'LIBRE VOLUNTAD', 'Movimiento sintrópico del fractal del holón hacia una autonomía auto-regulada y una mayor interdependencia con otros holones; base del arte planetario.'),
('hol', 'enc_nav', 'MATERIALISMO', 'Creencia en un marco exclusivamente tri-dimensional que se mira a sí mismo por la sobreexplotación del plano físico; creencia de que el tiempo es una función del espacio que sella la distorsión del tiempo.'),
('hol', 'enc_nav', 'MATRIZ', 'Regla del holón donde cada proporción fractal o Kin lleva un valor igual, sobrexcede cualquier regla o ley tri-dimensional no consistente con la proporción de equivalencia de todos los Kin; 5º célula de tiempo y 5º fractal-g del giro galáctico conteniendo los matices de la cromática raya-cinco.'),
('hol', 'enc_nav', 'MECANIZACIÓN', 'Etapa Final de la civilización dónde el materialismo es mecaniza- do por la fórmula “el tiempo es dinero”, que permite extensa inversión entrópica de valores y la degradación planetaria.'),
('hol', 'enc_nav', 'PLANTILLA DE CONVERSIÓN', 'Calendario Terrestre solar lunar de trece meses de 28 días, más un día verde circulante, sincronizado con el calendario solar-galáctico y el giro galáctico; ocho secuencias codificadas de color del calendario Terrestre solar-lunar yendo desde el 26 de julio de l992 hasta el 25 de julio de 2000.'),
('hol', 'enc_nav', 'QUINTA FUERZA', 'Matiz Entonada que contiene el centro; unidad posicional en un código matemático que permite completo potencial armónico; el tiempo como una matriz radial interdimensional que engrana con la fuerza-g.'),
('hol', 'enc_nav', 'RED PLANETARIA', 'Sistema de diez planetas en relación con la estrella local, el sol, orbitalmente unidos por dos sellos solares cada uno, uno para la entrada galáctica, otro para la salida solar.'),
('hol', 'enc_nav', 'SECUENCIA BIOCROMATICA', 'Internalización del código cromático del holón humano que se expande a lo largo del ciclo cromático de 5 Kin; base para identificar el vínculo del Kin humano con la red del holón planetario.'),
('hol', 'enc_nav', 'SINTROPÍA', 'Ley por la cual holones autónomos se atraen y giran juntos para crear totalidades cada vez más grandes, el opuesto de entropía.'),
('hol', 'enc_nav', 'SOL', 'Receptor-transmisor local de la fuerza-g cuatri-dimensional; base de la red de 20 sellos solares uniendo el cuerpo cuatri-dimensional del planeta Tierra, u holón planetario.'),
('hol', 'enc_nav', 'TERCERA DIMENSIÓN', 'El espacio como plano físico del ser; forma manifestada del orden natural; campo evolucionario del ser galáctico; inseparable de la cuarta dimensión.'),
('hol', 'enc_nav', 'TIEMPO GALÁCTICO', 'Matriz de la cuarta dimensión informando a la tercera di-mensión a través de las armónicas fractales.'),
('hol', 'fac', 'AHAU KINES', 'Los Señores Solares. Los Sacerdotes del Sol. Los adivinos de la armonía,  videntes.'),
('hol', 'fac', 'BAAL CHE', 'Cosa del árbol, ejemplo, animal, poder  animal.'),
('hol', 'fac', 'BAAXTEN', 'El poder de proyectar energía, como también el efecto que  produce dicha proyección de energía.'),
('hol', 'fac', 'CAAN', 'Los Cielos.'),
('hol', 'fac', 'CAN', 'Serpiente, energía, el número cuatro. Cuádruples funciones de la onda energética. Fuerza gravitatoria, fuerza electromagnética, fuerza potente,  y  fuerza  débil (estas dos últimas fuerzas al combinarse, dan origen al campo bio-psíquico o  psi). (En el I Ching, las cuatro funciones de la onda energética corresponden respectivamente a Joven Yin, Joven Yang, Viejo Yang, y Viejo  Yin).'),
('hol', 'fac', 'CANHEL', 'Serpiente que se transforma a sí misma. Dragón. La totalidad de la cuádruple energía manifestada como un ser energético que se transforma a sí  mismo.'),
('hol', 'fac', 'CANIL CUXTAL', 'Serpiente de la vida. Energía que llega a la oxidación, o  que toma forma, limitación de la energía; y por tanto el sufrimiento como cualidad primaria de la existencia.'),
('hol', 'fac', 'CANNAC', 'La razón por la cual no puede existir ninguna forma sin espíritu, y vice-versa. Complementariedad de la energía y la forma. También, aquello que tiene que ser aprendido.'),
('hol', 'fac', 'CHAN', 'La cualidad de la inteligencia. Intelecto.'),
('hol', 'fac', 'CHANES', 'Los primeros hijos del Sol. Mensajeros galácticos.'),
('hol', 'fac', 'CHE, TE', 'Arbol. TE-OTL.  Espíritu del árbol. Energía divina.'),
('hol', 'fac', 'CHICCHAN', 'Reptil. Mente instintiva. Inteligencia elemental.'),
('hol', 'fac', 'CI’ZIN', 'Radicación, rayo, psiquis. La proyección de energía particular, personalidad.'),
('hol', 'fac', 'CUXTAL', 'Llegar a la oxidación (CAXUM). Principio generador de la  vida.'),
('hol', 'fac', 'DZAC', 'Medicina, veneno.'),
('hol', 'fac', 'ET P’IZ', 'Nuestra medida. Ley de Karma,  compensación.'),
('hol', 'fac', 'HEL, GEL', 'El huevo, el cero, la base de la  transformación.'),
('hol', 'fac', 'HOB, HOOL', 'Cabeza, idea. Mente o facultad  mental.'),
('hol', 'fac', 'HUNAB KU', 'El que da el movimiento y medida. El principio de la energía inteligente que llena al universo entero, ya sea animado o  inanimado.'),
('hol', 'fac', 'HUP KIIX', 'Punzar con agujas.'),
('hol', 'fac', 'HUYUB CAAN', 'El Corazón de los Cielos. El arquitecto celestial, principio del designio cósmico.'),
('hol', 'fac', 'H’ PULYAHES', 'Los lanceros del mal. Los que abusan de la  energía.'),
('hol', 'fac', 'H’MENES', 'Hechiceros, magos, curanderos. Aquellos versados en  MEN.'),
('hol', 'fac', 'IN LAKE’CH', 'Yo soy otro tú. El fundamento del amor universal, compasión.'),
('hol', 'fac', 'ITZAES', 'Los primeros hijos del agua. Los atlantes.'),
('hol', 'fac', 'KIN', 'El sol. El principal mediador de Hunab Ku para nuestro sistema  planetario. Día. Unidad armónica fundamental, o propiedad de las  ondas.'),
('hol', 'fac', 'KINAN', 'Energía solar. Altísima energía espiritual. La mente  solar  como  medio universal disponible para la transmisión de energía psíquica superior en este planeta.'),
('hol', 'fac', 'KINICH AHAU', 'El señor del Sol. Supervisor galáctico, la mente solar realizada, o mente de luz.'),
('hol', 'fac', 'KUXAN SUUM', 'Camino hacia el cielo, que conduce al cordón umbilical del universo. Los hilos invisibles de la sangre vital galáctica, mediados por Kin, el  Sol.'),
('hol', 'fac', 'K’OCHIL', 'Aquello con lo que hemos nacido, aquello con lo que morimos. Los residuos kármicos que modifican la existencia  individual.'),
('hol', 'fac', 'LUK’AN TUMEN CAN', 'Los que llevan la serpiente; los iniciados.'),
('hol', 'fac', 'MEN', 'Creer, crear, hacer. Fuerza mental superior, que representa a PIXAN, es decir, la energía del espíritu, que es intermediada por KINAN, o sea la mente solar superior.'),
('hol', 'fac', 'NAC', 'Reverso de Can: Limite, principio de la  forma.'),
('hol', 'fac', 'NENHOOL', 'Espejo de la mente. Toda cosa es la reflexión de uno mismo. El principio del NAGUAL, o doble espiritual del cuerpo de  luz.'),
('hol', 'fac', 'OL UOLAH', 'El espíritu de la voluntad ejercitado de acuerdo a la ley de causa (TUMEN) y efecto (ET P’IZ).'),
('hol', 'fac', 'OL, OLAL', 'Aquello que es animado o tiene vida. Voluntad, cualidad del espíritu (PIXAN) en cuanto formas de expresión  animadas.'),
('hol', 'fac', 'PANCHE BE', 'Buscar la raíz de la verdad. El sendero natural de la  existencia.'),
('hol', 'fac', 'PAX', 'Ruptura o abertura cósmica, el poder de la  música'),
('hol', 'fac', 'PIXAN', 'Lo que se manifiesta dentro de la forma, el  “espíritu”.'),
('hol', 'fac', 'THAN', 'Gota de agua. Poder de la palabra.'),
('hol', 'fac', 'TIN KINANTAH', 'Cualidad de la energía que transmite el espíritu, energía superior relacionada con el Sol, que da cuenta de las diferentes clases de fenómenos psíquicos o paranormales.'),
('hol', 'fac', 'TIN UILA LUUN TUL PIXAN', 'Ver una alma o un espíritu. Percibir lo manifestado.'),
('hol', 'fac', 'TOK’ZAH', 'Acupuntura.'),
('hol', 'fac', 'TUCU’T', 'Pensar, venerar.'),
('hol', 'fac', 'TUMEN', 'Causa y efecto. El principio de la relación  causal'),
('hol', 'fac', 'TZOLKIN', 'La cuenta de los días. El Calendario Sagrado, matriz cósmica. El módulo armónico universal que ajusta toda posible permutación de HUNAB KU, que es el dador del movimiento y la medida.'),
('hol', 'fac', 'WINCLIL', 'El ser humano. WINC = tubérculo, raíz, LIL= vibratorio,  y por esta razón humana. Raíz o resonador vibratorio del  cosmos.'),
('hol', 'fac', 'XICH', 'Nervio. Red eléctrica.'),
('hol', 'fac', 'YACUNAH', 'Amor, y al mismo tiempo sufrimiento. El inevitable rigor de la existencia.'),
('hol', 'fac', 'YAX', 'Verde. Poder de renovación.'),
('hol', 'fac', 'YAXCHE', 'El árbol original; El eje del universo. La columna mística. El ser humano como canal.'),
('hol', 'fac', 'YAXKIN', 'El centro. Fuente sin fuente. Lugar de  renovación.'),
('hol', 'fac', 'ZUVUYA', 'Circuito por el cual todas las cosas regresan hacia sí mismas. El decimotercer cielo, o cielo más alto. Punto planetario de entrada. El lenguaje de los KATUNES, la gramática de la  armonía.'),
('hol', 'lun', 'Exhalar', '10 kin (secuencia de sellos solares Perro-Tormenta) pueden ser iguales a 10 días, que es la mitad de una trayectoria armónica, 10 años que es la mitad de un katún, o 10 Katunes que es la mitad de una baktun.'),
('hol', 'lun', 'Inhalar', '10 kin (secuencia de sellos solares Sol-Luna) pueden ser iguales a 10 días, que es la mitad de una trayectoria armónica, 10 años que es la mitad de un katún, o 10 Katunes que es la mitad de una baktun.'),
('hol', 'lun_cic', 'Año Pleyadiano', '26.000 años solar-lunar del Encantamiento del Sueño, 260 siglos del Encantamiento del Sueño, cinco Gran Ciclos, lo mismo que un Encantamiento del Sueño Planetario, cuatro por intervalo de Hunab Ku.'),
('hol', 'lun_cic', 'Baktun', '400 años solar-lunares del Encantamiento del Sueño, 20 katunes, trece por Gran Ciclo.'),
('hol', 'lun_cic', 'Ciclo de Retomo Armónico', 'Cuatro años solares-lunares medidos desde cualquier evento significante, por ejemplo, un cumpleaños o cualquier sincronización solar-galáctica la cual siempre es Julio 26. Trece trayectorias armónicas por ciclo solar-galáctico de 52 años.'),
('hol', 'lun_cic', 'Ciclo de Retomo solar-Galáctico', 'Sincronización precisa de 52 años solar-lunares con 73 giros galácticos. Trece retornos armónicos y cuatro retornos galácticos (18.980 Kin).'),
('hol', 'lun_cic', 'Coro Arcturiano u Octava Galáctica', '104 años solar-lunares, ocho retornos galácticos, trece octavas lunares, 26 retornos armónicos, 65 giros de Venus (37.960 Kin).'),
('hol', 'lun_cic', 'Cromática o Quinto Galáctico', '65 años solar-lunares o cinco retornos galácticos de 13 años.'),
('hol', 'lun_cic', 'Gran Ciclo', '5.200 años solar-lunares del Encantamiento del Sueño, trece Baktun, 260 Katún, cinco por año Pleyadiano.'),
('hol', 'lun_cic', 'Gran Katún (Katún Ahau de los Mayas)', '260 años solar-lunares, trece katunes, 20 por el gran ciclo.'),
('hol', 'lun_cic', 'Hexa o Sexto Galáctico', '78 años solar-lunares o seis retornos galácticos de 13 años.'),
('hol', 'lun_cic', 'Holtun', 'Cinco años solares-lunares de forma precisa igual que siete giros galácticos menos cinco días (1820 kin).'),
('hol', 'lun_cic', 'Intervalo de Hunab Ku', '104.000 años solar-lunares del Encantamiento del Sueño, 20 Gran Ciclos, 260 baktun, cuatro años Pleyadianos.'),
('hol', 'lun_cic', 'Katun Maya (Marcador)', '20 años solar-lunares (cuatro holtun, cinco retornos armónicos). 260 katún por el gran ciclo de 4.200 años.'),
('hol', 'lun_cic', 'Milenio', '10 siglos de 50 Katún, 200 Holtun, 1.000 años solar-lunares, 26 por año Pleyadiano.'),
('hol', 'lun_cic', 'Octava Lunar', 'Ocho años solar-lunares, precisamente igual que cinco giros de Venus (584 días cada uno) 104 lunas (28 días o kin) y 100 Lunaciones (29,20 días) para un total de 2920 kin.'),
('hol', 'lun_cic', 'Retomo Galáctico', 'Trece años solar-lunares (una octava lunar más un holtun) medidos desde cualquier evento significante, por ejemplo, un cumpleaños o cualquier sincronización solar- galáctica la cual siempre es Julio 26. Cuatro retornos galácticos por ciclo de 52 años.'),
('hol', 'lun_cic', 'Séptimo Galáctico', '91 años solar-lunares o siete ciclos galácticos de 13 años.'),
('hol', 'lun_cic', 'Siglo', '100 años solar-lunares, cinco katún, 20 holtun, 25 retornos armónicos.'),
('hol', 'lun_cod', 'Código de Color', 'Cuatro frecuencias de color: rojo, blanco, azul, amarillo Quinta frecuencia entonada: Verde.'),
('hol', 'lun_cod', 'Código Galáctico', 'Trece tonos galácticos que constituyen la forma constante de la Onda Encantada de 13 kin.'),
('hol', 'lun_cod', 'Código Solar', 'Cuatro colores en movimiento por el quinto entonado crean las 20 frecuencias solares, representadas por los 20 sellos solares o iconos. Estos también están representadas en la notación de punto y barra como el código 0-19, base de toda la Matemática numérica completa de los Mayas.'),
('hol', 'lun_dia', 'Año solar-Lunar', '365 días (365 Kin) de 13 lunas, 52 semanas más un día verde.'),
('hol', 'lun_dia', 'Armónica', 'Cuatro días (cuatro kin: rojo blanco, azul, amarillo) 65 armónicas por giro galáctico.'),
('hol', 'lun_dia', 'Castillo', '52 días (52 kin) de cuatro ondas encantadas codificadas por el color, roja, blanca, azul, amarilla. Cinco castillos por giro galáctico.'),
('hol', 'lun_dia', 'Correlación de las Fechas (Fractal del Uinal Maya)', 'Secuencia de 20 kin para marcar el año solar-lunar al giro galáctico (anillo verde de la brújula galáctica) 18 por año solar-lunar más una secuencia de cinco kin, de Julio 21 al 25 (Uayeb Maya).'),
('hol', 'lun_dia', 'Cromática', 'Cinco días (cinco kin: cualquiera de los cuatro juegos del kin polar al portal) 52 cromáticas por giro galáctico.'),
('hol', 'lun_dia', 'Espectro Galáctico', '65 días (65 kin) de trece cromáticas cada: Espectro galáctico rojo, espectro galáctico blanco, espectro galáctico azul, espectro galáctico amarillo. Cuatro espectros galácticos por giro galáctico (Código Maya de los días del quemador).'),
('hol', 'lun_dia', 'Giro Galáctico', '260 días (260 kin) 20 ondas encantadas, 65 armónicas, 52 cromáticas, 4 castillos, 4 espectros galácticos (Tzolkin Maya).'),
('hol', 'lun_dia', 'Luna', '28 días (28 kin) de cuatro semanas cada una), 13 lunas por año solar-lunar más un día verde, Julio 25.'),
('hol', 'lun_dia', 'Onda Encantada', 'Trece kin: tonos galácticos del uno al trece. 20 ondas encantadas por giro galáctico.'),
('hol', 'lun_dia', 'Semana, Heptada', 'Siete días (siete kin: Dali hasta Silio) 52 semanas/heptadas por año solar-lunar.');
INSERT INTO `doc_ide` (`esq`, `ide`, `nom`, `des`) VALUES
('hol', 'lun_dia', 'Trayectoria Armónica (Fractal del Baktun de los Ma', '20 kin (secuencia de sellos solares del Dragón al Sol) Trece trayectorias armónicas por giro galáctico.'),
('hol', 'tel', 'Baktun', 'Cuenta de 144.000 Kin 0 días; la cuenta de trece Baktunes es la medida del ciclo de la historia desde 3113 AC hasta 2012 DA.'),
('hol', 'tel', 'Biosfera', 'Frágil membrana planetaria de vida y su sistema de apoyo inorgánico diseminado sobre la superficie de la Tierra; zona de experimento de la libre voluntad de las Guerras del Tiempo que ahora está amenazada por la civilización 12:60 del materialismo del Planeta Babilónico; ver también Noosfera.'),
('hol', 'tel', 'Bolon Ik', 'Amante celestial de Pacal Votan quien teje la visión del viaje en el Laberinto del Guerrero desde su torre de la Navegación en Urano. Bolon Ik significa \"Viento Solar Blanco\".'),
('hol', 'tel', 'Bolon Tiku', 'Invocación del poder del nueve: los nueve señores del Tiempo y el Destino quienes gobiernan el poder del tiempo en el inconsciente.'),
('hol', 'tel', 'Cronometría, cronométrico', 'Medida 13:20 del tiempo tridimensional; ciencia que mide el tiempo biotelepáticamente; aplicado como el esquema de cartas del Telektonon del Cronómetro Diario Universal.'),
('hol', 'tel', 'Cubo de la Ley', 'Ver Ley del Cubo'),
('hol', 'tel', 'Federación Galáctica', 'La más alta organización de inteligencia dimensional,  responsable de supervisar el experimento de la libre voluntad tridimensional, ahora localizado en el Planeta Tierra.'),
('hol', 'tel', 'Haab', 'Órbita planetaria medida por 18 ciclos de 20 días más el Vayeb de 5 días. Heptágono de la Mente: Cubo cuatridimensional de poder del Siete para ser recobrado durante los siete años de profecía, 1993-2000; lo mismo que la transición Biosfera- Noosfera; la realización de la mente, voluntad y espíritu colectivos de la raza humana organizada bajo una frecuencia correcta de tiempo 13:20.'),
('hol', 'tel', 'Hunab Ku', 'Único Dador de Movimiento y Medida; término galáctico Maya para Dios o Alá.'),
('hol', 'tel', 'Iblis', 'Nombre del Angel disidente de la creación; también conocido como Satán; poder ilusorio del ego humano en todas sus formas.'),
('hol', 'tel', 'Katun', 'Cuenta de 7200 Kin o días, 20 por Baktun; algo más que los diecinueve años solares, una generación humana.'),
('hol', 'tel', 'Kin del Destino', 'Nombre de la posición diaria de acuerdo al giro Galáctico de 260 Kin, Kin central del oráculo de la Quinta Fuerza.'),
('hol', 'tel', 'Kinich Ahau', 'Nombre galáctico Maya para nuestro sol y su sistema planetaria; el sistema solar todo como un ser.'),
('hol', 'tel', 'Kuxan Suum', 'Carretera, que alcanza a las raíces de las estrellas, pasando a través de cada una de las dimensiones celestiales; las fibras etéricas que conectan el plexo solar con el centro de la galaxia; \"el ombligo de Hunab Ku\".'),
('hol', 'tel', 'Ley del Cubo', 'Intersección de los tres planos: el plano de la mente, el plano del espíritu y el plano de la voluntad que ubica toda manifestación bajo el gobierno de una ley interdimensional divina, cubierta por la falsa autoridad 12:60 de la Torre de Babel, redimida por el Viaje de la Inteligencia en el Laberinto del Guerrero de 16 días: también conocida como el Cubo de la Ley.'),
('hol', 'tel', 'Luna', 'Ciclo menstrual femenino de 28 días y ciclo biológico humano, trece por cada órbita planetaria anual; base del Calendario de 13 Lunas y regreso de la humanidad al orden natural.'),
('hol', 'tel', 'Maya', 'Nombre dado a la civilización en América Central cuyo Período Clásico corresponde al décimo ciclo Baktun. 435-830 DA navegantes galácticos del tiempo.'),
('hol', 'tel', 'Noosfera', 'La cubierta mental telepática que rodea al planeta como resultado del @toso seguimiento del Calendario de las 13 lunas durante los siete años de profecía, referido también como la Transición Biosfera-Noosfera y la completación del Heptágono de la Mente asegurando el retorno del Cubo de la Ley.'),
('hol', 'tel', 'Notación Galáctica', 'Sistema de cuentas Maya del punto y barra, de código del 0 al 19; también código de trece unidades de la onda encantada del tiempo cuatridimensional que además gobierna el ciclo de trece lunas.'),
('hol', 'tel', 'Onda Encantada', 'Nombre dado a los trece tonos galácticos que gobiernan cada uno de los 20 ciclos de 13 días del giro galáctico de 260 días, así como del ciclo anual del Calendario de Trece Lunas.'),
('hol', 'tel', 'Onda Encantada del Servicio Planetario', 'Ciclo de las Trece Lunas organizado por los cuatro pulsares del tiempo cuatridimensional.'),
('hol', 'tel', 'Oráculo de la Quinta Fuerza', 'Conjunto de relaciones constantes mantenidas por el Kin del Destino; usado en el Telektonon para seguir la pista de las intersecciones diarias del tiempo y leer el Oráculo de las Siete Generaciones.'),
('hol', 'tel', 'Oxlahun Tiku', 'Invocación para convocar el poder del trece, el poder consciente del tiempo; se refiere también al Universo trece dimensional.'),
('hol', 'tel', 'Pacal Votan', 'Testigo especial del tiempo: revelador del Cubo de la Ley y de \"La Piedra Parlante de la Profecía\"-, tiempo de su poder: 631-683 DA.'),
('hol', 'tel', 'Palenque', 'Lugar del Templo Sagrado; trono del poder terrenal de Pacal Votan; también conocido como Nah Lugar de la Serpiente, ubicado en Chiapas, México.'),
('hol', 'tel', 'Planeta Babilónico', 'Nombre dado a la civilización moderna de materialismo exclusivo; la mente humana capturada por la frecuencia de tiempo 12:60; corresponde al decimotercer Baktun, 1618-2012 DA; para ser redimido por el Telektonon.'),
('hol', 'tel', 'Poderes de los Números Telecósmicos', 'Cuatro poderes celestiales en la forma de números: nueve, trece, cinco y cuatro, los que Bolon Ik usa para dar poder a los campos de consciencia y ayudar a Pacal Votan durante su Caminata en la Tierra.'),
('hol', 'tel', 'Pulsares', 'Geometría cuatridimensional del tiempo que sincroniza la onda encantada de trece unidades, de acuerdo a las cuatro funciones dimensionales; tiempo, vida, sentido y mente.'),
('hol', 'tel', 'Sincronometría, sincronométrico', 'Medida de sincronicidad; ciencia cuatridimensional para practicar la telepatía, aplicada como movimiento diario de piezas del juego en el Tablero del Telektonon.'),
('hol', 'tel', 'Telektonon', 'Tubo por el que Habla el Espíritu de la Tierra; canal de comunicación simbólico; la Piedra Parlante de la Profecía. Es la revelación de que el Calendario de Trece Lunas es el camino de la realización humana y el triunfo de la telepatía universal. Nombre de Bendición recibido por aquellos que conocen a fondo la Ley del Cubo.'),
('hol', 'tel', 'Telepatía', 'Poder cuatridimensional de inteligencia para la unificación de las especies tridimensionales en la forma de arte planetaria.'),
('hol', 'tel', 'Torre de Babel', 'Nombre dado al poder del tiempo falso desde el comienzo de  la historia (Baktun 1, año 3113 AC); base del Planeta Babilónico.'),
('hol', 'tel', 'Tzolkin', 'Calendario sagrado de los Maya: medida cuatridimensional del tiempo galáctico; giro galáctico de 260 Kin; módulo armónico.');

-- --------------------------------------------------------

--
-- Estructura de tabla para la tabla `doc_nav`
--

CREATE TABLE `doc_nav` (
  `esq` char(3) NOT NULL COMMENT 'Aplicación',
  `cab` varchar(7) NOT NULL COMMENT 'Menú',
  `ide` varchar(7) NOT NULL COMMENT 'Artículo',
  `pos` varchar(20) NOT NULL COMMENT 'Posición',
  `nom` varchar(255) NOT NULL COMMENT 'Nombre'
) ENGINE=InnoDB DEFAULT CHARSET=utf8mb4 COMMENT='Artículo';

--
-- Volcado de datos para la tabla `doc_nav`
--

INSERT INTO `doc_nav` (`esq`, `cab`, `ide`, `pos`, `nom`) VALUES
('hol', 'bib', 'arc', '00', 'INTRODUCCIÓN. ARCTURO RECORDADO'),
('hol', 'bib', 'arc', '01', 'PRIMERA PARTE: LANZAMIENTO DE LA SONDA'),
('hol', 'bib', 'arc', '01-01', 'Preámbulo: Nosotros, los de Arcturo'),
('hol', 'bib', 'arc', '01-02', 'Orígenes Heteróclitos de los Partícipes Secretos del Tiempo'),
('hol', 'bib', 'arc', '01-03', 'Derrota Heteróclita de la Liga de Diez'),
('hol', 'bib', 'arc', '01-04', 'Los Partícipes Secretos del Tiempo y el Descubrimiento del Código Púlsar'),
('hol', 'bib', 'arc', '01-05', 'El Magnetismo Radial y el Arte Primigenio de la Gran Unificación'),
('hol', 'bib', 'arc', '01-06', 'El Radión Estelar Central y la Federación Galáctica'),
('hol', 'bib', 'arc', '01-07', 'Tres Cuerpos y el Viaje por el Tiempo: El Nacimiento de la Sonda de Arcturo'),
('hol', 'bib', 'arc', '01-08', 'Telepatía y Gobierno Natural'),
('hol', 'bib', 'arc', '01-09', 'El Dominio de Arcturo: La Sonda Excitada'),
('hol', 'bib', 'arc', '01-10', 'El Sector de Velatropa o Zona Galáctica Experimental'),
('hol', 'bib', 'arc', '01-11', 'Arcturo, la Estrella Pastora del Séptimo Poder'),
('hol', 'bib', 'arc', '01-12', 'Procesiones del Conocimiento Sensorial'),
('hol', 'bib', 'arc', '01-13', 'La Recompensa: Moldeado del Oráculo del Encantamiento del Sueño'),
('hol', 'bib', 'arc', '01-14', 'Una Tabla Redonda del Escudo Galáctico Azul de la Magia'),
('hol', 'bib', 'arc', '01-15', 'Memnosis: La Perdurabilidad Recordada'),
('hol', 'bib', 'arc', '01-16', 'Relato de Merlín: Co-participación del Tiempo entre los Arboles de Procyon'),
('hol', 'bib', 'arc', '01-17', 'Estrellas Gemelas y Tragedia en Alfa Centauro'),
('hol', 'bib', 'arc', '01-18', 'Sirio Convoca la Vacuna: La Cepa de Lucifer'),
('hol', 'bib', 'arc', '01-19', 'Los Engramas Planetarios que dejan su Marca en la Zuvuya'),
('hol', 'bib', 'arc', '01-20', 'Obsesionados Homólogos de los Homóclitos'),
('hol', 'bib', 'arc', '01-21', 'Perceval y la Dama del Lago: Escudo Masculino y Escudo Femenino'),
('hol', 'bib', 'arc', '01-22', 'Domesticación de Planetas: Una Desviación de la Quinta Fuerza'),
('hol', 'bib', 'arc', '01-23', 'Acerca de Perros y Ballenas: Universos Paralelos, Déjà Vus Múltiples'),
('hol', 'bib', 'arc', '01-24', 'Regreso al Dragón: Fuente la Matriz'),
('hol', 'bib', 'arc', '01-25', 'Los Mayores de la Corriente: Velatropa en Foco'),
('hol', 'bib', 'arc', '01-26', 'Instalación de la Estación Intermedia AA'),
('hol', 'bib', 'arc', '02', 'SEGUNDA PARTE: RECORDANDO LA NAVE DEL TIEMPO'),
('hol', 'bib', 'arc', '02-01', 'Preguntas de la Intermedia'),
('hol', 'bib', 'arc', '02-02', 'Informe de Arc-Tara: Muerte Oculta, Muerte Develada'),
('hol', 'bib', 'arc', '02-03', 'Voz del Amo Estelar Kinich Ahau'),
('hol', 'bib', 'arc', '02-04', 'El Ah K`al Balaam: Conocedor Uno de la Totalidad'),
('hol', 'bib', 'arc', '02-05', 'El Holón Resonante Universal: Las Veinte Tribus del Tiempo'),
('hol', 'bib', 'arc', '02-06', 'Radiados Bisexuados de Cinco Puntas: Engendramiento de las Tribus'),
('hol', 'bib', 'arc', '02-07', 'Llegada de los Maya, Navegantes del Tiempo'),
('hol', 'bib', 'arc', '02-08', 'Nacimiento de las Veinte Tribus: Historia Temprana de Kinich Ahau'),
('hol', 'bib', 'arc', '02-09', 'Punto Final para las Guerras del Tiempo: La Historia Original de Maldek'),
('hol', 'bib', 'arc', '02-10', 'Serpientes y Magos de Maldek: La Profecía de Merlín'),
('hol', 'bib', 'arc', '02-11', 'Guerras del Tiempo: Lucifer Rastreado, Marte Recordado'),
('hol', 'bib', 'arc', '02-12', 'Hijos de Memnosis'),
('hol', 'bib', 'arc', '02-13', 'Un Diseño de Nave del Tiempo Dirigido por los Maya'),
('hol', 'bib', 'arc', '02-14', 'La Larga Espera: Terra-Gaia Despertada'),
('hol', 'bib', 'arc', '02-15', 'La Nave del Tiempo Ingresa en la Tierra: Camelot Desaparece'),
('hol', 'bib', 'arc', '02-16', 'Ultima Maquinación de Lucifer: El Miedo Babilónico a la Muerte'),
('hol', 'bib', 'arc', '02-17', 'Hacia Venus o Lucifer: Pacificación de las Proyecciones'),
('hol', 'bib', 'arc', '02-18', 'La Dama Blanca de Heron Recuerda el Futuro'),
('hol', 'bib', 'arc', '02-19', 'La Corporación de Atlantis: Mundo Mecanizado'),
('hol', 'bib', 'arc', '02-20', 'Sembrar la Espora y Remontarse Nuevamente: Intervención Interdimensional'),
('hol', 'bib', 'arc', '02-21', 'Jugando al Ajedrez Arcturiano: Créditos del Kin'),
('hol', 'bib', 'arc', '02-22', 'Radiosónicos, por fin: Tocando el Acorde de la Quinta Fuerza'),
('hol', 'bib', 'arc', '02-23', 'Epílogo y Prólogo: El Amor Cósmico es Despiadado'),
('hol', 'bib', 'arc', '03', 'APÉNDICE'),
('hol', 'bib', 'arc', '04', 'GLOSARIO'),
('hol', 'bib', 'asc', '01', 'Parte 1. La Geomancia es a la Historia, lo que la Gramática es al Lenguaje. Dos ensayos introductorios.'),
('hol', 'bib', 'asc', '01-01', 'Las raíces de la Unidad. La Geomancia y el Orden Mundial'),
('hol', 'bib', 'asc', '01-02', 'De la Geomancia a la Holonomia. El descubrimiento del Banco Psi, la Investigación de la Historia. La Educación Holonómica. Arte, Ciencia y Orden Sagrado.'),
('hol', 'bib', 'asc', '02', 'Parte 2. Los Mapas'),
('hol', 'bib', 'asc', '02-01', 'La Naturaleza se Presenta a si Misma.'),
('hol', 'bib', 'asc', '02-01-00', 'Mapas I: Preludio. El Código, La Clave, El Modelo.'),
('hol', 'bib', 'asc', '02-01-01', 'Mapa 1: La Matriz del Banco Psi.'),
('hol', 'bib', 'asc', '02-01-02', 'Mapa 2: La triple Configuración Binaria- El Código y la Clave'),
('hol', 'bib', 'asc', '02-01-03', 'Mapa 3: Modelos de campos resonantes, derivados del a Triple Configuración Binaria.'),
('hol', 'bib', 'asc', '02-01-04', 'Mapa 4: La Matriz del Banco Psi como resonancia Binaria de los Cinturones de Radiación.'),
('hol', 'bib', 'asc', '02-01-05', 'Mapa 5: Carta del flujo Geomántico y el Modelo de Anillos Psi Evolucionados.'),
('hol', 'bib', 'asc', '02-01-06', 'Mapa 6: Cerebro Holonómico y Demostración de la Circulación Psi, dentro del campo Electromagnético.'),
('hol', 'bib', 'asc', '02-01-07', 'Mapa 7: El I-Ching como Descripción de la Matriz del Espacio-Tiempo Holonómico y del Código Genético.'),
('hol', 'bib', 'asc', '02-01-08', 'Mapa 8: Ejemplo de Transmisión Psi casual. El Cuadrado Mágico de Ben Franklin.'),
('hol', 'bib', 'asc', '02-01-09', 'Mapa 9: El Tzolkin, la Versión Maya del Calendario Sagrado.'),
('hol', 'bib', 'asc', '02-02', 'El hombre Aprende de la Naturaleza.'),
('hol', 'bib', 'asc', '02-02-00', 'Mapas II: Preludio. Del Afinamiento Primario a la elaboración Psicosensorial.'),
('hol', 'bib', 'asc', '02-02-01', 'Mapa 10: El Movimiento Rítmico del Calendario Sagrado como patrón de Afinamiento Primario.'),
('hol', 'bib', 'asc', '02-02-02', 'Mapa 11: La Camisa del Shaman y el Árbol de la Vida. Interpretación del Hombre y la Naturaleza.'),
('hol', 'bib', 'asc', '02-02-03', 'Mapa 12: Templete de Afinamiento Aboriginal.'),
('hol', 'bib', 'asc', '02-02-04', 'Mapa 13: Afinamiento Primario y Geomancia.'),
('hol', 'bib', 'asc', '02-02-05', 'Mapa 14: El Modelo holonómico de Conocimiento.'),
('hol', 'bib', 'asc', '02-02-06', 'Mapa 15: El Mapa de campo Sinestetico o una Historia de los Sentidos.'),
('hol', 'bib', 'asc', '02-02-07', 'Mapa 16: Onda Retroalimentadora Psicogenetica'),
('hol', 'bib', 'asc', '02-03', 'El Hombre Transforma la Naturaleza'),
('hol', 'bib', 'asc', '02-03-00', 'Mapas III: Preludio. De la Historia, la Armonía y la Recolección Holonómica.'),
('hol', 'bib', 'asc', '02-03-01', 'Mapa 17: El pulso Binario de la Historia.'),
('hol', 'bib', 'asc', '02-03-02', 'Mapa 18: La Matriz Holonómica del Espacio-Tiempo de la Historia Global y el Pulso Binario del Desarrollo Psicocultural.'),
('hol', 'bib', 'asc', '02-03-03', 'Mapa 19: Pulso Binario del Desarrollo Psicocultural.'),
('hol', 'bib', 'asc', '02-03-04', 'Mapa 20: Placas Tectónicas mostrando El Surgimiento de los Pulsos/ Puntos de la Civilización Global.'),
('hol', 'bib', 'asc', '02-03-05', 'Mapa 21: Los 7 Prístinos Pulsos de Civilización.'),
('hol', 'bib', 'asc', '02-03-06', 'Mapa 22: La Civilización Global, El Flujo Geocronológico: La Octava.'),
('hol', 'bib', 'asc', '02-03-07', 'Mapa 23: El Flujo Geocronológico :La Clave Cromática.'),
('hol', 'bib', 'asc', '02-03-08', 'Mapa 24: Placas Tectónicas y la corriente de civilización con las placas de Memoria Estacionales del Banco Psi.'),
('hol', 'bib', 'asc', '02-03-09', 'Mapa 25: Un Mapa del Mundo Posthieratico mostrando las cuatro placas del Banco Psi y las 8 Divisiones Estacionales.'),
('hol', 'bib', 'asc', '02-03-10', 'Mapa 26: Flujo clave Civilizacional Hierático del Banco Psi.'),
('hol', 'bib', 'asc', '02-03-11', 'Mapa 27: Carta Flujo Geocronológica Psthieratico del Banco Psi.'),
('hol', 'bib', 'asc', '02-03-12', 'Mapa 28: Campo Magnético de la Tierra.'),
('hol', 'bib', 'asc', '02-04', 'La Naturaleza Evalúa la Transformación del Hombre.'),
('hol', 'bib', 'asc', '02-04-00', 'Mapas IV: Preludio. Psi y el Código de la Historia.'),
('hol', 'bib', 'asc', '02-04-01', 'Mapa 29: El Banco Psi Mostrando los 4 cuadrantes, 8 placas de Memoria Estacionales y 24 Membranas Nimboideas Psionicas.'),
('hol', 'bib', 'asc', '02-04-02', 'Mapa 30: El Ciclo de Manchas Solares Generando las Auroras y la Actividad del Banco Psi como Código Calendarico Sagrado.'),
('hol', 'bib', 'asc', '02-04-03', 'Mapa 31: Ciclo Binario de manchas Solares Manifiesto como Matriz Calendarica Bipolar del Banco Psi.'),
('hol', 'bib', 'asc', '02-04-04', 'Mapa 32: Decodificacion de Banco Psi. El Cuadrado Mágico de 8 de Ben Franklin como Pulso de 260 y el Calendario Sagrado Maya.'),
('hol', 'bib', 'asc', '02-04-05', 'Mapa 33: El Patrón Flujo de la Matriz Psi como el Templete de la Transformación Psicocultural Demostran-do los 8 Estadios de la Recolección Holonómica.'),
('hol', 'bib', 'asc', '02-04-06', 'Mapa 34: El Cuerpo Calloso de la Historia y el Templete Binario Radiosónico.'),
('hol', 'bib', 'asc', '02-04-07', 'Mapa 35: El Código de la Historia como la secuencia de la Transformación Biopsíquica (64 Estadios)a través de los 8 Estadios de la Recolección Holonómica.'),
('hol', 'bib', 'asc', '02-04-08', 'Mapa 36: El Patrón del Campo Holonómico : 64 en secuencia Numérica , Anotación Maya.'),
('hol', 'bib', 'asc', '02-04-09', 'Mapa 37: La Trama del Banco Psi como el Código de la Historia en la secuencia de la Columna Mística.'),
('hol', 'bib', 'asc', '02-04-10', 'Mapa 38: La Trama del Banco Psi como Patrón Matriz para el Arquetipo de la Historia como Mito: La ser-piente Emplumada Arco Iris (Quetzalcoalt / Kukulkan).'),
('hol', 'bib', 'asc', '02-05', 'Síntesis del Hombre y la Naturaleza.'),
('hol', 'bib', 'asc', '02-05-00', 'Mapas V: Preludio. Ciencia Antigua, Magia Futura.'),
('hol', 'bib', 'asc', '02-05-01', 'Mapa 39: Patrón del campo Holonómico: Arreglo de 8, Pulso de 260.'),
('hol', 'bib', 'asc', '02-05-02', 'Mapa 40: Patrón del Campo Holonómico: Modelo primario del campo resonante como las Galaxias Gi-roscópicas.'),
('hol', 'bib', 'asc', '02-05-03', 'Mapa 41: El Campo Psi como la Matriz de la Visión.'),
('hol', 'bib', 'asc', '02-05-04', 'Mapa 42: La trama del Banco Psi y la Urdimbre Holonómica.'),
('hol', 'bib', 'asc', '02-05-05', 'Mapa 43: La Clave del flujo del Banco Psi: 2 Templetes, 4 Placas de la Columna, 8 Placas Estacionales, 24 Membranas Nimboideas (...).'),
('hol', 'bib', 'asc', '02-05-06', 'Mapa 44: La Matriz Psi como el Templete radiosónico y el Templete Radiosónico como el Templo del Hom-bre, mostrando los 5 Centros de Activación Biopsiquica.'),
('hol', 'bib', 'asc', '02-05-07', 'Mapa 45: Carta de Activación Cromocelular Psicogenética.'),
('hol', 'bib', 'asc', '02-05-08', 'Mapa 46: Trama del Banco Psi: Código Cromático.'),
('hol', 'bib', 'asc', '02-05-09', 'Mapa 47: Las Cuatro Casas del Arco Iris del Sol, los Cuatro Ríos de la Vida.'),
('hol', 'bib', 'asc', '02-05-10', 'Mapa 48: El Patrón de Campo Holonómico :Configuración del Circuito Polar Binario de 16 Partes.'),
('hol', 'bib', 'asc', '02-06', 'Conclusión: Para Cruzar la Gran Agua de la Historia.'),
('hol', 'bib', 'asc', '02-06-00', 'Mapas VI, Un Preludio al Mapa 49'),
('hol', 'bib', 'asc', '02-06-01', 'Mapa 49: Revolución, Postludio.'),
('hol', 'bib', 'asc', '02-06-02', 'Mapa 50: Sinergía y Holonomia.'),
('hol', 'bib', 'asc', '03', 'Apéndices'),
('hol', 'bib', 'asc', '03-01', 'Reporte del Arte Planetario.'),
('hol', 'bib', 'asc', '03-02', 'Los Cuadrados Mágicos de Ben Franklin y la Polaridad Cruzada.'),
('hol', 'bib', 'asc', '03-03', 'Templete Formula Holonómica.'),
('hol', 'bib', 'ato', '01', 'INTRODUCCIÓN: MODELO DEL UNIVERSO PLASMA -MATRIZ RADIAL (MR-MUP)'),
('hol', 'bib', 'ato', '02', 'La Práctica del 7:7::7:7, Índice e Inventario de Partes'),
('hol', 'bib', 'ato', '03', 'Índice del 7:7::7:7'),
('hol', 'bib', 'ato', '03-01', 'Los Siete Plasmas Radiales'),
('hol', 'bib', 'ato', '03-02', 'Átomo Telepático del Tiempo'),
('hol', 'bib', 'ato', '03-03', '7 x 4 Juegos Semanales de Color'),
('hol', 'bib', 'ato', '03-04', 'Heptágono de la Mente'),
('hol', 'bib', 'ato', '03-05', 'Las Cuatro Iniciaciones Semanales'),
('hol', 'bib', 'ato', '03-06', 'Las Siete Autodeclaraciones Diarias de Padmasambhava'),
('hol', 'bib', 'ato', '03-07', 'Los Siete Chakras y el Cubo del Radión'),
('hol', 'bib', 'ato', '04', 'Catálogo de las Partes del 7:7::7:7'),
('hol', 'bib', 'ato', '04-01', '7:7::7:7 Revelación de 28 Días del Tablero del Plasma de Compresión Fractal del Tiempo'),
('hol', 'bib', 'ato', '04-02', 'Descripción de las 28 Cartas del Plasma'),
('hol', 'bib', 'ato', '04-03', 'La Hoja de Instrucciones del 7:7::7:7 '),
('hol', 'bib', 'ato', '05', 'Apéndices'),
('hol', 'bib', 'ato', '05-01', 'Raíces del 7:7::7:7 en el Telektonon'),
('hol', 'bib', 'ato', '05-02', 'Fuente de MUP Modelo Universal del Plasma'),
('hol', 'bib', 'ato', '05-03', 'El Ciclo de la Profecía de Chilam Balam Completo: Triunfo de UR.'),
('hol', 'bib', 'ato', '05-04', 'Cruce del Cuerpo Calloso de la Historia Codón 49 (7x 7), la Séptima Luna y las Siete Tierras de UR'),
('hol', 'bib', 'ato', '05-05', 'La Revelación 7:7::7:7: Siete Katunes es a Siete Años como Siete Años son a Siete Lunas'),
('hol', 'bib', 'ato', '05-06', 'Cierre del Ciclo: Las Siete Últimas Lunas de los Trece Baktunes Heptágono Interior de la Mente: Los 144.000 Cubicados Dentro'),
('hol', 'bib', 'ato', '05-07', 'Cierre del Ciclo – Kin del Cronógrafo 201, Dragón Rítmico Rojo, Luna Rítmica, 2012-2013 DA, “Luna-Fuera-del-Tiempo” (ver al final el gráfico del Catálogo Codón 7:7::7:7)'),
('hol', 'bib', 'ato', '05-08', 'Cierre del Ciclo: Siete Lunas Místicas para el Lanzamiento de la Nave del Tiempo Tierra 2013 – La Culminación del 7:7::7:7'),
('hol', 'bib', 'ato', '05-09', '7:7::7:7, 4:7::7:13, y la constante 13:7'),
('hol', 'bib', 'ato', '05-10', 'El Libro de las Siete Generaciones y las Profecías de Chilam Balam'),
('hol', 'bib', 'ato', '05-11', 'Votan Recordado, Parte II: Avatares de la Tradición de Chilam Balam'),
('hol', 'bib', 'ato', '06', 'Referencias'),
('hol', 'bib', 'cro', '01', 'Introducción'),
('hol', 'bib', 'cro', '01-01', 'El sistema del Synchronotron'),
('hol', 'bib', 'cro', '01-02', 'Bases para la Práctica Básica del Synchronotron'),
('hol', 'bib', 'cro', '01-02-01', 'Cómo entrar en la Matriz del Cubo 441'),
('hol', 'bib', 'cro', '01-02-02', '0. Puerta de la Heptada'),
('hol', 'bib', 'cro', '01-02-03', '1. Matriz Tiempo'),
('hol', 'bib', 'cro', '01-02-04', '2. Matriz Espacio '),
('hol', 'bib', 'cro', '01-02-05', '3. Matriz Sincrónica'),
('hol', 'bib', 'cro', '01-02-06', '4. Frecuencia Maestra de Coordinación'),
('hol', 'bib', 'cro', '01-02-07', '5. Frecuencia Armónica Acumulada'),
('hol', 'bib', 'cro', '01-02-08', '6. Notas de la Escala Diatónica diarias'),
('hol', 'bib', 'cro', '01-02-09', '7. Perceptor Holomental'),
('hol', 'bib', 'cro', '01-03', 'Videos de Valum Votan explicando el Synchrontron'),
('hol', 'bib', 'cro', '01-04', 'Código Diário - Ciclo de 63 días'),
('hol', 'bib', 'cro', '02', 'Práctica'),
('hol', 'bib', 'cro', '02-01', 'Cálculos básicos de la Heptada'),
('hol', 'bib', 'cro', '02-02', 'Hunab Ku 21'),
('hol', 'bib', 'cro', '02-03', 'Plantillas del Synchronotron'),
('hol', 'bib', 'cro', '02-04', 'Plantillas Senderos Células'),
('hol', 'bib', 'cro', '03', 'Boletines Intergalácticos'),
('hol', 'bib', 'cro', '03-01', 'Diccionario de los Números 1-441'),
('hol', 'bib', 'cro', '03-02', 'Perceptor Holomental, Qué es y cómo utilizarlo'),
('hol', 'bib', 'cro', '03-03', 'Principios de Memorización Telepática'),
('hol', 'bib', 'cro', '03-04', 'La Ley del Tiempo y el Descenso de la Supermente '),
('hol', 'bib', 'cro', '03-05', 'Synchronotron Un Sendero de Regreso a las Estrellas'),
('hol', 'bib', 'cro', '03-06', 'Synchronotron 441, Historia Cósmica y los Nueve Señores del Tiempo'),
('hol', 'bib', 'cro', '03-07', 'Cómo entrar en Hunab Ku 21'),
('hol', 'bib', 'cro', '03-08', 'Regreso a lo Básico'),
('hol', 'bib', 'cro', '03-09', 'Arquetipos, Lentes del Tiempo y Unidades Telektonon'),
('hol', 'bib', 'cro', '03-10', 'Códigos Clave'),
('hol', 'bib', 'cro', '03-11', 'Visualización, Construcción de la Estructura Arquetípica'),
('hol', 'bib', 'cro', '03-12', 'Synchronotron y Textos Sagrados'),
('hol', 'bib', 'cro', '03-13', 'Actívate con el Perceptor Holomental'),
('hol', 'bib', 'cro', '03-14', 'Matriz de los Sentidos Holográfica'),
('hol', 'bib', 'cro', '03-15', 'Sol, 7 Ángeles Solares y ADN'),
('hol', 'bib', 'cro', '03-16', 'Índice Perceptor Holomental'),
('hol', 'bib', 'cro', '03-17', 'Reto del Synchronotron: Cubica Tu Destino'),
('hol', 'bib', 'cro', '04', 'Material Complementario'),
('hol', 'bib', 'cro', '04-01', 'Cuaderno Mágico del Tiempo'),
('hol', 'bib', 'cro', '04-02', 'Los 7 Postulados del Sistema Operativo Galáctico  '),
('hol', 'bib', 'cro', '04-03', 'Mensaje de Mevlana/Bülent Çorak  '),
('hol', 'bib', 'cro', '04-04', '19 Puntos sobre Sirio  '),
('hol', 'bib', 'cro', '04-05', 'Por el Comando del Sistema Central Comunicado de la Sección de la Unificación de la Materia  '),
('hol', 'bib', 'cro', '04-06', 'Boletín del Proyecto Rinri III, Edición del Misterio de la Piedra, Volumen 3, Nº 3  '),
('hol', 'bib', 'cro', '04-07', 'APENDICE VOL 6 I-CHING GALACTICO  '),
('hol', 'bib', 'cro', '04-08', 'DICCIONARIO DE LOS NÚMEROS 0-441 EN CURSO  '),
('hol', 'bib', 'cro', '04-09', 'I Ching Perpetuo de 28 Dias  '),
('hol', 'bib', 'cro', '04-10', 'Programa 128 codones noosfera  '),
('hol', 'bib', 'cro', '04-11', 'Las 48 Runas Ur Armónicas de La Segunda Creación y otros elementos del Arbol De La Vida Telepático Parlan'),
('hol', 'bib', 'din', '01', 'I.	ESTABLECIENDO LA NORMA'),
('hol', 'bib', 'din', '01-01', '0. Postulados que Gobiernan la Dinámica del Tiempo en Relación a la Dinámica del Espacio'),
('hol', 'bib', 'din', '01-02', '1. Postulados del Tiempo que Gobiernan el Propósito y Niveles de Consciencia de los Cuerpos en Evolución'),
('hol', 'bib', 'din', '01-03', '2. Diferencias Variables en la Evolución en el Tiempo de las Diferentes Masas Estelares'),
('hol', 'bib', 'din', '01-04', '3. La Naturaleza Holonómica del Cerebro Galáctico Incorporado en la Naturaleza Evolutiva de la Masa Estelar, Incluidos los Cuerpos Planetarios'),
('hol', 'bib', 'din', '01-05', '4. El Cerebro Galáctico Incorporado en el Cuerpo en Evolución del Planeta Tierra'),
('hol', 'bib', 'din', '01-06', '5. La Ley del Tiempo y la Transición Biosfera-Noosfera'),
('hol', 'bib', 'din', '01-07', '6. Herramientas Humanas Cuatridimensionales para el Desarrollo de las Tecnologías Telepáticas Interdimensionales'),
('hol', 'bib', 'din', '02', 'II.	EJERCITANDO LA NORMA'),
('hol', 'bib', 'din', '02-01', '7.	Uso de las Herramientas para Representar los Niveles de Incidencia de las Armónicas Celestes'),
('hol', 'bib', 'din', '02-02', '8.	Yoga, Meditación y Teleportación Sensorial'),
('hol', 'bib', 'din', '02-03', '9.	Naturaleza Hiperorgánica de la Evolución y el Advenimiento de la Era Psicozoica'),
('hol', 'bib', 'din', '02-04', '10.	Principios de Reordenación Armónica del Orden Sincrónico'),
('hol', 'bib', 'din', '02-05', '11.	Desarrollo de la Personalidad Secundaria Como Agente o Vehículo para el Viaje en el Tiempo'),
('hol', 'bib', 'din', '02-06', '12.	Descripción de los Vehículos para el Viaje en el Tiempo'),
('hol', 'bib', 'din', '02-07', '13.	Transporte en el Tiempo del Cuerpo Entero'),
('hol', 'bib', 'din', '03', 'III. PRACTICANDO LA NORMA COMO LA VIDA DE LAS FUNCIONES ANÁLOGAS SUPERIORES'),
('hol', 'bib', 'din', '03-01', '14.	Excitación del Pulso Planetario y Estelar: Radión, Energía Radial, Matrices Radiales'),
('hol', 'bib', 'din', '03-02', '15.	Incremento de la Incidencia de la Consciencia Subliminal como Efecto de la Retroalimentación de los Pulsos Planetario y Estelar'),
('hol', 'bib', 'din', '03-03', '16.	Variedades y Etapas de la Excitación y Evolución Estelar'),
('hol', 'bib', 'din', '03-04', '17.	Involucrando a la Federación Galáctica, y la Naturaleza de la Consciencia Post-Orgánica'),
('hol', 'bib', 'din', '03-05', '18.	Viaje a los Universos Paralelos, o Visitas a Otros Cerebros Galácticos'),
('hol', 'bib', 'din', '03-06', '19.	Dios'),
('hol', 'bib', 'din', '04', 'GRÁFICOS'),
('hol', 'bib', 'din', '04-01', 'Vehículo de Transporte del Cristal de Doble Terminación para la Teleportación Sensorial y Demostración del Viaje en el Tiempo del Poder del 19'),
('hol', 'bib', 'din', '04-02', 'Cerebro Galáctico: La Dinámica del Tiempo Mostrando la Evolución del Tiempo como Consciencia – T(E)=Arte'),
('hol', 'bib', 'enc', '01', 'Parte 1. El Géneses'),
('hol', 'bib', 'enc', '01-01', 'Génsis del Encantamiento del Sueño'),
('hol', 'bib', 'enc', '01-02', 'El Don'),
('hol', 'bib', 'enc', '02', 'Parte 2. Oráculo del Destino del Encantamiento del Sueño'),
('hol', 'bib', 'enc', '02-01', 'La Misión del Encantamiento del Sueño de la Nave del Tiempo Tierra 2.013'),
('hol', 'bib', 'enc', '02-02', 'Cómo jugar y entrar en el oráculo del Tiempo Galáctico'),
('hol', 'bib', 'enc', '02-02-01', 'Oráculo del Encantamiento del Sueño: Partes'),
('hol', 'bib', 'enc', '02-02-02', 'Oráculo del Destino del Encantamiento del Sueño: Cómo jugar'),
('hol', 'bib', 'enc', '02-03', 'Reglas del Juego del Encantamiento del Sueño'),
('hol', 'bib', 'enc', '02-03-01', 'Firma Galáctica: el Holón, el kin Planetario y el Ego'),
('hol', 'bib', 'enc', '02-03-02', 'Ley del Kin.'),
('hol', 'bib', 'enc', '02-03-03', 'Jugando el Oráculo del Encantamiento del Sueño'),
('hol', 'bib', 'enc', '02-03-04', 'Conociendo el Átomo del Tiempo Cromático: El Cubo de Color'),
('hol', 'bib', 'enc', '02-03-05', 'Las fichas de los 20 Sellos Solares'),
('hol', 'bib', 'enc', '02-03-06', 'Guía del Oráculo del Encantamiento del Sueño: colocar y leer el Oráculo'),
('hol', 'bib', 'enc', '02-03-06-01', 'Claves de lectura'),
('hol', 'bib', 'enc', '02-03-06-02', 'Tonos Galácticos'),
('hol', 'bib', 'enc', '02-03-06-03', 'Ley de los pares antípodas y ocultos'),
('hol', 'bib', 'enc', '02-03-06-04', 'Ley de las Parejas Antípodas'),
('hol', 'bib', 'enc', '02-03-06-05', 'Ley de las Parejas Ocultas y los Cuartetos'),
('hol', 'bib', 'enc', '02-03-06-06', 'Parejas Análogas'),
('hol', 'bib', 'enc', '02-03-07', 'Índice Armónico.'),
('hol', 'bib', 'enc', '02-03-08', 'Sendero del Destino de 52 años'),
('hol', 'bib', 'enc', '02-03-09', 'Calendario Perpetuo de 13 Lunas'),
('hol', 'bib', 'enc', '02-03-10', 'Tablero de Viaje del Mapa del Tiempo: el Giro Galáctico de 260 Kin'),
('hol', 'bib', 'enc', '02-03-11', 'Polaridad Radial'),
('hol', 'bib', 'enc', '02-04', 'Unidades de Medida'),
('hol', 'bib', 'enc', '02-05', 'Glosario del Encantamiento del Sueño'),
('hol', 'bib', 'enc', '03', 'Parte 3. Índice del Oráculo del Encantamiento del Sueño'),
('hol', 'bib', 'enc', '03-01', 'Oráculo del Destino de las Cuatro Razas Raíz Cósmicas'),
('hol', 'bib', 'enc', '03-02', 'Índice del Génesis de Clanes: Colocación Cromática'),
('hol', 'bib', 'enc', '03-03', 'Índice del Génesis Planetario: Código Solar-Galáctico 0-19'),
('hol', 'bib', 'enc', '03-04', 'Índice de Razas Raíz: Colocación Armónica'),
('hol', 'bib', 'enc', '03-05', 'Índice de Células del Tiempo: Colocación Armónica'),
('hol', 'bib', 'enc', '03-06', 'Índice del Génesis de los Castillos: Génesis del Encantamiento del Sueño'),
('hol', 'bib', 'enc', '03-07', 'Holón del Planeta: La Nave Tiempo Tierra 2.013'),
('hol', 'bib', 'enc', '03-08', 'Holón Humano'),
('hol', 'bib', 'enc', '03-09', 'Quinta Fuerza: El Poder de los Trece Tonos Galácticos'),
('hol', 'bib', 'enc', '03-10', 'Onda Encantada: Qué es'),
('hol', 'bib', 'enc', '03-11', 'Calendario Perpetuo de 13 Lunas y 13 Tonos Galácticos de la onda encantada'),
('hol', 'bib', 'enc', '03-12', 'Onda Encantada de la Aventura'),
('hol', 'bib', 'enc', '03-13', 'Código Púlsar'),
('hol', 'bib', 'enc', '03-14', 'Cuenta atrás de 26 años de la Nave Tiempo Tierra 2.013'),
('hol', 'bib', 'enc', '03-15', 'Escudo de la Quinta Fuerza Galáctica'),
('hol', 'bib', 'enc', '03-16', 'Kin Polar y el Giro Espectral'),
('hol', 'bib', 'enc', '03-17', 'Libro del Kin'),
('hol', 'bib', 'enc', '04', 'Parte 4. El Libro del Kin'),
('hol', 'bib', 'enc', '04-01', 'Castillo Rojo Este del Girar (Arm 1-13)'),
('hol', 'bib', 'enc', '04-01-01', 'Dragón Rojo'),
('hol', 'bib', 'enc', '04-01-02', 'Mago Blanco'),
('hol', 'bib', 'enc', '04-01-03', 'Mano Azul'),
('hol', 'bib', 'enc', '04-01-04', 'Sol Amarillo'),
('hol', 'bib', 'enc', '04-02', 'Castillo Blanco Norte del Cruzar (Arm 14-26)'),
('hol', 'bib', 'enc', '04-02-01', 'Caminante del Cielo Rojo'),
('hol', 'bib', 'enc', '04-02-02', 'Enlazador de Mundos Blanco'),
('hol', 'bib', 'enc', '04-02-03', 'Tormenta Azul'),
('hol', 'bib', 'enc', '04-02-04', 'Humano Amarillo'),
('hol', 'bib', 'enc', '04-03', 'Castillo Azul Oeste del Quemar (Arm 27-39)'),
('hol', 'bib', 'enc', '04-03-01', 'Serpiente Roja'),
('hol', 'bib', 'enc', '04-03-02', 'Espejo Blanco'),
('hol', 'bib', 'enc', '04-03-03', 'Mono Azul'),
('hol', 'bib', 'enc', '04-03-04', 'Semilla Amarilla'),
('hol', 'bib', 'enc', '04-04', 'Castillo Amarillo Sur del Dar (Arm 40-52)'),
('hol', 'bib', 'enc', '04-04-01', 'Tierra Roja'),
('hol', 'bib', 'enc', '04-04-02', 'Perro Blanco'),
('hol', 'bib', 'enc', '04-04-03', 'Noche Azul'),
('hol', 'bib', 'enc', '04-04-04', 'Guerrero Amarillo'),
('hol', 'bib', 'enc', '04-05', 'Castillo Verde Central del Encantar (Arm 53-65)'),
('hol', 'bib', 'enc', '04-05-01', 'Luna Roja'),
('hol', 'bib', 'enc', '04-05-02', 'Viento Blanco'),
('hol', 'bib', 'enc', '04-05-03', 'Águila Azul'),
('hol', 'bib', 'enc', '04-05-04', 'Estrella Amarilla'),
('hol', 'bib', 'enc', '05', 'Apéndice I: La nave del Tiempo Tierra 2013'),
('hol', 'bib', 'enc', '05-01', 'El Arte Planetario del Tiempo Galáctico'),
('hol', 'bib', 'enc', '05-02', 'Glosario de Términos'),
('hol', 'bib', 'enc', '06', 'Componentes del Juego'),
('hol', 'bib', 'enc', '06-01', 'Brújula Galáctica'),
('hol', 'bib', 'enc', '06-02', 'Cubo de Color'),
('hol', 'bib', 'enc', '06-03', 'Tablero del Oráculo'),
('hol', 'bib', 'enc', '06-04', 'Tablero del Viaje'),
('hol', 'bib', 'fac', '00', 'Introducción. El misterio de los mayas: La ciencia trasciende'),
('hol', 'bib', 'fac', '01', 'Mi búsqueda'),
('hol', 'bib', 'fac', '01-01', '1953: Inicios, la visión'),
('hol', 'bib', 'fac', '01-02', '1964: Primer Visita, el Universo de Quetzalcoatl'),
('hol', 'bib', 'fac', '01-03', '1966: Las Puertas de Percepción'),
('hol', 'bib', 'fac', '01-04', '1968: Segunda Visita, el Monte Albán'),
('hol', 'bib', 'fac', '01-05', '1974: El Tzolkin y La visión Transformadora'),
('hol', 'bib', 'fac', '01-06', '1976: Tercer Visita, el Territorio Maya'),
('hol', 'bib', 'fac', '01-07', '1981: El Arte Planetario'),
('hol', 'bib', 'fac', '01-08', '1983: Radiogénesis y la Tierra en Ascenso'),
('hol', 'bib', 'fac', '01-09', '1985: La Astrología y el Factor Maya'),
('hol', 'bib', 'fac', '01-10', '1986: Cuarta Visita, El tzolkin y la Adoración al Sol'),
('hol', 'bib', 'fac', '02', 'Los Mayas, Adivinos de la Armonía'),
('hol', 'bib', 'fac', '02-01', 'Arqueología: Cronología y marco Teórico'),
('hol', 'bib', 'fac', '02-02', 'Historia: Cosmología y Ciencia Galáctica'),
('hol', 'bib', 'fac', '02-03', 'Vision Galáctica: Hunab Ku y Kuxan Suum'),
('hol', 'bib', 'fac', '02-04', 'Resonancia: Información y Armonía'),
('hol', 'bib', 'fac', '02-05', 'Paradigma: Ciencia Mental y Sincronización Galáctica'),
('hol', 'bib', 'fac', '02-06', 'Objetivo: la Transducción Resonante'),
('hol', 'bib', 'fac', '02-07', 'Medio: el Viaje Espacial y los códigos del ADN'),
('hol', 'bib', 'fac', '02-08', 'Tzolkin: la Sincronización del Sol con otros mundos'),
('hol', 'bib', 'fac', '02-09', 'La Misión de los Mayas en la Tierra'),
('hol', 'bib', 'fac', '03', 'Los Maestros Galácticos y los Número del Destino'),
('hol', 'bib', 'fac', '03-01', 'El código: 13 números y 20 signos'),
('hol', 'bib', 'fac', '03-02', 'La cuenta: Función cualititiva del numero'),
('hol', 'bib', 'fac', '03-03', 'La matriz: Secuencias Radiales'),
('hol', 'bib', 'fac', '03-04', 'El Tzolkin: Constante del tiempo Galáctico'),
('hol', 'bib', 'fac', '03-05', 'El modelo: Rayo de Sincronización Galáctica'),
('hol', 'bib', 'fac', '03-06', 'El sistema: Ciclos del Tiempo Armónico'),
('hol', 'bib', 'fac', '03-07', 'La Historia: 1° Oleada galáctica de los Mayas'),
('hol', 'bib', 'fac', '03-08', 'La Historia: 2° Oleada galáctica de los Mayas'),
('hol', 'bib', 'fac', '03-09', 'La Leyenda: Pakal Votan, el Agente Galáctico'),
('hol', 'bib', 'fac', '03-10', 'Conclusión: el Éxodo y la profecía'),
('hol', 'bib', 'fac', '04', 'El Telar Maya, el Módulo Armónico revelado'),
('hol', 'bib', 'fac', '04-01', 'El origen y la misión del Tzolkin'),
('hol', 'bib', 'fac', '04-01-01', 'Relaciones entre el Tzolkin y el I-Ching'),
('hol', 'bib', 'fac', '04-01-02', 'El código Galáctico y el Código Genético'),
('hol', 'bib', 'fac', '04-01-03', 'Tzolkin: la constante del circuito galáctico'),
('hol', 'bib', 'fac', '04-02', 'El Telar Maya y los hilos del destino'),
('hol', 'bib', 'fac', '04-02-01', 'La estructura resonante de los símbolos'),
('hol', 'bib', 'fac', '04-02-02', 'El cuerpo de luz y su estructura resonante'),
('hol', 'bib', 'fac', '04-03', 'La estructura galáctica resonante de 52 unidades'),
('hol', 'bib', 'fac', '04-03-01', 'Los 13 juegos de 4 unidades'),
('hol', 'bib', 'fac', '04-03-02', 'Los Números de Intervalo'),
('hol', 'bib', 'fac', '04-04', 'El sistema operativo de símbolos numéricos'),
('hol', 'bib', 'fac', '04-04-01', 'Los 13 números'),
('hol', 'bib', 'fac', '04-04-01-01', 'Como rayos de pulsación'),
('hol', 'bib', 'fac', '04-04-01-02', 'Combinados por simetría especular'),
('hol', 'bib', 'fac', '04-04-02', 'Los 20 símbolos'),
('hol', 'bib', 'fac', '04-04-02-01', 'Como rangos de frecuencia'),
('hol', 'bib', 'fac', '04-04-02-02', 'Como símbolos ideográficos'),
('hol', 'bib', 'fac', '04-04-02-03', 'La Matriz direccional'),
('hol', 'bib', 'fac', '04-04-02-04', 'Las 3 etapas en el desarrollo del Ser'),
('hol', 'bib', 'fac', '04-04-02-05', 'Las 5 familias cíclicas'),
('hol', 'bib', 'fac', '04-04-02-06', 'Las 4 etapas evolutivas de la mente'),
('hol', 'bib', 'fac', '04-04-03', 'Las 260 unidades'),
('hol', 'bib', 'fac', '04-04-03-01', 'Las 4 estaciones galácticas'),
('hol', 'bib', 'fac', '04-04-03-02', 'El módulo armónico como un holoescaner'),
('hol', 'bib', 'fac', '05', 'Historia y Sistema Solar, la Visión Galáctica'),
('hol', 'bib', 'fac', '05-01', 'Los cuerpos de Luz y el Banco-Psi'),
('hol', 'bib', 'fac', '05-02', 'El Gran ciclo de 5.200 tun'),
('hol', 'bib', 'fac', '05-03', 'Composición del Rayo de Sincronización-G.'),
('hol', 'bib', 'fac', '05-04', 'Los 13 baktunes del Tiempo Galáctico'),
('hol', 'bib', 'fac', '05-05', 'El proceso planetario en el sistema solar'),
('hol', 'bib', 'fac', '05-05-01', 'Los ciclos de la respiración solar'),
('hol', 'bib', 'fac', '05-05-02', 'El papel de los planetas'),
('hol', 'bib', 'fac', '05-05-03', 'El proceso evolutivo solar-interplanetario'),
('hol', 'bib', 'fac', '05-06', 'La onda armónica de la historia'),
('hol', 'bib', 'fac', '05-06-01', 'Los signos como capacitadores resonantes'),
('hol', 'bib', 'fac', '05-06-02', 'El cambio cíclico del modelo morfogenético'),
('hol', 'bib', 'fac', '05-06-03', 'El sub-ciclo de 20 katunes por baktun'),
('hol', 'bib', 'fac', '05-07', 'Los 20 ciclos AHAU'),
('hol', 'bib', 'fac', '05-07-01', 'Descripciones mítico-poéticas'),
('hol', 'bib', 'fac', '05-07-02', 'La superposición con los ciclos KATUN'),
('hol', 'bib', 'fac', '05-08', 'El cuerpo de luz planetario'),
('hol', 'bib', 'fac', '05-08-01', 'Las 52 unidades del telar maya'),
('hol', 'bib', 'fac', '05-08-02', 'Sincronización de doble sentido direccional'),
('hol', 'bib', 'fac', '06', 'El Final del Ciclo, Sincronización con el más allá'),
('hol', 'bib', 'fac', '06-01', 'Contexto actual: el Armagedón'),
('hol', 'bib', 'fac', '06-02', 'Baktún 12: los 2 últimos ciclos Ahau'),
('hol', 'bib', 'fac', '06-03', 'Baktún 12: los 20 katunes'),
('hol', 'bib', 'fac', '06-03-01', 'Katun 00: 1.618 - 1.638 D.C.'),
('hol', 'bib', 'fac', '06-03-02', 'Katun 01: 1.638 - 1.658 D.C.'),
('hol', 'bib', 'fac', '06-03-03', 'Katun 02: 1.658 - 1.677 D.C.'),
('hol', 'bib', 'fac', '06-03-04', 'Katun 03: 1.677 - 1.697 D.C.'),
('hol', 'bib', 'fac', '06-03-05', 'Katun 04: 1.697 - 1.717 D.C.'),
('hol', 'bib', 'fac', '06-03-06', 'Katun 05: 1.717 - 1.736 D.C.'),
('hol', 'bib', 'fac', '06-03-07', 'Katun 06: 1.736 - 1.756 D.C.'),
('hol', 'bib', 'fac', '06-03-08', 'Katun 07: 1.756 - 1.776 D.C.'),
('hol', 'bib', 'fac', '06-03-09', 'Katun 08: 1.776 - 1.796 D.C.'),
('hol', 'bib', 'fac', '06-03-10', 'Katun 09: 1.796 - 1.815 D.C.'),
('hol', 'bib', 'fac', '06-03-11', 'Katun 10: 1.815 - 1.835 D.C.'),
('hol', 'bib', 'fac', '06-03-12', 'Katun 11: 1.835 - 1.855 D.C.'),
('hol', 'bib', 'fac', '06-03-13', 'Katun 12: 1.855 - 1.874 D.C.'),
('hol', 'bib', 'fac', '06-03-14', 'Katun 13: 1.874 - 1.894 D.C.'),
('hol', 'bib', 'fac', '06-03-15', 'Katun 14: 1.894 - 1.914 D.C.'),
('hol', 'bib', 'fac', '06-03-16', 'Katun 15: 1.914 - 1.933 D.C.'),
('hol', 'bib', 'fac', '06-03-17', 'Katun 16: 1.933 - 1.953 D.C.'),
('hol', 'bib', 'fac', '06-03-18', 'Katun 17: 1.953 - 1.973 D.C.'),
('hol', 'bib', 'fac', '06-03-19', 'Katun 18: 1.973 - 1.992 D.C.'),
('hol', 'bib', 'fac', '06-03-20', 'Katun 19: 1.992 - 2.012 D.C.'),
('hol', 'bib', 'fac', '06-03-21', 'Katun 00: 2.012 D.C.'),
('hol', 'bib', 'fac', '06-04', 'La discordancia resonante'),
('hol', 'bib', 'fac', '06-05', 'La sincronización crítica'),
('hol', 'bib', 'fac', '07', 'Tecnología y Transformación'),
('hol', 'bib', 'fac', '07-01', 'El desarrollo tecnológico en la espiritualidad'),
('hol', 'bib', 'fac', '07-01-01', 'La ecuación tecnológica y los cambios en el ADN'),
('hol', 'bib', 'fac', '07-01-02', 'El proceso generado por el rayo de sincronización'),
('hol', 'bib', 'fac', '07-01-03', 'La luz y la vida: El tzolkin con la estructura del ADN'),
('hol', 'bib', 'fac', '07-01-04', 'Distinciones entre el mito y la historia'),
('hol', 'bib', 'fac', '07-02', 'El paso de la Tierra por el Rayo de Sincronización'),
('hol', 'bib', 'fac', '07-02-01', 'Cambio de paradigma: la tecnología se convierte en transformación'),
('hol', 'bib', 'fac', '07-02-02', 'La convergencia armónica: el ultimo paso hacia la sincronización galáctica'),
('hol', 'bib', 'fac', '07-03', 'El cuerpo de luz y su aplicación con el ADN mediante el tablero resonante - tzolkin -'),
('hol', 'bib', 'fac', '07-03-01', 'Los 13 campos del tzolkin y la función del ADN en la historia-tecnología'),
('hol', 'bib', 'fac', '07-03-02', 'La función de la tecnología en la estructura del código ADN'),
('hol', 'bib', 'fac', '07-03-03', 'Las 64 unidades del código genético, el i-ching y el cuadrado mágico del 8'),
('hol', 'bib', 'fac', '07-04', 'El papel de los mayas en el proceso de sincronización'),
('hol', 'bib', 'fac', '07-04-01', 'Otras pistas en el sistema solar'),
('hol', 'bib', 'fac', '07-04-02', 'El regreso de Pacal Votan en la convergecia armónica'),
('hol', 'bib', 'fac', '07-04-03', 'El último paso: los recuerdos, la nueva percepción y la campaña por la Tierra'),
('hol', 'bib', 'fac', '07-04-04', 'Impresiones icónicas: los guerreros del Shambhala'),
('hol', 'bib', 'fac', '08', 'La próxima Era Solar'),
('hol', 'bib', 'fac', '08-01', 'Dimensiones de consciencia y la aparición del humano en el proceso planetario'),
('hol', 'bib', 'fac', '08-01-01', 'Comienzos del ciclo y la primer aparición del reino de Shambala'),
('hol', 'bib', 'fac', '08-01-02', 'Del culto solar planetario a la industrialización global'),
('hol', 'bib', 'fac', '08-01-03', 'La era del Materialismo: punto cúlmine en el rayo de sincronización'),
('hol', 'bib', 'fac', '08-02', 'El mar electromagnético del entorno, y el circuito bio-electromagnético del humano'),
('hol', 'bib', 'fac', '08-02-01', 'Los elementos del circuito y las corrientes de información'),
('hol', 'bib', 'fac', '08-02-02', 'La activación del cuerpo de luz'),
('hol', 'bib', 'fac', '08-03', 'El tzolkin como modelo del campo del cuerpo luminoso'),
('hol', 'bib', 'fac', '08-03-01', 'Las 13 articulaciones principales y los 20 dedos en las manos y los pies'),
('hol', 'bib', 'fac', '08-03-02', 'Los órganos de los Sentidos y los puntos de actividad Galáctica'),
('hol', 'bib', 'fac', '08-03-03', 'Las enfermedades de la era indusrtial y la medicina bio-electromagnética'),
('hol', 'bib', 'fac', '08-04', 'Cosmovisión del cuerpo de luz: la resonancia del humano con la tierra'),
('hol', 'bib', 'fac', '08-04-01', 'El disfrute de los sentidos como desbloqueo natural'),
('hol', 'bib', 'fac', '08-04-02', 'El proceso de Resonancia psico-sensoria'),
('hol', 'bib', 'fac', '08-04-03', 'El Código galáctico informativo de la magnetósfera terrestre'),
('hol', 'bib', 'fac', '08-04-04', 'Liberaciones de energía resonante en el campo terrestre y humano'),
('hol', 'bib', 'fac', '08-05', 'La nueva casa de los sentidos en la próxima era solar'),
('hol', 'bib', 'fac', '08-05-01', 'Aspectos científicos generales'),
('hol', 'bib', 'fac', '08-05-02', 'Estilo de vida creativo y espiritual'),
('hol', 'bib', 'fac', '08-05-03', 'Conexion universal y organización autónoma'),
('hol', 'bib', 'fac', '08-05-04', 'Últimos pasos hacia la transformación'),
('hol', 'bib', 'fac', '09', 'Manual del paradigma resonante'),
('hol', 'bib', 'fac', '09-01', 'Glosario de términos'),
('hol', 'bib', 'fac', '09-02', 'Conceptos claves de los mayas'),
('hol', 'bib', 'fac', '10', 'El Armónico Sistema Numérico de los mayas'),
('hol', 'bib', 'fac', '10-01', 'Progresiones Binarias'),
('hol', 'bib', 'fac', '10-02', 'Armónicos de Luz y de onda'),
('hol', 'bib', 'fac', '10-03', 'El Sistema matemático'),
('hol', 'bib', 'fac', '11', 'Sumplementos'),
('hol', 'bib', 'fac', '11-01', 'Números direccionales y números radiales'),
('hol', 'bib', 'fac', '11-02', 'Factores y Fractales Maya'),
('hol', 'bib', 'fac', '11-03', 'Armónicos del Calendario'),
('hol', 'bib', 'fac', '11-04', 'Números Armónicos'),
('hol', 'bib', 'fac', '11-05', 'Ciclo de 52 años y el calendario circular diario'),
('hol', 'bib', 'lun', '01', 'Una Época De Apocalipsis: El calendario Gregoriano Desenmascarado Una Postdata de 13 Lunas al Factor Maya'),
('hol', 'bib', 'lun', '01-01', 'Pensando sobre lo Impensable'),
('hol', 'bib', 'lun', '01-02', 'Lunas, Mayas y el Calendario de 13 Lunas'),
('hol', 'bib', 'lun', '01-03', 'Romper la Barrera: Liberarse del Encantamiento del Sueño de la Historia'),
('hol', 'bib', 'lun', '02', '13 Lunas en Movimiento: Punto de partida de los Kin Planetarios del Calendario de 13 Lunas'),
('hol', 'bib', 'lun', '02-01', 'El Calendario de 13 Lunas y la Naturaleza del Tiempo'),
('hol', 'bib', 'lun', '02-02', 'EL Calendario de 13 Lunas: Un Vehículo de Liberación'),
('hol', 'bib', 'lun', '02-03', 'Para Convertirte en un Kin Planetario, Sigue las Trece Lunas'),
('hol', 'bib', 'lun', '02-04', 'El Calendario de 13 Lunas y la Onda Encantada del Servicio Planetario'),
('hol', 'bib', 'lun', '02-05', 'La Perfección Armónica de la Onda Encantada del Calendario de 13 Lunas'),
('hol', 'bib', 'lun', '02-06', 'El Punto de Partida del Calendario'),
('hol', 'bib', 'lun', '02-07', 'Entrando en la Corriente: Distribución de Cada Luna del Calendario'),
('hol', 'bib', 'lun', '02-07-01', 'Fechas de las 13 lunas'),
('hol', 'bib', 'lun', '02-07-02', 'Funciones de las 13 lunas'),
('hol', 'bib', 'lun', '02-07-03', 'Los 7 Días por Semana'),
('hol', 'bib', 'lun', '02-07-04', 'Las 4 Semanas por Luna'),
('hol', 'bib', 'lun', '02-07-05', 'Los ciclos lunares'),
('hol', 'bib', 'lun', '02-07-06', 'Las 13 posiciones diarias de la onda encantada'),
('hol', 'bib', 'lun', '02-07-07', 'Los 5 castillos del giro galáctico'),
('hol', 'bib', 'lun', '02-07-08', 'El tzolkin: código enzima galáctico'),
('hol', 'bib', 'lun', '02-07-09', 'Notaciones del Sincronario'),
('hol', 'bib', 'lun', '03', 'Almanaque Arturiano: Catálogo de los Ciclos Mayas del Encantamiento del Sueño'),
('hol', 'bib', 'lun', '03-01', 'Nota Histórica'),
('hol', 'bib', 'lun', '03-02', 'Ciclos Fractales del Tiempo Radial'),
('hol', 'bib', 'lun', '03-02-01', 'Códigos'),
('hol', 'bib', 'lun', '03-02-02', 'Ciclos menores'),
('hol', 'bib', 'lun', '03-02-03', 'Ciclos mayores'),
('hol', 'bib', 'lun', '03-02-04', 'Nota sobre ciclos mayas'),
('hol', 'bib', 'lun', '04', 'La Tortuga de las Trece Lunas'),
('hol', 'bib', 'lun', '04-01', 'Tortuga de las Trece Lunas en Movimiento'),
('hol', 'bib', 'lun', '04-02', 'Trece Lunas: Un Sendero Soberano para caminar'),
('hol', 'bib', 'lun', '04-03', 'Siguiendo la Onda Encantada hasta el 2013 DA'),
('hol', 'bib', 'lun', '04-04', 'Isla Tortuga: El Viaje del Encantamiento del Sueño de la Nave Tiempo Tierra 2013'),
('hol', 'bib', 'lun', '04-05', 'Las Cinco Familias Terrestres de la Nave Tiempo Tierra 2013 '),
('hol', 'bib', 'lun', '05', 'Componentes'),
('hol', 'bib', 'lun', '05-01', 'Colocacion Cromática'),
('hol', 'bib', 'lun', '05-02', 'Colocacion Armónica'),
('hol', 'bib', 'lun', '05-03', 'Holon Humano'),
('hol', 'bib', 'lun', '05-04', 'Tzolkin'),
('hol', 'bib', 'lun', '05-05', 'Sellos Solares'),
('hol', 'bib', 'rin', '01', '¿Qué es?'),
('hol', 'bib', 'rin', '01-01', 'Introducción: un experimento científico llamado paz mundial'),
('hol', 'bib', 'rin', '01-02', 'Exposición del problema y solución propuesta por el proyecto rinri'),
('hol', 'bib', 'rin', '01-03', 'Descripción del experimento: girando el magneto invisible central del ser'),
('hol', 'bib', 'rin', '01-03-01', 'Girando el Magneto Invisible Central del Ser. Cuatro Giros, Cuatro Años, Una Armónica Cósmica'),
('hol', 'bib', 'rin', '01-03-02', 'Las Cuatro Placas del Banco Psi Mostrando la Activación Anual de las Unidades Psi Crono'),
('hol', 'bib', 'rin', '01-03-03', 'La Red del Telektonon: Mostrando las Correspondencias Psi Crono, Telar Maya y Viaje del Cubo'),
('hol', 'bib', 'rin', '01-04', 'El magneto invisible del ser: la vision total'),
('hol', 'bib', 'rin', '02', '¿Cómo Hacerlo?'),
('hol', 'bib', 'rin', '02-01', '1° paso: Las 73 cromaticas de la constante de la biomasa'),
('hol', 'bib', 'rin', '02-01-01', 'Holón del Planeta'),
('hol', 'bib', 'rin', '02-01-02', 'Holón Humano'),
('hol', 'bib', 'rin', '02-02', '2° paso: Correspondencias magneticas entre placas'),
('hol', 'bib', 'rin', '02-02-01', 'Correspondencias Magnéticas entre los Años, Placas Psi, Estaciones y Colores'),
('hol', 'bib', 'rin', '02-03', '3° paso: Las unidades psi crono: siguiendo la pista al banco psi'),
('hol', 'bib', 'rin', '02-04', '4° paso: Correspondencias de la torre y el cubo entre el tablero del telektonon y las placas del banco psi'),
('hol', 'bib', 'rin', '02-04-01', 'Correspondencias entre el Cuarteto Oculto y la Posición Torre del Telektonon'),
('hol', 'bib', 'rin', '02-04-02', 'Instrucciones Especiales de la Visualización Telepática para los Días Torre'),
('hol', 'bib', 'rin', '02-04-03', 'Las 16 Posiciones del Cubo y los 208 Pasos a la Torre del Mago Merlín'),
('hol', 'bib', 'rin', '02-04-04', 'La Red del Telektonon: Mostrando las Correspondencias Psi Crono, Telar Maya y Viaje del Cubo'),
('hol', 'bib', 'rin', '02-05', '5° paso: Los siete plasmas radiales, los siete sellos y los siete años de la profecía. El heptágono de la mente'),
('hol', 'bib', 'rin', '02-05-01', 'Los Siete Sellos, Siete Plasmas Radiales y sus Siete Funciones Anuales'),
('hol', 'bib', 'rin', '02-06', '6° paso: Plantando el rayo cósmico: fases de aplicación'),
('hol', 'bib', 'rin', '02-06-01', 'Fase 1: Lanzamiento de la Liberación del Plasma Radial'),
('hol', 'bib', 'rin', '02-06-02', 'Fase 2 : Cambiando el Magneto, Construyendo el Cubo de la Ley'),
('hol', 'bib', 'rin', '02-06-03', 'Subfase 1: 4° plasma, Kali '),
('hol', 'bib', 'rin', '02-06-04', 'Subfase 2: 5° plasma, Alfa '),
('hol', 'bib', 'rin', '02-06-05', 'Subfase 3: 6° plasma, Limi '),
('hol', 'bib', 'rin', '02-06-06', 'Subfase 4: 7° plasma, Silio '),
('hol', 'bib', 'rin', '02-07', '7° paso: Lanzamiento del puente arcoiris circumpolar, manifestación del banco psi'),
('hol', 'bib', 'rin', '02-08', 'Resumen de la meditación telepática diaria, instrucciones de la visualización y lista de herramientas'),
('hol', 'bib', 'rin', '03', 'Viaje del Guerrero por el Cubo de la Ley'),
('hol', 'bib', 'rin', '03-01', 'Una nota acerca del proyecto Rinri'),
('hol', 'bib', 'rin', '03-02', 'Viaje del cubo del guerrero de 16 días'),
('hol', 'bib', 'rin', '03-03', 'Afirmaciones'),
('hol', 'bib', 'rin', '03-04', 'Los 4 Principios guiadores'),
('hol', 'bib', 'rin', '03-05', 'Telektonon: una historia de amor'),
('hol', 'bib', 'rin', '04', 'Material Práctico'),
('hol', 'bib', 'rin', '04-01', 'El proyecto rinri'),
('hol', 'bib', 'rin', '04-02', 'Meditación diaria de la ley del tiempo'),
('hol', 'bib', 'rin', '04-03', 'Afirmaciones diarias del cubo'),
('hol', 'bib', 'rin', '04-04', 'Plantilla para rellenar el almanaque de los magos de la tierra'),
('hol', 'bib', 'rin', '04-05', 'Armonicas - codones'),
('hol', 'bib', 'rin', '04-06', 'El juego de la profecia'),
('hol', 'bib', 'rin', '04-07', 'Runas del futhark antiguo'),
('hol', 'bib', 'rin', '04-08', 'Banco psi'),
('hol', 'bib', 'rin', '05', 'Portal del Tiempo'),
('hol', 'bib', 'tab', '01', 'I. PRÓLOGO: ENTRADA AL MISTERIO'),
('hol', 'bib', 'tab', '01-01', 'Enigma de la Piedra, de Pacal Votan.'),
('hol', 'bib', 'tab', '01-02', 'Valum Votan, El Cerrador del Ciclo.'),
('hol', 'bib', 'tab', '01-03', 'Recuperación del Plan Divino, Telektonon.'),
('hol', 'bib', 'tab', '01-04', 'Concerniente al Samadhi de Pacal Votan, el Recuerdo de UR en la Tierra.'),
('hol', 'bib', 'tab', '01-05', 'Concerniente a la Religión Universal en la Tierra.'),
('hol', 'bib', 'tab', '01-06', 'El Aprendizaje Arcturiano de Valum Votan.'),
('hol', 'bib', 'tab', '02', 'II. LAS 20 TABLAS DE LA LEY DEL TIEMPO Y EL LIBRO DE UR DE LA VIDA UNIVERSAL'),
('hol', 'bib', 'tab', '02-01', 'Preámbulo.'),
('hol', 'bib', 'tab', '02-02', 'Concerniente a las 20 Tablas de la Ley del Tiempo.'),
('hol', 'bib', 'tab', '02-03', 'Índice de las 20 Tablas de la Ley del Tiempo y el Libro de UR de la Vida Universal'),
('hol', 'bib', 'tab', '02-03-01', 'Las Cuatro Tablas de la Profecía'),
('hol', 'bib', 'tab', '02-03-01-01', 'Tabla Uno de la Profecía. El Enigma de la Piedra, de Pacal Votan: Telektonon de 16 Años'),
('hol', 'bib', 'tab', '02-03-01-02', 'Tabla Dos de la Profecía. El Tiempo de la Profecía: Los 26 Años de la Convergencia Armónica'),
('hol', 'bib', 'tab', '02-03-01-03', 'Tabla Tres de la Profecía. El Portal del Tiempo: El Cubo de la Ley Interdimensional'),
('hol', 'bib', 'tab', '02-03-01-04', 'Tabla Cuatro de la Profecía. Las 64 Runas de UR y los 64 Codones: Invocación del Manitú Planetario'),
('hol', 'bib', 'tab', '02-03-02', 'Las Dieciséis Tablas de la Ley del Tiempo: Cubo de la Ley del Telektonon de Dieciséis Años, Génesis Galáctico Uso del Cronógrafo, Lectura de la Partitura'),
('hol', 'bib', 'tab', '02-03-02-01', 'Cuadrante Estelar Este, Plano de la Mente, Tablas 1-4'),
('hol', 'bib', 'tab', '02-03-02-01-01', 'Primera Tabla, 1997-98: Cuarto Rojo del Este, Cuadrante Estelar Este'),
('hol', 'bib', 'tab', '02-03-02-01-02', 'Segunda Tabla, 1998-99: Cuarto Blanco del Norte, Cuadrante Estelar Este'),
('hol', 'bib', 'tab', '02-03-02-01-03', 'Tercera Tabla, 1999-2000: Cuarto Azul del Oeste, Cuadrante Estelar Este'),
('hol', 'bib', 'tab', '02-03-02-01-04', 'Cuarta Tabla, 2000-01: Cuarto Amarillo del Sur, Cuadrante Estelar Este'),
('hol', 'bib', 'tab', '02-03-02-02', 'Cuadrante Estelar Norte, Plano del Espíritu, Tablas 5-8'),
('hol', 'bib', 'tab', '02-03-02-02-01', 'Quinta Tabla, 2001-02: Cuarto Rojo de Este, Cuadrante Estelar Norte'),
('hol', 'bib', 'tab', '02-03-02-02-02', 'Sexta Tabla, 2002-03: Cuarto Blanco del Norte, Cuadrante Estelar Norte'),
('hol', 'bib', 'tab', '02-03-02-02-03', 'Séptima Tabla, 2003-04: Cuarto Azul del Oeste, Cuadrante Estelar Norte'),
('hol', 'bib', 'tab', '02-03-02-02-04', 'Octava Tabla, 2004-05: Cuarto Amarillo del Sur, Cuadrante Estelar Norte'),
('hol', 'bib', 'tab', '02-03-02-03', 'Cuadrante Estelar Oeste, Plano de la Voluntad, Tablas 9-12'),
('hol', 'bib', 'tab', '02-03-02-03-01', 'Novena Tabla, 2005-06: Cuarto Rojo del Este, Cuadrante Estelar Oeste'),
('hol', 'bib', 'tab', '02-03-02-03-02', 'Décima Tabla, 2006-07: Cuarto Blanco del Norte, Cuadrante Estelar Oeste    '),
('hol', 'bib', 'tab', '02-03-02-03-03', 'Undécima Tabla, 2007-08: Cuarto Azul del Oeste, Cuadrante Estelar Oeste'),
('hol', 'bib', 'tab', '02-03-02-03-04', 'Duodécima Tabla, 2008-09: Cuarto Amarillo del Sur, Cuadrante Estelar Oeste    '),
('hol', 'bib', 'tab', '02-03-02-04', 'Cuadrante Estelar Sur, Fuente Divina, TEL-EK-TON-ON, Tablas 13-16'),
('hol', 'bib', 'tab', '02-03-02-04-01', 'Decimotercera Tabla, 2009-10: Cuarto Rojo del Este, Cuadrante Estelar Sur'),
('hol', 'bib', 'tab', '02-03-02-04-02', 'Decimocuarta Tabla, 2010-11: Cuarto Blanco del Norte, Cuadrante Estelar Sur'),
('hol', 'bib', 'tab', '02-03-02-04-03', 'Decimoquinta Tabla, 2011-12: Cuarto Azul del Oeste, Cuadrante Estelar Sur'),
('hol', 'bib', 'tab', '02-03-02-04-04', 'Decimosexta Tabla, 2012-13: Cuarto Amarillo del Sur, Cuadrante Estelar Sur    '),
('hol', 'bib', 'tab', '02-03-03', 'Las Claves de las 64 Runas de UR y los 64 Codones del Libro de la Vida Universal'),
('hol', 'bib', 'tab', '02-03-03-01', 'Frontal: El Cubo de la Ley de Dieciséis Años, las Claves'),
('hol', 'bib', 'tab', '02-03-03-01-01', 'Las 64 Runas de UR de la Telepatía Universal'),
('hol', 'bib', 'tab', '02-03-03-01-02', 'Los 64 Codones de la Vida Universal'),
('hol', 'bib', 'tab', '02-03-03-01-03', 'La Frecuencia del Tiempo 13:20'),
('hol', 'bib', 'tab', '02-03-03-01-04', 'T(E) = ARTE, el Manitú Planetario'),
('hol', 'bib', 'tab', '02-03-03-02', 'Trasera: Coda de los Codones, Las Dos Plantillas Completas de los 64 Codones,'),
('hol', 'bib', 'tab', '02-03-03-02-01', 'Cielo Anterior Binario Radial, y Cielo Posterior Cubicado Secuencial.'),
('hol', 'bib', 'tab', '02-03-03-03', 'Interior: Lectura maestra de los 64 Codones y las 64 Runas UR, Plantilla de la Partitura AC-CA'),
('hol', 'bib', 'tab', '03', 'III. LIBRETO DE CONDUCTA PRÁCTICA PARA TODOS LOS MAGOS DE LA TIERRA'),
('hol', 'bib', 'tab', '03-01', 'LA REVELACION'),
('hol', 'bib', 'tab', '03-02', 'NAVEGANDO LA NAVE DEL TIEMPO TIERRA 2013: Cómo Leer y Usar las 20 Tablas de la Ley del Tiempo'),
('hol', 'bib', 'tab', '03-03', 'LA LEY DEL TIEMPO: T(E) = Arte'),
('hol', 'bib', 'tab', '04', 'LAS CUATRO TABLAS DE LA PROFECÍA'),
('hol', 'bib', 'tab', '04-01', 'Primera Tabla de la Profecía: El Enigma de la Piedra, de Pacal Votan, Telektonon de Dieciséis Años');
INSERT INTO `doc_nav` (`esq`, `cab`, `ide`, `pos`, `nom`) VALUES
('hol', 'bib', 'tab', '04-02', 'Segunda Tabla de la Profecía: El Tiempo de la Profecía, Los 26 Años de la Convergencia Armónica - Ley del Tiempo T(E) = Arte: Cambio de la Mente del Evento Inevitable'),
('hol', 'bib', 'tab', '04-03', 'Tercera Tabla de la Profecía: El Portal del Tiempo, El Cubo de la Ley Interdimensional y la Hoja de Ruta y Guía del Mago de la Tierra para el Cubo de la Ley de Dieciséis Años:'),
('hol', 'bib', 'tab', '04-03-01', 'Primera Etapa de la Hoja de Ruta: Tiempo de los Siete Videntes y el Reino de los Nueve Señores del Destino'),
('hol', 'bib', 'tab', '04-03-01-01', 'Lectura del Mapa de los Siete Videntes'),
('hol', 'bib', 'tab', '04-03-01-02', 'Bolontiku: El Reino de los Nueve Señores del Tiempo y el Destino'),
('hol', 'bib', 'tab', '04-03-02', 'Segunda Etapa de la Hoja de Ruta: Plantillas CA y la CA'),
('hol', 'bib', 'tab', '04-03-02-01', 'Continuidad Aborigen, Plantilla de los 32 Codones y Runas: Camino de la Conducta'),
('hol', 'bib', 'tab', '04-03-02-02', 'Conciencia Cósmica, Plantilla CA, 32 Codones y Runa: Camino de Ejercer el Poder'),
('hol', 'bib', 'tab', '04-03-03', 'Tercera Etapa de la Hoja de Ruta: Génesis y Onda Encantada de la Aventura de Trece Años Proporción 3:13'),
('hol', 'bib', 'tab', '04-03-03-01', 'Los Tres Años de la Nueva Génesis: 1997-2000 DA'),
('hol', 'bib', 'tab', '04-03-03-02', 'Oxlahuntiku, La Onda Encantada de la Aventura de la Segunda Creación, 2000-13 DA'),
('hol', 'bib', 'tab', '04-03-04', 'Cuarta Etapa de la Hoja de Ruta: Génesis del Dragón y el Mono, Portal Interdimensional'),
('hol', 'bib', 'tab', '04-03-04-01', 'Génesis del Dragón, Onda Encantada-Posiciones del Cubo 1-10'),
('hol', 'bib', 'tab', '04-03-04-02', 'Génesis del Mono, Onda Encantada-Posiciones del Cubo 11-16 Secuencia de Camelot'),
('hol', 'bib', 'tab', '04-03-05', 'Quinta Etapa de la Hoja de Ruta: Secuencias del Heptágono de la Mente'),
('hol', 'bib', 'tab', '04-03-06', 'Sexta Etapa de la Hoja de Ruta: 4x4 Armónicas Maestras del Cubo'),
('hol', 'bib', 'tab', '04-03-06-01', 'Los Tres Planos y la Fuente Divina, Cubo Diario'),
('hol', 'bib', 'tab', '04-03-06-02', 'Los Cuatro Conjuntos de Años Semilla-Tormenta, Cubo Anual'),
('hol', 'bib', 'tab', '04-03-06-03', 'Los Cuatro Castillos del Tiempo, Cubo de la Onda Encantada de 1300 Años'),
('hol', 'bib', 'tab', '04-03-06-04', 'Los Cuatro Cuadrantes Estelares'),
('hol', 'bib', 'tab', '04-03-07', 'Séptima Etapa de la Hoja de Ruta: El Cubo Detonado por la Quinta Fuerza'),
('hol', 'bib', 'tab', '04-04', 'Cuarta Tabla de la Profecía: Tabla de las 64 Runas y Codones, Invocación del Manitú Planetario'),
('hol', 'bib', 'tab', '04-04-1', 'Los Ocho Caminos del Sendero de UR de la Vida Universal, el Oráculo del Mago'),
('hol', 'bib', 'tab', '04-04-2', 'Invocación del Manitú Planetario'),
('hol', 'bib', 'tab', '05', 'LAS 16 TABLAS DE LA LEY DEL TIEMPO DE PACAL VOTAN'),
('hol', 'bib', 'tab', '05-01', '16 años del Cubo de la Ley del Telektonon, Jugando el Cronógrafo, Lectura de la Partitura'),
('hol', 'bib', 'tab', '05-02', 'Lado Uno: Cómo Jugar el Cronógrafo de 16 años del Telektonon, Génesis Galáctica de la Nave Tiempo Tierra 2013'),
('hol', 'bib', 'tab', '05-03', 'Lado Dos: Cómo leer la Partitura; Tejiendo el Manitú Planetario, Los 7 Días y 13 Tonos de la Creación'),
('hol', 'bib', 'tab', '06', 'Las Claves de las 64 Codones y Runas UR del Libro de la Vida Universal'),
('hol', 'bib', 'tab', '06-01', 'Introducción: \"Y los Ríos se Abrieron para los Justos\"'),
('hol', 'bib', 'tab', '06-02', 'Portada: Claves de los 64 Codones y Runas UR del Libro de la Vida Universal'),
('hol', 'bib', 'tab', '06-02-01', 'Centro: Portal del Tiempo'),
('hol', 'bib', 'tab', '06-02-02', 'Tabla Uno: Las 64 Runas, Lenguaje Universal de la Telepatía'),
('hol', 'bib', 'tab', '06-02-03', 'Tabla Dos: Los 64 Codones, Lenguaje Universal de la Vida'),
('hol', 'bib', 'tab', '06-02-04', 'Tabla Tres: Frecuencia del Tiempo 13:20, Lenguaje Universal del Tiempo'),
('hol', 'bib', 'tab', '06-02-05', 'Tabla Cuatro: T(E) = Arte, El Manitú Planetario'),
('hol', 'bib', 'tab', '06-03', 'Páginas Interiores: Los 64 Codones del Libro de la Vida Universal: Dos Plantillas'),
('hol', 'bib', 'tab', '06-03-01', 'Cuatro Letras Binarias'),
('hol', 'bib', 'tab', '06-03-02', 'La Arquitectura de las Tres Letras Binarias del Codón'),
('hol', 'bib', 'tab', '06-03-03', 'Las Ocho Tripletas de los Codones'),
('hol', 'bib', 'tab', '06-03-04', 'La Arquitectura de las Dos Tripletas del Codón'),
('hol', 'bib', 'tab', '06-03-05', 'Índice de los 64 Codones y Runas UR'),
('hol', 'bib', 'tab', '06-04', 'Cubierta Posterior: Coda de los Codones.'),
('hol', 'bib', 'tab', '06-04-01', 'Orden del Cielo Posterior o Secuencial'),
('hol', 'bib', 'tab', '06-04-02', 'Orden del Cielo Anterior o Primario'),
('hol', 'bib', 'tab', '07', 'Anexos'),
('hol', 'bib', 'tab', '07-01', 'Epílogo: Viviendo el Misterio'),
('hol', 'bib', 'tab', '07-02', 'Índice Maestro: 832 Codones / 832 Semanas – Indicado en las Tablas del Cronógrafo'),
('hol', 'bib', 'tab', '07-03', 'CODIGO PROFETICO DE VALUM VOTAN'),
('hol', 'bib', 'tab', '07-04', 'RECUPERACION DEL PLAN DIVINO'),
('hol', 'bib', 'tab', '07-05', 'SAMADHI DE PACAL VOTAN: RECUERDO DE LA RELIGION UNIVERSAL EN LA TIERRA'),
('hol', 'bib', 'tel', '01', 'Parte 1. Introducción'),
('hol', 'bib', 'tel', '01-01', 'Telektonon: La Espada de la Luz'),
('hol', 'bib', 'tel', '01-02', 'Tiempo y Telepatía'),
('hol', 'bib', 'tel', '01-03', 'El Viaje en el Laberinto del Guerrero y el Cubo de la Ley'),
('hol', 'bib', 'tel', '01-04', 'La Intersección Móvil del Tiempo'),
('hol', 'bib', 'tel', '01-05', 'Telektonon y el Encantamiento del Sueño'),
('hol', 'bib', 'tel', '01-06', 'Divina Revelación del Tiempo'),
('hol', 'bib', 'tel', '01-07', 'Campos, Flujos y Circuitos'),
('hol', 'bib', 'tel', '01-08', 'Tuvo por el que Habla el Espíritu de la Tierra'),
('hol', 'bib', 'tel', '02', 'Parte 2. Cómo entrar y jugar al Telektonon'),
('hol', 'bib', 'tel', '02-01', 'Entrando al Telektonon'),
('hol', 'bib', 'tel', '02-02', 'El Manuscrito de los Amantes, las aventuras de Pacal Votan y Bolon Ik'),
('hol', 'bib', 'tel', '02-03', 'El Tablero de juego del Telektonon'),
('hol', 'bib', 'tel', '02-03-00', 'La Práctica Telepática de la Sincronometría'),
('hol', 'bib', 'tel', '02-03-01', '1° Nivel: Moviendo las 3 tortugas'),
('hol', 'bib', 'tel', '02-03-02', '2° Nivel: Calibrando el Movimiento Diario'),
('hol', 'bib', 'tel', '02-03-03', '3° Nivel: El juego de Cartas'),
('hol', 'bib', 'tel', '02-03-04', '4° Nivel: Juego del Oráculo'),
('hol', 'bib', 'tel', '02-03-05', 'Sincronometría'),
('hol', 'bib', 'tel', '02-03-05-01', 'Líneas de fuerza Verticales'),
('hol', 'bib', 'tel', '02-03-05-02', 'Líneas de fuerza Horizontales'),
('hol', 'bib', 'tel', '02-04', 'El Sarcófago de Pacal Votan'),
('hol', 'bib', 'tel', '02-05', 'El juego de cartas del Manuscrito de los Amantes'),
('hol', 'bib', 'tel', '02-05-01', 'El Cronómetro Diario Universal'),
('hol', 'bib', 'tel', '02-05-02', 'Los Cuatro Libros de Sabiduría'),
('hol', 'bib', 'tel', '02-05-02-01', 'Libro de las Siete Generaciones Perdidas'),
('hol', 'bib', 'tel', '02-05-02-02', 'Libro del Tiempo Galáctico'),
('hol', 'bib', 'tel', '02-05-02-03', 'Libro de la Forma Cósmica'),
('hol', 'bib', 'tel', '02-05-02-04', 'Libro Telepático de la Redención de los Planetas Perdidos'),
('hol', 'bib', 'tel', '02-05-03', 'El Esquema Diario de las Cartas'),
('hol', 'bib', 'tel', '02-05-03-01', 'Posición Raíz'),
('hol', 'bib', 'tel', '02-05-03-02', 'Posición Corazón'),
('hol', 'bib', 'tel', '02-05-03-03', 'Posición Corona'),
('hol', 'bib', 'tel', '02-05-03-04', 'Posición Torre'),
('hol', 'bib', 'tel', '02-05-03-05', 'Ala Galáctica, posición diaria'),
('hol', 'bib', 'tel', '02-05-03-06', 'Ala Solar, posición semanal'),
('hol', 'bib', 'tel', '02-05-03-07', 'Ala Solar, posición diaria'),
('hol', 'bib', 'tel', '02-06', 'Los Oráculos de las 7 Generaciones y los 7 años de Profecía'),
('hol', 'bib', 'tel', '02-06-01', 'Los 7 años, los 7 anillos y los oráculos de las 7 generaciones'),
('hol', 'bib', 'tel', '02-06-02', 'Los 7 Sellos de la Profecía'),
('hol', 'bib', 'tel', '02-06-03', 'Reconstruyendo el Heptágono de la Mente'),
('hol', 'bib', 'tel', '02-07', 'La Piedra Parlante de la Profecía'),
('hol', 'bib', 'tel', '03', 'Parte 3. Glosario de Términos'),
('hol', 'bib', 'tel', '04', 'Parte 4. Temas Finales'),
('hol', 'bib', 'tel', '04-01', 'Los Dieciocho Vinales y el Vayeb'),
('hol', 'bib', 'tel', '04-02', 'La Ley de Bode confirma el Telektonon'),
('hol', 'bib', 'tel', '04-03', 'Calendario de 13 Lunas'),
('hol', 'bib', 'tel', '04-04', '20 Sellos Solares, Nombres y Números Códigos'),
('hol', 'bib', 'tel', '04-05', 'Notación Galáctica'),
('hol', 'bib', 'tel', '04-06', 'Reconocimientos'),
('hol', 'bib', 'tel', '04-07', 'Una Historia de Amor'),
('hol', 'bib', 'tie', '01', 'Introducción'),
('hol', 'bib', 'tie', '02', 'Consideraciones'),
('hol', 'bib', 'tie', '02-01', 'Pensando lo impensable'),
('hol', 'bib', 'tie', '02-02', 'El Tiempo y la Biosfera: Más Allá del Nacionalismo'),
('hol', 'bib', 'tie', '02-03', 'En Dios Confiamos: Respecto de la Falsa Religión el Tiempo es Dinero'),
('hol', 'bib', 'tie', '02-04', 'De Lunas, Mayas y el Calendario de 13 Lunas'),
('hol', 'bib', 'tie', '03', 'I. Crítica'),
('hol', 'bib', 'tie', '03-01', 'Descripción y Naturaleza del Problema'),
('hol', 'bib', 'tie', '03-02', 'Un Enfoque de los Sistemas Totales Planetarios'),
('hol', 'bib', 'tie', '03-02-01', 'La Premisa Psicofísica'),
('hol', 'bib', 'tie', '03-02-02', 'La Premisa Estética Universal'),
('hol', 'bib', 'tie', '03-02-03', 'La Premisa Maya'),
('hol', 'bib', 'tie', '03-02-04', 'La Premisa de los Sistemas Totales Planetarios'),
('hol', 'bib', 'tie', '03-03', 'Descubrimiento de las Frecuencias de Tiempo 12:60 – 13:20'),
('hol', 'bib', 'tie', '04', 'II. Principios'),
('hol', 'bib', 'tie', '04-01', 'La Cuarta Dimensión: Cualidades y Naturaleza del Tiempo'),
('hol', 'bib', 'tie', '04-02', 'Principios Matemáticos del Tiempo Cuatridimensional'),
('hol', 'bib', 'tie', '04-02-01', 'Matriz Radial'),
('hol', 'bib', 'tie', '04-02-02', 'Fractales'),
('hol', 'bib', 'tie', '04-02-03', 'Ratios'),
('hol', 'bib', 'tie', '04-02-04', 'El Tetraedro y el Orden Tetraédrico'),
('hol', 'bib', 'tie', '04-02-05', 'El Factor Más Uno'),
('hol', 'bib', 'tie', '04-03', 'Pruebas y Demostraciones Matemáticas'),
('hol', 'bib', 'tie', '04-03-01', 'El Código 0-19'),
('hol', 'bib', 'tie', '04-03-02', 'La Onda Encantada'),
('hol', 'bib', 'tie', '04-03-03', 'Los Púlsares'),
('hol', 'bib', 'tie', '04-03-04', 'El Cubo de Color, Armónicas y Células del Tiempo'),
('hol', 'bib', 'tie', '04-03-05', 'La Cromática o Quinto Entonado: El Tablero del Oráculo'),
('hol', 'bib', 'tie', '04-03-06', 'Giro Galáctico: El Tablero de Viaje'),
('hol', 'bib', 'tie', '04-03-07', 'Fractales Espectrales'),
('hol', 'bib', 'tie', '04-03-08', 'La Brújula Galáctica'),
('hol', 'bib', 'tie', '04-03-09', 'El Índice Armónico'),
('hol', 'bib', 'tie', '04-03-10', 'La Péntada Binaria: Aplicaciones Especiales del Quinto Entonado'),
('hol', 'bib', 'tie', '05', 'III. Síntesis y Aplicación: advenimiento de la Noosfera'),
('hol', 'bib', 'tie', '06', 'IV. Apéndices'),
('hol', 'bib', 'tie', '06-01', 'Práctica de la Igualdad Universal de Conciencia'),
('hol', 'bib', 'tie', '06-02', 'La Transcensión Universal'),
('hol', 'bib', 'tie', '06-03', 'Respecto a la Corporación Atlantis'),
('hol', 'bib', 'tie', '06-04', 'Fórmula del Quinto Entonado: Transición a la Noosfera'),
('hol', 'bib', 'tie', '07', 'V. POSTLUDIO: LA CONSTANTE DE LA BIOMASA, DE VERNADSKY, UNA ECUACIÓN EN EL TIEMPO'),
('hol', 'bib', 'tie', '08', 'OTRA INFORMACION'),
('hol', 'bib', 'tie', '08-01', 'Las 13 Cromáticas Fractales Espectrales'),
('hol', 'bib', 'tie', '08-02', 'Las 73 Cromáticas Entonadas'),
('hol', 'bib', 'tie', '08-03', 'Los 18 Vinales del ciclo de frecuencia solar del Haab'),
('hol', 'bib', 'tut', '01', 'Ciclos Simples'),
('hol', 'bib', 'tut', '02', 'Cada día es un Portal Galáctico'),
('hol', 'bib', 'tut', '03', 'Incorporándolo todo'),
('hol', 'bib', 'tut', '03-01', 'Los días de la semana'),
('hol', 'bib', 'tut', '03-02', 'La Fecha en 13 Lunas'),
('hol', 'bib', 'tut', '03-03', 'La fecha gregoriana'),
('hol', 'bib', 'tut', '03-04', 'La Firma Galáctica diaria'),
('hol', 'bib', 'tut', '03-05', 'Las Fases Lunares'),
('hol', 'bib', 'tut', '04', 'El Oráculo de Quinta Fuerza'),
('hol', 'bib', 'tut', '04-01', '¿Qué es la Quinta Fuerza?'),
('hol', 'bib', 'tut', '04-02', 'El tablero del Oráculo'),
('hol', 'bib', 'tut', '04-03', 'Los Oráculos'),
('hol', 'bib', 'tut', '04-04', 'El Oráculo de Quinta Fuerza y ​​el Tiempo Net '),
('hol', 'bib', 'tut', '05', 'La Firma Galáctica'),
('hol', 'inf', 'dat', '01', 'Los 7 plasmas radiales'),
('hol', 'inf', 'dat', '01-01', 'Sellos de la profecía'),
('hol', 'inf', 'dat', '01-02', 'Componentes Electrónicos'),
('hol', 'inf', 'dat', '01-03', 'El heptágono de la Mente'),
('hol', 'inf', 'dat', '02', 'Los 13 tonos galácticos'),
('hol', 'inf', 'dat', '02-01', 'Rayos de Pulsación'),
('hol', 'inf', 'dat', '02-02', 'Los 7 pares especulares'),
('hol', 'inf', 'dat', '02-03', 'Principios de la Creación'),
('hol', 'inf', 'dat', '02-04', 'La onda encantada de la aventura'),
('hol', 'inf', 'dat', '02-05', 'Los 4 pulsares dimensionales'),
('hol', 'inf', 'dat', '02-06', 'Los 5 pulsares matices'),
('hol', 'inf', 'dat', '03', 'Los 20 sellos solares'),
('hol', 'inf', 'dat', '03-01', 'Símbolos posicionales'),
('hol', 'inf', 'dat', '03-01-01', 'Las 3 etapas en el Desarrollo del Ser'),
('hol', 'inf', 'dat', '03-01-02', 'Las 4 etapas evolutivas de la mente'),
('hol', 'inf', 'dat', '03-01-03', 'Las 5 Familias Cíclicas de la Luz'),
('hol', 'inf', 'dat', '03-02', 'Colocación Cromática'),
('hol', 'inf', 'dat', '03-02-01', 'Las 5 familias terrestres'),
('hol', 'inf', 'dat', '03-02-02', 'Los 4 clanes galácticos'),
('hol', 'inf', 'dat', '03-03', 'Colocación Armónica'),
('hol', 'inf', 'dat', '03-03-01', 'Las 4 razas raíz cósmicas'),
('hol', 'inf', 'dat', '03-03-02', 'Las 5 células del tiempo'),
('hol', 'inf', 'dat', '03-04', 'Parejas del Oráculo'),
('hol', 'inf', 'dat', '03-04-01', 'Análogos'),
('hol', 'inf', 'dat', '03-04-02', 'Antípodas'),
('hol', 'inf', 'dat', '03-04-03', 'Ocultos'),
('hol', 'inf', 'dat', '03-05', 'Holon Solar'),
('hol', 'inf', 'dat', '03-05-01', 'Las 10 Órbitas planetarias'),
('hol', 'inf', 'dat', '03-05-02', 'Las 5 Células Solares'),
('hol', 'inf', 'dat', '03-05-03', 'Los 5 Circuitos de telepatía'),
('hol', 'inf', 'dat', '03-06', 'Holon Planetario'),
('hol', 'inf', 'dat', '03-06-01', 'Los 5 Centros de la Fuerza-G'),
('hol', 'inf', 'dat', '03-06-02', 'Los 2 Flujos Polares'),
('hol', 'inf', 'dat', '03-07', 'Holon humano'),
('hol', 'inf', 'dat', '03-07-01', 'Los 5 Centros Galácticos'),
('hol', 'inf', 'dat', '03-07-02', 'Las 4 Extremidades Cromáticas'),
('hol', 'inf', 'dat', '03-07-03', 'Las 5 Dedos de las manos y pies'),
('hol', 'inf', 'dat', '03-07-04', 'Los 2 Lados de la Respiración S-G'),
('hol', 'inf', 'dat', '04', 'Las 28 días del giro lunar'),
('hol', 'inf', 'dat', '04-01', 'Las 4 héptadas'),
('hol', 'inf', 'dat', '05', 'Las 52 posiciones del castillo'),
('hol', 'inf', 'dat', '05-01', 'Los 4 Cuadrantes'),
('hol', 'inf', 'dat', '05-02', 'las 13 Armonías'),
('hol', 'inf', 'dat', '06', 'Los 64 hexagramas del i-ching'),
('hol', 'inf', 'dat', '06-01', 'Monogramas'),
('hol', 'inf', 'dat', '06-02', 'Bigramas'),
('hol', 'inf', 'dat', '06-03', 'Trigramas'),
('hol', 'inf', 'dat', '07', 'Los 260 Kines'),
('hol', 'inf', 'dat', '07-01', 'Módulo Armónico'),
('hol', 'inf', 'dat', '07-01-01', 'Los 52 portales de Activación Galáctica'),
('hol', 'inf', 'dat', '07-01-02', 'Los 13+1 campos de Energía'),
('hol', 'inf', 'dat', '07-02', 'Giro Espectral'),
('hol', 'inf', 'dat', '07-02-01', 'Estación Galáctica'),
('hol', 'inf', 'dat', '07-02-02', 'Elemento Cromático'),
('hol', 'inf', 'dat', '07-03', 'Giro Galáctico'),
('hol', 'inf', 'dat', '07-03-01', 'Trayectoria Armónica'),
('hol', 'inf', 'dat', '07-03-02', 'Célula del Tiempo'),
('hol', 'inf', 'dat', '07-04', 'Nave del Tiempo'),
('hol', 'inf', 'dat', '07-04-01', 'Castillo Direccional'),
('hol', 'inf', 'dat', '07-04-02', 'Aventura de la Onda Encantada'),
('hol', 'inf', 'dat', '08', 'Los 364 psi-cronos'),
('hol', 'inf', 'dat', '08-01', 'Las 4 estaciones solares'),
('hol', 'inf', 'dat', '08-02', 'Las 13 lunas del servicio planetario'),
('hol', 'inf', 'dat', '08-03', 'Los 19 vinales del haab'),
('hol', 'inf', 'dat', '08-04', 'Las 52 heptadas semanales'),
('hol', 'inf', 'hum', '01', ''),
('hol', 'inf', 'val', '01', 'Informe del Ciclo Galáctico'),
('hol', 'inf', 'val', '01-01', 'El Kin'),
('hol', 'inf', 'val', '01-01-01', 'Encantamiento del Kin'),
('hol', 'inf', 'val', '01-01-02', 'Parejas del Oráculo'),
('hol', 'inf', 'val', '01-01-02-01', 'Descripciones'),
('hol', 'inf', 'val', '01-01-02-02', 'Lecturas'),
('hol', 'inf', 'val', '01-01-02-03', 'Posiciones'),
('hol', 'inf', 'val', '01-01-02-04', 'Sincronometría'),
('hol', 'inf', 'val', '01-01-03', 'Nave del Tiempo'),
('hol', 'inf', 'val', '01-01-03-01', 'Castillo Direccional'),
('hol', 'inf', 'val', '01-01-03-02', 'Aventura de la Onda Encantada'),
('hol', 'inf', 'val', '01-01-04', 'Giro Galáctico'),
('hol', 'inf', 'val', '01-01-04-01', 'Trayectoria Armónica'),
('hol', 'inf', 'val', '01-01-04-02', 'Célula del Tiempo'),
('hol', 'inf', 'val', '01-01-05', 'Giro Espectral'),
('hol', 'inf', 'val', '01-01-05-01', 'Estación Galáctica'),
('hol', 'inf', 'val', '01-01-05-02', 'Elemento Cromático'),
('hol', 'inf', 'val', '01-01-06', 'Módulo Armónico'),
('hol', 'inf', 'val', '01-01-06-01', 'Portales de Activación'),
('hol', 'inf', 'val', '01-01-06-02', 'Modelo Energético'),
('hol', 'inf', 'val', '01-02', 'El tono galáctico'),
('hol', 'inf', 'val', '01-02-01', 'Onda Encantada'),
('hol', 'inf', 'val', '01-02-02', 'Simetría Especular'),
('hol', 'inf', 'val', '01-02-03', 'Pulsares'),
('hol', 'inf', 'val', '01-02-03-01', 'Dimensional'),
('hol', 'inf', 'val', '01-02-03-02', 'Matiz'),
('hol', 'inf', 'val', '01-03', 'El sello solar'),
('hol', 'inf', 'val', '01-03-01', 'Colocación Cromática'),
('hol', 'inf', 'val', '01-03-01-01', 'Familia Terrestre'),
('hol', 'inf', 'val', '01-03-01-02', 'Clan Cromático'),
('hol', 'inf', 'val', '01-03-02', 'Colocación Armónica'),
('hol', 'inf', 'val', '01-03-02-01', 'Raza Raiz Cósmica'),
('hol', 'inf', 'val', '01-03-02-02', 'Célula del Tiempo'),
('hol', 'inf', 'val', '01-03-03', 'Holones'),
('hol', 'inf', 'val', '01-03-03-01', 'Solar-interplanetario'),
('hol', 'inf', 'val', '01-03-03-02', 'Terrestre-planetario'),
('hol', 'inf', 'val', '01-03-03-03', 'Humano'),
('hol', 'inf', 'val', '02', 'Informe del Ciclo Solar'),
('hol', 'inf', 'val', '02-01', 'Estación Solar'),
('hol', 'inf', 'val', '02-02', 'Giro Lunar'),
('hol', 'inf', 'val', '02-03', 'Heptada'),
('hol', 'inf', 'val', '02-04', 'Banco-Psi');

-- --------------------------------------------------------

--
-- Estructura de tabla para la tabla `est`
--

CREATE TABLE `est` (
  `esq` varchar(7) COLLATE utf8mb4_spanish_ci NOT NULL COMMENT 'Aplicación',
  `ide` varchar(20) COLLATE utf8mb4_spanish_ci NOT NULL COMMENT 'Estructura',
  `ope` longtext CHARACTER SET utf8mb4 COLLATE utf8mb4_bin DEFAULT NULL COMMENT 'Valores' CHECK (json_valid(`ope`))
) ENGINE=InnoDB DEFAULT CHARSET=utf8mb4 COLLATE=utf8mb4_spanish_ci COMMENT='Tabla';

--
-- Volcado de datos para la tabla `est`
--

INSERT INTO `est` (`esq`, `ide`, `ope`) VALUES
('api', 'fec', '{\"atr\": [\"val\"], \"ocu\": []}'),
('hol', 'chi', '{\r\n  }'),
('hol', 'kin', '{\r\n\r\n      \"atr\": [\r\n        \"ide\",\r\n        \"pag\", \"chi\",\r\n        \"ene\", \"ene_cam\",\r\n        \"cro_est\", \"cro_ele\", \r\n        \"arm_tra\", \"arm_cel\", \r\n        \"gen_enc\", \"gen_cel\", \r\n        \"nav_cas\", \"nav_ond\", \r\n        \"par_ana\", \"par_gui\", \r\n        \"par_ant\", \"par_ocu\"\r\n      ],\r\n      \"atr_ocu\": [       \r\n        \"pag\", \"chi\",\r\n        \"ene\", \"ene_cam\",\r\n        \"gen_enc\", \"gen_cel\", \r\n        \"par_ana\", \"par_gui\", \"par_ant\", \"par_ocu\"\r\n      ],      \r\n      \"tit_cic\": [ \r\n        \"nav_cas\", \"nav_ond\", \"cro_est\", \"cro_ele\", \"arm_tra\", \"arm_cel\"\r\n      ],\r\n      \"det_des\": [ \r\n        \"des\",\"des_tie\",\"des_umb\"\r\n      ]  \r\n  }'),
('hol', 'lun', '{\r\n\r\n      \"atr\": [ \r\n        \"ide\", \"arm\", \"rad\" \r\n      ],\r\n      \r\n      \"tit_cic\": [ \r\n        \"arm\" \r\n      ]\r\n  }'),
('hol', 'psi', '{\r\n\r\n      \"atr\": [ \r\n        \"ide\", \"tzo\", \"est\", \"est_dia\", \"lun\", \"lun_dia\", \"hep\", \"hep_dia\" \r\n      ],      \r\n      \"tit_cic\": [ \r\n        \"est\", \"lun\", \"vin\", \"hep\" \r\n      ]\r\n\r\n  }'),
('hol', 'rad', '{ \r\n\r\n        \"atr\": [\r\n          \"ide\", \"nom\", \"pla_pod\", \"pla_fue\", \"pla_qua\" \r\n        ]\r\n\r\n    }'),
('hol', 'sel', '{\r\n\r\n        \"atr\": [ \r\n          \"ide\", \"cod\", \r\n          \"nom\", \"car\", \"acc\", \"pod\", \r\n          \"cro_fam\", \"cro_ele\", \r\n          \"arm_raz\", \"arm_cel\", \r\n          \"par_ana\", \"par_ant\", \"par_ocu\", \r\n          \"res_flu\", \"sol_pla\", \"pla_cen\", \"hum_cen\", \"hum_ded\", \"hum_mer\" \r\n        ],\r\n\r\n        \"atr_ocu\": [ \r\n          \"cro_fam\", \"cro_ele\", \r\n          \"arm_raz\", \"arm_cel\", \r\n          \"par_ana\", \"par_ant\", \"par_ocu\", \r\n          \"res_flu\", \"sol_pla\", \"pla_cen\", \"hum_mer\", \"hum_cen\", \"hum_ded\" \r\n        ],\r\n\r\n        \"tit_cic\": [ \r\n          \"cic_ser\", \"cic_luz\", \"cro_ele\", \"arm_cel\", \"res_flu\" \r\n        ],\r\n        \"tit_gru\": [ \r\n          \"cro_fam\", \"arm_raz\", \"sol_pla\", \"sol_cel\", \"sol_cir\", \"pla_cen\", \"hum_cen\", \"hum_ded\", \"hum_mer\" \r\n        ],\r\n\r\n        \"det_des\": [ \r\n          \"des_pro\", \"des_pal\", \"des_som\" \r\n        ]\r\n    }'),
('hol', 'ton', '{\r\n\r\n        \"atr\": [\r\n          \"ide\", \"nom\", \"car\", \"pod\", \"acc\", \"dim\", \"mat\", \"sim\"\r\n        ],\r\n        \"atr_ocu\": [\r\n          \"dim\", \"mat\", \"sim\"\r\n        ],\r\n\r\n        \"tit_cic\": [ \r\n          \"ond\"\r\n        ],\r\n        \"tit_gru\": [ \r\n          \"dim\", \"mat\", \"sim\"\r\n        ],\r\n\r\n        \"det_des\": [ \r\n          \"des_pro\", \"des_med\", \"des_pre\", \"ond_man\"\r\n        ]\r\n    }');

-- --------------------------------------------------------

--
-- Estructura de tabla para la tabla `fec`
--

CREATE TABLE `fec` (
  `val` datetime DEFAULT NULL COMMENT 'Fecha',
  `año` smallint(4) UNSIGNED ZEROFILL DEFAULT NULL COMMENT 'Año',
  `mes` tinyint(2) UNSIGNED ZEROFILL DEFAULT NULL COMMENT 'Mes',
  `dia` tinyint(2) UNSIGNED ZEROFILL DEFAULT NULL COMMENT 'Dia',
  `sem` tinyint(1) UNSIGNED ZEROFILL DEFAULT NULL COMMENT 'Semana',
  `hor` tinyint(2) UNSIGNED ZEROFILL DEFAULT NULL COMMENT 'Hora',
  `min` tinyint(2) UNSIGNED ZEROFILL DEFAULT NULL COMMENT 'Minuto',
  `seg` tinyint(2) UNSIGNED ZEROFILL DEFAULT NULL COMMENT 'Segundo',
  `kin` smallint(3) UNSIGNED ZEROFILL DEFAULT NULL COMMENT 'Kin',
  `psi` smallint(3) UNSIGNED ZEROFILL DEFAULT NULL COMMENT 'Psi',
  `ani` tinyint(2) UNSIGNED ZEROFILL DEFAULT NULL COMMENT 'Anillo',
  `sir` smallint(2) DEFAULT NULL COMMENT 'Nuevo Sirio'
) ENGINE=InnoDB DEFAULT CHARSET=utf8mb4 COMMENT='Calendario';

-- --------------------------------------------------------

--
-- Estructura de tabla para la tabla `fec_año`
--

CREATE TABLE `fec_año` (
  `ide` smallint(4) NOT NULL COMMENT 'Año'
) ENGINE=InnoDB DEFAULT CHARSET=utf8mb4 COLLATE=utf8mb4_spanish_ci COMMENT='Año';

--
-- Volcado de datos para la tabla `fec_año`
--

INSERT INTO `fec_año` (`ide`) VALUES
(1970);

-- --------------------------------------------------------

--
-- Estructura de tabla para la tabla `fec_dia`
--

CREATE TABLE `fec_dia` (
  `ide` tinyint(2) UNSIGNED ZEROFILL NOT NULL COMMENT 'Día'
) ENGINE=InnoDB DEFAULT CHARSET=utf8mb4 COMMENT='Día del Mes';

--
-- Volcado de datos para la tabla `fec_dia`
--

INSERT INTO `fec_dia` (`ide`) VALUES
(01),
(02),
(03),
(04),
(05),
(06),
(07),
(08),
(09),
(10),
(11),
(12),
(13),
(14),
(15),
(16),
(17),
(18),
(19),
(20),
(21),
(22),
(23),
(24),
(25),
(26),
(27),
(28),
(29),
(30),
(31);

-- --------------------------------------------------------

--
-- Estructura de tabla para la tabla `fec_hor`
--

CREATE TABLE `fec_hor` (
  `ide` tinyint(2) UNSIGNED ZEROFILL NOT NULL COMMENT 'Hora'
) ENGINE=InnoDB DEFAULT CHARSET=utf8mb4 COMMENT='Hora';

--
-- Volcado de datos para la tabla `fec_hor`
--

INSERT INTO `fec_hor` (`ide`) VALUES
(01),
(02),
(03),
(04),
(05),
(06),
(07),
(08),
(09),
(10),
(11),
(12),
(13),
(14),
(15),
(16),
(17),
(18),
(19),
(20),
(21),
(22),
(23),
(24);

-- --------------------------------------------------------

--
-- Estructura de tabla para la tabla `fec_mes`
--

CREATE TABLE `fec_mes` (
  `ide` tinyint(2) UNSIGNED ZEROFILL NOT NULL COMMENT 'Mes',
  `nom` varchar(15) NOT NULL COMMENT 'Nombre',
  `dia` tinyint(2) UNSIGNED ZEROFILL NOT NULL COMMENT 'Cantidad de Días'
) ENGINE=InnoDB DEFAULT CHARSET=utf8mb4 COMMENT='Mes del Calendario';

--
-- Volcado de datos para la tabla `fec_mes`
--

INSERT INTO `fec_mes` (`ide`, `nom`, `dia`) VALUES
(01, 'Enero', 31),
(02, 'Febrero', 28),
(03, 'Marzo', 31),
(04, 'Abril', 31),
(05, 'Mayo', 31),
(06, 'Junio', 31),
(07, 'Julio', 31),
(08, 'Agosto', 31),
(09, 'Septiembre', 31),
(10, 'Octubre', 31),
(11, 'Noviembre', 31),
(12, 'Diciembre', 31);

-- --------------------------------------------------------

--
-- Estructura de tabla para la tabla `fec_min`
--

CREATE TABLE `fec_min` (
  `ide` tinyint(2) UNSIGNED ZEROFILL NOT NULL COMMENT 'Minuto'
) ENGINE=InnoDB DEFAULT CHARSET=utf8mb4 COMMENT='Minuto';

--
-- Volcado de datos para la tabla `fec_min`
--

INSERT INTO `fec_min` (`ide`) VALUES
(01),
(02),
(03),
(04),
(05),
(06),
(07),
(08),
(09),
(10),
(11),
(12),
(13),
(14),
(15),
(16),
(17),
(18),
(19),
(20),
(21),
(22),
(23),
(24),
(25),
(26),
(27),
(28),
(29),
(30),
(31),
(32),
(33),
(34),
(35),
(36),
(37),
(38),
(39),
(40),
(41),
(42),
(43),
(44),
(45),
(46),
(47),
(48),
(49),
(50),
(51),
(52),
(53),
(54),
(55),
(56),
(57),
(58),
(59),
(60);

-- --------------------------------------------------------

--
-- Estructura de tabla para la tabla `fec_seg`
--

CREATE TABLE `fec_seg` (
  `ide` tinyint(2) UNSIGNED ZEROFILL NOT NULL COMMENT 'Segundo'
) ENGINE=InnoDB DEFAULT CHARSET=utf8mb4 COMMENT='Segundo';

--
-- Volcado de datos para la tabla `fec_seg`
--

INSERT INTO `fec_seg` (`ide`) VALUES
(01),
(02),
(03),
(04),
(05),
(06),
(07),
(08),
(09),
(10),
(11),
(12),
(13),
(14),
(15),
(16),
(17),
(18),
(19),
(20),
(21),
(22),
(23),
(24),
(25),
(26),
(27),
(28),
(29),
(30),
(31),
(32),
(33),
(34),
(35),
(36),
(37),
(38),
(39),
(40),
(41),
(42),
(43),
(44),
(45),
(46),
(47),
(48),
(49),
(50),
(51),
(52),
(53),
(54),
(55),
(56),
(57),
(58),
(59),
(60);

-- --------------------------------------------------------

--
-- Estructura de tabla para la tabla `fec_sem`
--

CREATE TABLE `fec_sem` (
  `ide` tinyint(1) UNSIGNED NOT NULL COMMENT 'Semana',
  `cod` char(1) NOT NULL COMMENT 'Código',
  `nom` varchar(15) NOT NULL COMMENT 'Nombre'
) ENGINE=InnoDB DEFAULT CHARSET=utf8mb4 COMMENT='Día de la Semana';

--
-- Volcado de datos para la tabla `fec_sem`
--

INSERT INTO `fec_sem` (`ide`, `cod`, `nom`) VALUES
(0, 'D', 'Domingo'),
(1, 'L', 'Lunes'),
(2, 'M', 'Martes'),
(3, 'X', 'Miércoles'),
(4, 'J', 'Jueves'),
(5, 'V', 'Viernes'),
(6, 'S', 'Sábado');

-- --------------------------------------------------------

--
-- Estructura de tabla para la tabla `ico`
--

CREATE TABLE `ico` (
  `ide` varchar(25) NOT NULL COMMENT 'Identificador',
  `val` varchar(80) NOT NULL COMMENT 'Valor: clase o directorio'
) ENGINE=InnoDB DEFAULT CHARSET=utf8mb4 COMMENT='Ícono';

--
-- Volcado de datos para la tabla `ico`
--

INSERT INTO `ico` (`ide`, `val`) VALUES
('arc', 'attach_file'),
('arc_eje', 'play_circle'),
('arc_fic', 'folder'),
('arc_ima', 'collections'),
('arc_mus', 'audio_file'),
('arc_tex', 'text_snippet'),
('arc_url', 'language'),
('arc_val', 'note'),
('arc_vid', 'video_file'),
('art', 'article'),
('art_bib', 'auto_stories'),
('art_est', 'table'),
('art_inf', 'description'),
('art_tab', 'dataset'),
('art_val', 'document_scanner'),
('dat', 'database'),
('dat_act', 'sync'),
('dat_agr', 'add'),
('dat_eli', 'delete'),
('dat_mod', 'edit'),
('dat_tip', 'input'),
('dat_val', 'done'),
('dat_ver', 'search'),
('dir', 'attach_file'),
('dir_arc', 'note'),
('dir_eje', 'play_circle'),
('dir_fic', 'folder'),
('dir_ima', 'collections'),
('dir_mus', 'audio_file'),
('dir_tex', 'text_snippet'),
('dir_url', 'language'),
('dir_vid', 'video_file'),
('eje', 'terminal'),
('eje_fin', 'close'),
('eje_ini', 'done'),
('eje_val', 'play_arrow'),
('ele', 'code'),
('ele_css', 'css'),
('ele_eje', 'javascript'),
('ele_htm', 'html'),
('est', 'view_list'),
('fec', 'calendar_today'),
('fec_año', 'event_note'),
('fec_dia', 'event'),
('fec_mes', 'calendar_month'),
('fec_sem', 'date_range'),
('fec_tie', 'access_time'),
('fec_val', 'edit_calendar'),
('fig', 'auto_graph'),
('fig_col', 'palette'),
('fig_geo', 'shape_line'),
('fig_ima', 'image'),
('fig_lin', 'trending_down'),
('fig_pol', 'polyline'),
('fig_pun', 'scatter_plot'),
('lis', 'list_alt'),
('lis_cue', 'summarize'),
('lis_gru', 'low_priority'),
('lis_jun', 'join'),
('lis_lim', 'segment'),
('lis_mov', 'unfold_more'),
('lis_ord', 'sort'),
('lis_val', 'list'),
('lis_ver', 'filter_alt'),
('mov', 'open_with'),
('mov_aba', 'south'),
('mov_arr', 'north'),
('mov_der', 'east'),
('mov_dyb', 'north_west'),
('mov_dyr', 'north_east'),
('mov_hor', 'swap_horiz'),
('mov_iyb', 'south_west'),
('mov_iyr', 'south_east'),
('mov_izq', 'west'),
('mov_ver', 'import_export'),
('nav', 'menu'),
('nav_fin', 'last_page'),
('nav_ini', 'first_page'),
('nav_pos', 'navigate_next'),
('nav_pre', 'navigate_before'),
('nav_val', 'menu_open'),
('num', 'calculate'),
('num_adi', 'functions'),
('num_bit', '1k'),
('num_cod', 'tag'),
('num_dec', 'percent'),
('num_div', 'percent'),
('num_fun', 'function'),
('num_inf', 'subscript'),
('num_int', 'numbers'),
('num_mul', 'close'),
('num_ran', 'linear_scale'),
('num_res', 'remove'),
('num_sep', ''),
('num_sum', 'add'),
('num_sup', 'superscript'),
('num_val', 'pin'),
('obj', 'widgets'),
('obj_atr', 'data_object'),
('obj_nom', 'data_array'),
('obj_pos', 'format_list_numbered'),
('opc', 'rule'),
('opc_bin', 'check_box'),
('opc_lis', 'checklist'),
('opc_mul', 'format_list_numbered'),
('opc_nad', 'deselect'),
('opc_uni', 'format_list_bulleted'),
('opc_vac', 'indeterminate_check_box'),
('opc_val', 'select_all'),
('ope', 'settings'),
('ope_des', 'deselect'),
('ope_inv', 'flaky'),
('ope_nad', 'playlist_remove'),
('ope_ocu', 'visibility_off'),
('ope_sel', 'select_all'),
('ope_tod', 'playlist_add_check'),
('ope_tog', 'arrow_drop_down'),
('ope_val', 'checklist'),
('ope_ver', 'visibility'),
('ses', 'home'),
('ses_adm', 'manage_accounts'),
('ses_fin', 'logout'),
('ses_gru', 'group'),
('ses_ini', 'login'),
('ses_mai', 'email'),
('ses_pas', 'password'),
('ses_tel', 'phone'),
('ses_ubi', 'share_location'),
('ses_usu', 'person'),
('ses_web', 'web_asset'),
('tab', 'table_view'),
('tex', 'edit_note'),
('tex_cod', 'format_size'),
('tex_let', 'title'),
('tex_lib', 'menu_book'),
('tex_mov', 'wrap_text'),
('tex_ora', 'short_text'),
('tex_ord', 'sort_by_alpha'),
('tex_pal', 'text_fields'),
('tex_par', 'rtt'),
('tex_rot', 'text_rotation_down'),
('val', 'check_box_outline_blank'),
('val_col', 'palette'),
('val_fec', 'history'),
('val_ima', 'image'),
('val_num', 'pin'),
('val_tex', 'text_fields'),
('val_var', 'variables');

-- --------------------------------------------------------

--
-- Estructura de tabla para la tabla `let`
--

CREATE TABLE `let` (
  `pos` int(11) NOT NULL COMMENT 'Posición',
  `ide` char(1) NOT NULL COMMENT 'Caracter',
  `tip` varchar(7) DEFAULT NULL COMMENT 'Tipo',
  `var` varchar(13) DEFAULT NULL COMMENT 'Variable'
) ENGINE=InnoDB DEFAULT CHARSET=utf8mb4 COMMENT='Caracter';

--
-- Volcado de datos para la tabla `let`
--

INSERT INTO `let` (`pos`, `ide`, `tip`, `var`) VALUES
(165, '.', 'ope', 'cod'),
(166, ',', 'ope', 'cod'),
(167, ':', 'ope', 'cod'),
(168, ';', 'ope', 'cod'),
(169, '\\', 'ope', 'cod'),
(170, '~', 'ope', 'val'),
(171, '°', 'ope', 'val'),
(172, 'º', 'ope', 'val'),
(173, '#', 'ope', 'val'),
(174, '$', 'ope', 'val'),
(175, '@', 'ope', 'val'),
(176, '=', 'ope', 'num'),
(177, '+', 'ope', 'num'),
(178, '-', 'ope', 'num'),
(179, '*', 'ope', 'num'),
(180, '/', 'ope', 'num'),
(181, '%', 'ope', 'num'),
(182, '<', 'ope', 'num'),
(183, '>', 'ope', 'num'),
(184, '–', 'ope', 'tex'),
(185, '\'', 'ope', 'tex'),
(186, '’', 'ope', 'tex'),
(187, '`', 'ope', 'tex'),
(188, '\"', 'ope', 'tex'),
(189, '“', 'ope', 'tex'),
(190, '”', 'ope', 'tex'),
(191, '¡', 'ope', 'tex'),
(192, '!', 'ope', 'tex'),
(193, '¿', 'ope', 'tex'),
(194, '?', 'ope', 'tex'),
(195, '(', 'ope', 'lis'),
(196, ')', 'ope', 'lis'),
(197, '[', 'ope', 'pos'),
(198, ']', 'ope', 'pos'),
(199, '{', 'ope', 'atr'),
(200, '}', 'ope', 'atr');

-- --------------------------------------------------------

--
-- Estructura de tabla para la tabla `num_int`
--

CREATE TABLE `num_int` (
  `ide` int(11) NOT NULL COMMENT 'Número',
  `nom` varchar(50) NOT NULL COMMENT 'Nombre',
  `pos` varchar(50) NOT NULL COMMENT 'Posicion',
  `pas` varchar(15) NOT NULL COMMENT 'Posición en A'
) ENGINE=InnoDB DEFAULT CHARSET=utf8mb4 COMMENT='Número';

--
-- Volcado de datos para la tabla `num_int`
--

INSERT INTO `num_int` (`ide`, `nom`, `pos`, `pas`) VALUES
(0, 'cero', '', ''),
(1, 'uno', 'primero', 'primera'),
(2, 'dos', 'segundo', 'segunda'),
(3, 'tres', 'tercero', 'tercera'),
(4, 'cuatro', 'cuarto', 'cuarta'),
(5, 'cinco', 'quinto', 'quinta'),
(6, 'seis', 'sexto', 'sexta'),
(7, 'siete', 'séptimo', 'séptima'),
(8, 'ocho', 'octavo', 'octava'),
(9, 'nueve', 'noveno', 'novena'),
(10, 'diez', 'décimo', 'décima'),
(11, 'once', 'onceavo', 'undécima'),
(12, 'doce', 'deceavo', 'duadécima'),
(13, 'trece', 'treceavo', 'treceava'),
(14, 'catorce', 'catorceavo', 'catorceava'),
(15, 'quince', 'quinceavo', 'quinceava'),
(16, 'dieciseis', '', ''),
(17, 'diecisiete', '', ''),
(18, 'dieciocho', '', ''),
(19, 'diecinueve', '', ''),
(20, 'veinte', '', ''),
(21, 'veitiuno', '', ''),
(22, 'veitidos', '', ''),
(23, 'veititres', '', ''),
(24, 'veiticuatro', '', ''),
(25, 'veiticinco', '', ''),
(26, 'veitiseis', '', ''),
(27, 'veitisiete', '', ''),
(28, 'veitiocho', '', ''),
(29, 'veitinueve', '', '');

-- --------------------------------------------------------

--
-- Estructura de tabla para la tabla `tab`
--

CREATE TABLE `tab` (
  `esq` varchar(25) COLLATE utf8mb4_spanish_ci NOT NULL COMMENT 'Esquema',
  `est` varchar(25) COLLATE utf8mb4_spanish_ci NOT NULL COMMENT 'Estructura',
  `ele` longtext CHARACTER SET utf8mb4 COLLATE utf8mb4_bin DEFAULT NULL COMMENT 'Elementos',
  `ope` longtext CHARACTER SET utf8mb4 COLLATE utf8mb4_bin DEFAULT NULL COMMENT 'Operadores' CHECK (json_valid(`ope`)),
  `opc` longtext CHARACTER SET utf8mb4 COLLATE utf8mb4_bin DEFAULT NULL COMMENT 'Opciones' CHECK (json_valid(`opc`))
) ENGINE=InnoDB DEFAULT CHARSET=utf8mb4 COLLATE=utf8mb4_spanish_ci COMMENT='Tablero';

--
-- Volcado de datos para la tabla `tab`
--

INSERT INTO `tab` (`esq`, `est`, `ele`, `ope`, `opc`) VALUES
('hol', 'arm', '{\r\n      \r\n      \"sec\":{ \"tab\":\"arm\", \r\n        \"style\":\"grid: repeat(2,1fr)/repeat(2,1fr); border-radius: 15%;\" \r\n      },\r\n\r\n      \"pos-0\":{ \"pos\":\"0\", \"style\":\"grid-column:3/5; grid-row:3/5; border-radius: 50%; padding: .1rem;\" },\r\n      \"pos-1\":{ \"pos\":\"1\", \"style\":\"grid-column:4/7; grid-row:1/4;\" },\r\n      \"pos-2\":{ \"pos\":\"2\", \"style\":\"grid-column:1/4; grid-row:1/4;\" },\r\n      \"pos-3\":{ \"pos\":\"3\", \"style\":\"grid-column:1/4; grid-row:4/8;\" },\r\n      \"pos-4\":{ \"pos\":\"4\", \"style\":\"grid-column:4/7; grid-row:4/8;\" }   \r\n\r\n    }', NULL, NULL),
('hol', 'cas', '{ \r\n\r\n      \"sec\":{ \r\n        \"tab\":\"cas\",\r\n        \"style\":\"grid: repeat(11,1fr)/repeat(11,1fr); align-items: center; justify-items: center; border-radius: 10%;\" \r\n      },\r\n\r\n      \"fon\":{ \r\n        \"sec\":\"ond\",\r\n        \"style\":\"z-index: 1; width:95%; height:91%; border-radius:50%; box-shadow: inset 2rem 5rem 2rem rgba(4,192,41,.4);\" \r\n      },\r\n\r\n      \"orb\":{ \r\n        \"sec\":\"orb\",\r\n        \"style\":\"z-index: 2; border-radius: 50%; border: 1px solid green;\" \r\n        },\r\n        \"orb-1\":{ \"orb\":\"1\", \"style\":\"grid-column:5/8;  grid-row:5/8;  width: 70%; height: 70%;\" },\r\n        \"orb-2\":{ \"orb\":\"2\", \"style\":\"grid-column:4/9;  grid-row:4/9;  width: 82%; height: 82%;\" },\r\n        \"orb-3\":{ \"orb\":\"3\", \"style\":\"grid-column:3/10; grid-row:3/10; width: 86%; height: 86%;\" },\r\n        \"orb-4\":{ \"orb\":\"4\", \"style\":\"grid-column:2/11; grid-row:2/11; width: 89%; height: 89%;\" },\r\n        \"orb-5\":{ \"orb\":\"5\", \"style\":\"grid-column:1/12; grid-row:1/12; width: 91%; height: 91%;\" },\r\n\r\n      \"ond\":{ \r\n        \"sec\":\"ond\",\r\n        \"style\":\"z-index: 3; width: 100%; height: 100%;\"\r\n        },\r\n        \"ond-1\":{ \"ond\":\"1\", \"style\":\"grid-column:7/12; grid-row:2/7 ; transform: rotate(270deg);\" },\r\n        \"ond-2\":{ \"ond\":\"2\", \"style\":\"grid-column:2/7 ; grid-row:1/6 ; transform: rotate(180deg);\" },\r\n        \"ond-3\":{ \"ond\":\"3\", \"style\":\"grid-column:1/6 ; grid-row:6/11; transform: rotate(090deg);\" },\r\n        \"ond-4\":{ \"ond\":\"4\", \"style\":\"grid-column:6/11; grid-row:7/12;\" },\r\n\r\n      \"pos\":{ \r\n        \"style\":\"z-index: 4;\" \r\n        },  \r\n        \"pos-00\":{ \"pos\":\"00\", \"style\":\"grid-column:06; grid-row:06; width:80%; height:80%; border-radius:50%;\" },\r\n        \"pos-01\":{ \"pos\":\"01\", \"style\":\"grid-column:07; grid-row:06;\" },\r\n        \"pos-02\":{ \"pos\":\"02\", \"style\":\"grid-column:08; grid-row:06;\" },\r\n        \"pos-03\":{ \"pos\":\"03\", \"style\":\"grid-column:09; grid-row:06;\" },\r\n        \"pos-04\":{ \"pos\":\"04\", \"style\":\"grid-column:10; grid-row:06;\" },\r\n        \"pos-05\":{ \"pos\":\"05\", \"style\":\"grid-column:11; grid-row:06;\" },\r\n        \"pos-06\":{ \"pos\":\"06\", \"style\":\"grid-column:11; grid-row:05;\" },\r\n        \"pos-07\":{ \"pos\":\"07\", \"style\":\"grid-column:11; grid-row:04;\" },\r\n        \"pos-08\":{ \"pos\":\"08\", \"style\":\"grid-column:11; grid-row:03;\" },\r\n        \"pos-09\":{ \"pos\":\"09\", \"style\":\"grid-column:11; grid-row:02;\" },\r\n        \"pos-10\":{ \"pos\":\"10\", \"style\":\"grid-column:10; grid-row:02;\" },\r\n        \"pos-11\":{ \"pos\":\"11\", \"style\":\"grid-column:09; grid-row:02;\" },\r\n        \"pos-12\":{ \"pos\":\"12\", \"style\":\"grid-column:08; grid-row:02;\" },\r\n        \"pos-13\":{ \"pos\":\"13\", \"style\":\"grid-column:08; grid-row:03;\" },\r\n        \"pos-14\":{ \"pos\":\"14\", \"style\":\"grid-column:06; grid-row:05;\" },\r\n        \"pos-15\":{ \"pos\":\"15\", \"style\":\"grid-column:06; grid-row:04;\" },\r\n        \"pos-16\":{ \"pos\":\"16\", \"style\":\"grid-column:06; grid-row:03;\" },\r\n        \"pos-17\":{ \"pos\":\"17\", \"style\":\"grid-column:06; grid-row:02;\" },\r\n        \"pos-18\":{ \"pos\":\"18\", \"style\":\"grid-column:06; grid-row:01;\" },\r\n        \"pos-19\":{ \"pos\":\"19\", \"style\":\"grid-column:05; grid-row:01;\" },\r\n        \"pos-20\":{ \"pos\":\"20\", \"style\":\"grid-column:04; grid-row:01;\" },\r\n        \"pos-21\":{ \"pos\":\"21\", \"style\":\"grid-column:03; grid-row:01;\" },\r\n        \"pos-22\":{ \"pos\":\"22\", \"style\":\"grid-column:02; grid-row:01;\" },\r\n        \"pos-23\":{ \"pos\":\"23\", \"style\":\"grid-column:02; grid-row:02;\" },\r\n        \"pos-24\":{ \"pos\":\"24\", \"style\":\"grid-column:02; grid-row:03;\" },\r\n        \"pos-25\":{ \"pos\":\"25\", \"style\":\"grid-column:02; grid-row:04;\" },\r\n        \"pos-26\":{ \"pos\":\"26\", \"style\":\"grid-column:03; grid-row:04;\" },\r\n        \"pos-27\":{ \"pos\":\"27\", \"style\":\"grid-column:05; grid-row:06;\" },\r\n        \"pos-28\":{ \"pos\":\"28\", \"style\":\"grid-column:04; grid-row:06;\" },\r\n        \"pos-29\":{ \"pos\":\"29\", \"style\":\"grid-column:03; grid-row:06;\" },\r\n        \"pos-30\":{ \"pos\":\"30\", \"style\":\"grid-column:02; grid-row:06;\" },\r\n        \"pos-31\":{ \"pos\":\"31\", \"style\":\"grid-column:01; grid-row:06;\" },\r\n        \"pos-32\":{ \"pos\":\"32\", \"style\":\"grid-column:01; grid-row:07;\" },\r\n        \"pos-33\":{ \"pos\":\"33\", \"style\":\"grid-column:01; grid-row:08;\" },\r\n        \"pos-34\":{ \"pos\":\"34\", \"style\":\"grid-column:01; grid-row:09;\" },\r\n        \"pos-35\":{ \"pos\":\"35\", \"style\":\"grid-column:01; grid-row:10;\" },\r\n        \"pos-36\":{ \"pos\":\"36\", \"style\":\"grid-column:02; grid-row:10;\" },\r\n        \"pos-37\":{ \"pos\":\"37\", \"style\":\"grid-column:03; grid-row:10;\" },\r\n        \"pos-38\":{ \"pos\":\"38\", \"style\":\"grid-column:04; grid-row:10;\" },\r\n        \"pos-39\":{ \"pos\":\"39\", \"style\":\"grid-column:04; grid-row:09;\" },\r\n        \"pos-40\":{ \"pos\":\"40\", \"style\":\"grid-column:06; grid-row:07;\" },\r\n        \"pos-41\":{ \"pos\":\"41\", \"style\":\"grid-column:06; grid-row:08;\" },\r\n        \"pos-42\":{ \"pos\":\"42\", \"style\":\"grid-column:06; grid-row:09;\" },\r\n        \"pos-43\":{ \"pos\":\"43\", \"style\":\"grid-column:06; grid-row:10;\" },\r\n        \"pos-44\":{ \"pos\":\"44\", \"style\":\"grid-column:06; grid-row:11;\" },\r\n        \"pos-45\":{ \"pos\":\"45\", \"style\":\"grid-column:07; grid-row:11;\" },\r\n        \"pos-46\":{ \"pos\":\"46\", \"style\":\"grid-column:08; grid-row:11;\" },\r\n        \"pos-47\":{ \"pos\":\"47\", \"style\":\"grid-column:09; grid-row:11;\" },\r\n        \"pos-48\":{ \"pos\":\"48\", \"style\":\"grid-column:10; grid-row:11;\" },\r\n        \"pos-49\":{ \"pos\":\"49\", \"style\":\"grid-column:10; grid-row:10;\" },\r\n        \"pos-50\":{ \"pos\":\"50\", \"style\":\"grid-column:10; grid-row:09;\" },\r\n        \"pos-51\":{ \"pos\":\"51\", \"style\":\"grid-column:10; grid-row:08;\" },\r\n        \"pos-52\":{ \"pos\":\"52\", \"style\":\"grid-column:09; grid-row:08;\" } \r\n\r\n    }', NULL, NULL),
('hol', 'cas_cir', '{ \r\n\r\n      \"sec\":{ \r\n        \"tab\":\"cas_cir\", \r\n        \"style\":\"grid: repeat(18,1fr)/repeat(18,1fr); border-radius: 50%;\" \r\n      },      \r\n\r\n      \"orb\":{ \r\n        \"sec\":\"orb\",\r\n        \"style\":\"z-index: 1; width: 100%; height: 100%; border-radius: 50%;\"\r\n        },\r\n        \"orb-1\":{ \"orb\":\"1\", \"style\":\"grid-column:9/11; grid-row:9/11;\" },\r\n        \"orb-2\":{ \"orb\":\"2\", \"style\":\"grid-column:8/12; grid-row:8/12;\" },\r\n        \"orb-3\":{ \"orb\":\"3\", \"style\":\"grid-column:7/13; grid-row:7/13;\" },\r\n        \"orb-4\":{ \"orb\":\"4\", \"style\":\"grid-column:6/14; grid-row:6/14;\" },\r\n        \"orb-5\":{ \"orb\":\"5\", \"style\":\"grid-column:5/15; grid-row:5/15;\" },\r\n        \"orb-6\":{ \"orb\":\"6\", \"style\":\"grid-column:4/16; grid-row:4/16;\" },\r\n        \"orb-7\":{ \"orb\":\"7\", \"style\":\"grid-column:3/17; grid-row:3/17;\" },\r\n        \"orb-8\":{ \"orb\":\"8\", \"style\":\"grid-column:2/18; grid-row:2/18;\" },\r\n\r\n      \"ond\":{ \r\n        \"sec\":\"ond\", \r\n        \"style\":\"z-index: 2; width: 100%; height: 100%; \" \r\n        },\r\n        \"ond-1\":{ \"ond\":\"1\", \"style\":\"grid-column:10/19; grid-row:01/10; border-radius: 0 100% 0 0; border-bottom: 1.5px solid green;\" },\r\n        \"ond-2\":{ \"ond\":\"2\", \"style\":\"grid-column:01/10; grid-row:01/10; border-radius: 100% 0 0 0; border-right:  1.5px solid green;\" },\r\n        \"ond-3\":{ \"ond\":\"3\", \"style\":\"grid-column:01/10; grid-row:10/19; border-radius: 0 0 0 100%; border-top:    1.5px solid green;\" },\r\n        \"ond-4\":{ \"ond\":\"4\", \"style\":\"grid-column:10/19; grid-row:10/19; border-radius: 0 0 100% 0; border-left:   1.5px solid green;\" },\r\n\r\n      \"pos\":{ \r\n        \"style\":\"z-index: 3; position: relative;\" \r\n        },\r\n        \"pos-00\":{ \"pos\":\"00\", \"style\":\"grid-column:09/11; grid-row:09/11; width: 25%; height: 25%;\" },\r\n        \"pos-01\":{ \"pos\":\"01\", \"style\":\"grid-column:18; grid-row:09; left:  10%;\" },\r\n        \"pos-02\":{ \"pos\":\"02\", \"style\":\"grid-column:18; grid-row:08; left:  05%;\" },\r\n        \"pos-03\":{ \"pos\":\"03\", \"style\":\"grid-column:18; grid-row:07; right: 25%;\" },\r\n        \"pos-04\":{ \"pos\":\"04\", \"style\":\"grid-column:17; grid-row:06; left: 35%;\" },\r\n        \"pos-05\":{ \"pos\":\"05\", \"style\":\"grid-column:17; grid-row:05; right: 20%;  top: 05%;\" },\r\n        \"pos-06\":{ \"pos\":\"06\", \"style\":\"grid-column:16; grid-row:04; left: 15%;   top: 15%;\" },\r\n        \"pos-07\":{ \"pos\":\"07\", \"style\":\"grid-column:16; grid-row:03; right: 47%;  top: 30%;\" },\r\n        \"pos-08\":{ \"pos\":\"08\", \"style\":\"grid-column:15; grid-row:03; right: 20%;  bottom: 30%;\" },\r\n        \"pos-09\":{ \"pos\":\"09\", \"style\":\"grid-column:14; grid-row:02;              top: 22%;\" },\r\n        \"pos-10\":{ \"pos\":\"10\", \"style\":\"grid-column:13; grid-row:02; left: 15%;   bottom: 30%;\" },\r\n        \"pos-11\":{ \"pos\":\"11\", \"style\":\"grid-column:12; grid-row:01; left: 15%;   top: 35%;\" },\r\n        \"pos-12\":{ \"pos\":\"12\", \"style\":\"grid-column:11; grid-row:01; left: 15%;   top: 10%;\" },\r\n        \"pos-13\":{ \"pos\":\"13\", \"style\":\"grid-column:10; grid-row:01; left: 10%;   bottom: 10%;\" },\r\n        \"pos-14\":{ \"pos\":\"14\", \"style\":\"grid-column:09; grid-row:01; bottom: 10%;\" },\r\n        \"pos-15\":{ \"pos\":\"15\", \"style\":\"grid-column:08; grid-row:01;\" },\r\n        \"pos-16\":{ \"pos\":\"16\", \"style\":\"grid-column:07; grid-row:01; top: 30%;\" },\r\n        \"pos-17\":{ \"pos\":\"17\", \"style\":\"grid-column:06; grid-row:02; bottom: 40%;\" },\r\n        \"pos-18\":{ \"pos\":\"18\", \"style\":\"grid-column:05; grid-row:02; top: 15%;\" },\r\n        \"pos-19\":{ \"pos\":\"19\", \"style\":\"grid-column:04; grid-row:03; bottom: 20%; left: 10%;\" },\r\n        \"pos-20\":{ \"pos\":\"20\", \"style\":\"grid-column:03; grid-row:03; top:40%; left: 35%;\" },\r\n        \"pos-21\":{ \"pos\":\"21\", \"style\":\"grid-column:03; grid-row:04; top:15%; right: 30%;\" },\r\n        \"pos-22\":{ \"pos\":\"22\", \"style\":\"grid-column:02; grid-row:05; left: 15%;\" },\r\n        \"pos-23\":{ \"pos\":\"23\", \"style\":\"grid-column:02; grid-row:06; right: 40%;\" },\r\n        \"pos-24\":{ \"pos\":\"24\", \"style\":\"grid-column:01; grid-row:07; left: 30%;\" },\r\n        \"pos-25\":{ \"pos\":\"25\", \"style\":\"grid-column:01; grid-row:08; left: 10%;\" },\r\n        \"pos-26\":{ \"pos\":\"26\", \"style\":\"grid-column:01; grid-row:09;\" },\r\n        \"pos-27\":{ \"pos\":\"27\", \"style\":\"grid-column:01; grid-row:10;\" },\r\n        \"pos-28\":{ \"pos\":\"28\", \"style\":\"grid-column:01; grid-row:11; left: 10%;\" },\r\n        \"pos-29\":{ \"pos\":\"29\", \"style\":\"grid-column:01; grid-row:12; left: 40%;\" },\r\n        \"pos-30\":{ \"pos\":\"30\", \"style\":\"grid-column:02; grid-row:13; right: 20%;\" },\r\n        \"pos-31\":{ \"pos\":\"31\", \"style\":\"grid-column:02; grid-row:14; left: 30%;\" },\r\n        \"pos-32\":{ \"pos\":\"32\", \"style\":\"grid-column:03; grid-row:15; bottom: 15%; right: 5%;\" },\r\n        \"pos-33\":{ \"pos\":\"33\", \"style\":\"grid-column:03; grid-row:16; bottom: 50%; left: 60%;\" },\r\n        \"pos-34\":{ \"pos\":\"34\", \"style\":\"grid-column:04; grid-row:16; top: 15%; left: 30%;\" },\r\n        \"pos-35\":{ \"pos\":\"35\", \"style\":\"grid-column:05; grid-row:17; bottom: 30%; left: 5%;\" },\r\n        \"pos-36\":{ \"pos\":\"36\", \"style\":\"grid-column:06; grid-row:17; top: 20%;\" },\r\n        \"pos-37\":{ \"pos\":\"37\", \"style\":\"grid-column:07; grid-row:18; bottom: 45%;\" },\r\n        \"pos-38\":{ \"pos\":\"38\", \"style\":\"grid-column:08; grid-row:18; bottom: 20%;\" },\r\n        \"pos-39\":{ \"pos\":\"39\", \"style\":\"grid-column:09; grid-row:18; bottom: 5%;\" },\r\n        \"pos-40\":{ \"pos\":\"40\", \"style\":\"grid-column:10; grid-row:18; bottom: 5%;\" },\r\n        \"pos-41\":{ \"pos\":\"41\", \"style\":\"grid-column:11; grid-row:18; bottom: 20%;\" },\r\n        \"pos-42\":{ \"pos\":\"42\", \"style\":\"grid-column:12; grid-row:18; bottom: 45%;\" },\r\n        \"pos-43\":{ \"pos\":\"43\", \"style\":\"grid-column:13; grid-row:17; top: 20%;\" },\r\n        \"pos-44\":{ \"pos\":\"44\", \"style\":\"grid-column:14; grid-row:17; bottom: 30%; right: 5%;\" },\r\n        \"pos-45\":{ \"pos\":\"45\", \"style\":\"grid-column:15; grid-row:16; top: 15%; right: 30%;\" },\r\n        \"pos-46\":{ \"pos\":\"46\", \"style\":\"grid-column:16; grid-row:16; bottom: 50%; right: 60%;\" },\r\n        \"pos-47\":{ \"pos\":\"47\", \"style\":\"grid-column:16; grid-row:15; bottom: 15%; left: 5%;\" },\r\n        \"pos-48\":{ \"pos\":\"48\", \"style\":\"grid-column:17; grid-row:14; right: 30%;\" },\r\n        \"pos-49\":{ \"pos\":\"49\", \"style\":\"grid-column:17; grid-row:13; left: 20%;\" },\r\n        \"pos-50\":{ \"pos\":\"50\", \"style\":\"grid-column:18; grid-row:12; right: 40%;\" },\r\n        \"pos-51\":{ \"pos\":\"51\", \"style\":\"grid-column:18; grid-row:11; right: 10%;\" },\r\n        \"pos-52\":{ \"pos\":\"52\", \"style\":\"grid-column:18; grid-row:10;\" }      \r\n      \r\n    }', NULL, NULL),
('hol', 'cro', '{\r\n\r\n      \"sec\":{ \"tab\":\"cro\", \"style\":\"grid: repeat(3,1fr) / repeat(3,1fr); border-radius: 50%;\" },\r\n\r\n      \"pos-0\":{ \"pos\":\"0\", \"style\":\"grid-column:2; grid-row:2;\" },\r\n      \"pos-1\":{ \"pos\":\"1\", \"style\":\"grid-column:3; grid-row:2;\" },\r\n      \"pos-2\":{ \"pos\":\"2\", \"style\":\"grid-column:2; grid-row:1;\" },\r\n      \"pos-3\":{ \"pos\":\"3\", \"style\":\"grid-column:1; grid-row:2;\" },\r\n      \"pos-4\":{ \"pos\":\"4\", \"style\":\"grid-column:2; grid-row:3;\" },\r\n      \"pos-5\":{ \"pos\":\"5\", \"style\":\"grid-column:2; grid-row:2;\" }   \r\n\r\n    }', NULL, NULL),
('hol', 'cro_cir', '{\r\n\r\n      \"sec\":{ \"tab\":\"cro_cir\", \"style\":\"grid: repeat(3,1fr) / repeat(3,1fr); border-radius: 50%;\" },\r\n\r\n      \"pos\":{ \"style\":\"position: relative;\" },\r\n      \"pos-0\":{ \"pos\":\"0\", \"style\":\"grid-column:2/3; grid-row:2/3; align-self: center; justify-self: center; justify-content: center; align-items: center; width: 150%; height: 150%;\" },\r\n      \"pos-1\":{ \"pos\":\"1\", \"style\":\"grid-column:1/2; grid-row:1/2; top: 3%;    left: 28%; transform: rotate(145deg);\" },\r\n      \"pos-2\":{ \"pos\":\"2\", \"style\":\"grid-column:1/2; grid-row:2/3; top: 38%;   left:-13%; transform: rotate(070deg);\" },\r\n      \"pos-3\":{ \"pos\":\"3\", \"style\":\"grid-column:2/3; grid-row:3/4; top: 20%;\" },\r\n      \"pos-4\":{ \"pos\":\"4\", \"style\":\"grid-column:3/4; grid-row:2/3; top: 35.5%; left: 12%; transform: rotate(287deg);\" },\r\n      \"pos-5\":{ \"pos\":\"5\", \"style\":\"grid-column:3/4; grid-row:1/2; top: 3%;    left:-30%; transform: rotate(217deg);\" }      \r\n\r\n    }', NULL, NULL),
('hol', 'kin_arm', '{ \r\n\r\n      \"sec\":{ \"tab\": \"kin_arm\", \"style\":\"grid-gap: .3rem;\" }, \r\n\r\n      \"pos\":{ \"style\":\"width: 1.2rem; height: 1.2rem;\" }\r\n\r\n    }', '{\r\n      \"sec\":{ \"ima\": \"\", \"bor\": 0, \"arm\": 1 },\r\n      \"pos\":{ \"ima\": \"hol.sel.ide\", \"col\": \"\", \"num\": \"\" }\r\n    }', '[ \"par\", \"pul\" ]'),
('hol', 'kin_arm_cel', '{\r\n\r\n      \"cel\":{ \"tab\": \"kin_arm_cel\", \"style\":\"grid-gap: .05rem;\" },\r\n\r\n      \"pos\":{ \"style\":\"width: 18rem; height: 18rem;\" } \r\n      \r\n    }', NULL, NULL),
('hol', 'kin_arm_tra', '{ \r\n\r\n      \"tra\":{ \"tab\": \"kin_arm_tra\", \"style\":\"border-radius: 50%;\" },\r\n\r\n      \"pos\":{ \"style\":\"width: 7.8rem; height: 7.8rem;\" }\r\n      \r\n    }', NULL, NULL),
('hol', 'kin_cro', '{ \r\n\r\n      \"sec\":{ \"tab\": \"kin_cro\", \"style\":\"grid-gap: .3rem;\" },\r\n\r\n      \"pos\":{ \"style\":\"width: 1rem; height: 1rem;\" }\r\n\r\n    }', '{\r\n      \"sec\":{ \"ima\": \"\", \"bor\": 0, \"cas\": 1, \"orb\": 1, \"ond\": 1, \"cro\": 1, \"ond-col\":1 },				\r\n      \"pos\":{ \"ima\": \"hol.sel.ide\", \"col\": \"\", \"num\": \"\" }\r\n    }', '[ \"par\", \"pul\" ]'),
('hol', 'kin_cro_ele', '{ \r\n\r\n      \"ele\":{ \"tab\": \"kin_cro_ele\" },\r\n\r\n      \"pos\":{ \"style\":\"width: 13rem; height: 13rem;\" },\r\n      \"pos-0\":{ \"style\":\"width: 150%; height: 150%; color: black;\" },\r\n\r\n      \"rot-ond\":[ \"147\", \"070\", \"074\", \"071\", \"074\", \"330\", \"352\", \"335\", \"350\", \"230\", \"270\", \"240\", \"160\", \"140\", \"070\", \"074\", \"071\", \"074\", \"330\", \"352\", \"335\", \"350\", \"230\", \"270\", \"240\", \"160\", \"140\", \"070\", \"074\", \"071\", \"074\", \"330\", \"352\", \"335\", \"350\", \"230\", \"270\", \"240\", \"160\", \"140\", \"070\", \"074\", \"071\", \"074\", \"330\", \"352\", \"335\", \"350\", \"230\", \"270\", \"240\", \"160\" ],\r\n\r\n      \"rot-cas\":[ \"025\", \"000\", \"340\", \"345\", \"340\", \"250\", \"255\", \"250\", \"255\", \"155\", \"170\", \"160\", \"065\", \"290\", \"290\", \"290\", \"290\", \"220\", \"170\", \"160\", \"165\", \"160\", \"070\", \"075\", \"070\", \"335\", \"180\", \"150\", \"170\", \"160\", \"165\", \"070\", \"075\", \"070\", \"073\", \"330\", \"350\", \"340\", \"245\", \"095\", \"070\", \"075\", \"073\", \"073\", \"330\", \"350\", \"340\", \"345\", \"250\", \"255\", \"250\", \"160\" ]\r\n    }', NULL, NULL),
('hol', 'kin_cro_est', '{\r\n\r\n      \"est\":{ \"tab\": \"kin_cro_est\", \"style\":\"margin: 0 1rem; grid-gap: .2rem\" },\r\n\r\n      \"pos\":{ \"style\":\"width: 2.8rem; height: 2.8rem;\" }\r\n\r\n    }', NULL, NULL),
('hol', 'kin_nav', '{ \r\n\r\n      \"sec\":{ \"tab\": \"kin_nav\", \"style\":\"grid-gap: .15rem;\" }, \r\n\r\n      \"pos\":{ \"style\":\"width: 1.1rem; height: 1.1rem;\" },\r\n      \r\n      \"pos-00\":{ \"style\":\"font-size:.5rem\" }\r\n      \r\n    }', '{\r\n      \"sec\":{ \"ima\": \"\", \"bor\": 0, \"col\": 1, \"cas\":1 },\r\n      \"pos\":{ \"ima\": \"hol.kin.ide\", \"col\": \"\", \"num\": \"\" }\r\n    }', '[ \"par\", \"pul\" ]'),
('hol', 'kin_nav_cas', '{ \r\n\r\n      \"cas\":{ \"tab\": \"kin_nav_cas\", \"style\":\"padding: .2rem;\" },\r\n\r\n      \"pos\":{ \"style\":\"width: 4rem; height: 4rem;\" }\r\n      \r\n    }', NULL, NULL),
('hol', 'kin_nav_ond', '{ \r\n\r\n      \"ond\":{ \"tab\": \"kin_nav_ond\", \"style\":\"grid-gap: .2rem;\" }, \r\n      \r\n      \"pos\":{ \"style\":\"width: 9rem; height: 9rem;\" } \r\n      \r\n    }', NULL, NULL),
('hol', 'kin_par', '{ \r\n\r\n      \"sec\":{ \"tab\":\"uni_par\", \"class\": \"kin\", \"style\":\"border: 1px solid var(--col_ver); border-radius: 50%;\" }\r\n\r\n    }', NULL, NULL),
('hol', 'kin_tzo', '{ \r\n\r\n      \"sec\":{ \"tab\":\"kin\", \"style\":\"grid: repeat(20,1fr) / repeat(13,1fr); grid-auto-flow: column;\" },\r\n      \r\n      \"ton-01\":{ \"style\":\"grid-column: 2; grid-row: 1;\" },\r\n      \"ton-02\":{ \"style\":\"grid-column: 3; grid-row: 1;\" },\r\n      \"ton-03\":{ \"style\":\"grid-column: 4; grid-row: 1;\" },\r\n      \"ton-04\":{ \"style\":\"grid-column: 5; grid-row: 1;\" },\r\n      \"ton-05\":{ \"style\":\"grid-column: 6; grid-row: 1;\" },\r\n      \"ton-06\":{ \"style\":\"grid-column: 7; grid-row: 1;\" },\r\n      \"ton-07\":{ \"style\":\"grid-column: 8; grid-row: 1;\" },\r\n      \"ton-08\":{ \"style\":\"grid-column: 9; grid-row: 1;\" },\r\n      \"ton-09\":{ \"style\":\"grid-column: 10; grid-row: 1;\" },\r\n      \"ton-10\":{ \"style\":\"grid-column: 11; grid-row: 1;\" },\r\n      \"ton-11\":{ \"style\":\"grid-column: 12; grid-row: 1;\" },\r\n      \"ton-12\":{ \"style\":\"grid-column: 13; grid-row: 1;\" },\r\n      \"ton-13\":{ \"style\":\"grid-column: 14; grid-row: 1;\" },\r\n\r\n      \"sel-01\":{ \"style\":\"grid-column: 1; grid-row: 02;\" },\r\n      \"sel-02\":{ \"style\":\"grid-column: 1; grid-row: 03;\" },\r\n      \"sel-03\":{ \"style\":\"grid-column: 1; grid-row: 04;\" },\r\n      \"sel-04\":{ \"style\":\"grid-column: 1; grid-row: 05;\" },\r\n      \"sel-05\":{ \"style\":\"grid-column: 1; grid-row: 06;\" },\r\n      \"sel-06\":{ \"style\":\"grid-column: 1; grid-row: 07;\" },\r\n      \"sel-07\":{ \"style\":\"grid-column: 1; grid-row: 08;\" },\r\n      \"sel-08\":{ \"style\":\"grid-column: 1; grid-row: 09;\" },\r\n      \"sel-09\":{ \"style\":\"grid-column: 1; grid-row: 10;\" },\r\n      \"sel-10\":{ \"style\":\"grid-column: 1; grid-row: 11;\" },\r\n      \"sel-11\":{ \"style\":\"grid-column: 1; grid-row: 12;\" },\r\n      \"sel-12\":{ \"style\":\"grid-column: 1; grid-row: 13;\" },\r\n      \"sel-13\":{ \"style\":\"grid-column: 1; grid-row: 14;\" },\r\n      \"sel-14\":{ \"style\":\"grid-column: 1; grid-row: 15;\" },\r\n      \"sel-15\":{ \"style\":\"grid-column: 1; grid-row: 16;\" },\r\n      \"sel-16\":{ \"style\":\"grid-column: 1; grid-row: 17;\" },\r\n      \"sel-17\":{ \"style\":\"grid-column: 1; grid-row: 18;\" },\r\n      \"sel-18\":{ \"style\":\"grid-column: 1; grid-row: 19;\" },\r\n      \"sel-19\":{ \"style\":\"grid-column: 1; grid-row: 20;\" },\r\n      \"sel-20\":{ \"style\":\"grid-column: 1; grid-row: 21;\" },\r\n\r\n      \"pos\":{  \"style\":\"width: 1.9rem; height: 1.9rem;\" },\r\n      \"pos-0\":{ \"style\":\"grid-column: 1; grid-row: 1;\" }     \r\n      \r\n    }', '{      \r\n			\"sec\":{ \"ima\": \"\", \"sel\": 1 },\r\n\r\n			\"pos\":{ \"ima\": \"hol.ton.ide\", \"col\": \"hol.kin.pag\", \"num\": \"hol.kin.ide\" }\r\n    }', '[ \"par\" ]'),
('hol', 'lun', '{ \r\n\r\n      \"sec\":{ \r\n        \"tab\":\"lun\"\r\n      },\r\n\r\n      \"pos\":{ \r\n        \"style\":\"width: 3rem; height: 3rem;\"\r\n      }     \r\n    }', NULL, NULL),
('hol', 'psi_ban', '{\r\n\r\n      \"sec\":{ \"tab\": \"psi\", \"style\": \"grid-gap: .5rem;\" },\r\n\r\n      \"pos\":{ \"style\": \"width: 1.2rem; height: 1.2rem;\" }   \r\n\r\n    }', '{\r\n      \"sec\":{ \"ima\": \"\", \"bor\": 0 },      \r\n      \"pos\":{ \"ima\": \"hol.kin.ide\", \"col\": \"\", \"num\": \"\" }\r\n    }', '[ \"par\", \"pul\" ]'),
('hol', 'psi_est', '{ \r\n\r\n      \"sec\":{ \"tab\": \"psi_est\" },\r\n\r\n      \"pos\":{ \"style\": \"width: .855rem; height: .855rem;\" }\r\n\r\n    }', '{\r\n      \"sec\":{ \"ima\": \"\", \"bor\": 0 },\r\n      \"pos\":{ \"ima\": \"hol.rad.ide\", \"col\": \"\", \"num\": \"\" }\r\n    }', '[ \"par\", \"pul\" ]'),
('hol', 'psi_hep', '{ \r\n\r\n      \"sec\":{ \"tab\": \"psi_hep\" }\r\n      \r\n    }', NULL, NULL),
('hol', 'psi_lun', '{\r\n\r\n      \"lun\":{ \"tab\": \"psi_lun\" },\r\n\r\n      \"pos\":{ \"style\": \"width: 5rem; height: 5rem; max-height: 5rem;\" }\r\n      \r\n    }', '{\r\n      \"sec\":{ \"ima\": \"\", \"bor\": 0, \"lun\": 1, \"hep\": 1, \"rad\": 1 },\r\n      \"pos\":{ \"ima\": \"hol.kin.ide\", \"col\": \"\", \"num\": \"\" }      \r\n    }', '[ \"par\" ]'),
('hol', 'psi_tzo', '{\r\n\r\n      \"sec\":{ \"tab\": \"psi_tzo\", \"style\": \"grid-template-columns: repeat(4,1fr);\" },\r\n\r\n      \"tzo-5\":{ \"style\":\"transform: rotate(180deg);\" },\r\n      \"tzo-6\":{ \"style\":\"transform: rotate(180deg);\" },\r\n      \"tzo-7\":{ \"style\":\"transform: rotate(180deg);\" },\r\n      \"tzo-8\":{ \"style\":\"transform: rotate(180deg);\" },\r\n\r\n      \"pos\":{ \"style\":\"width: .95rem; height: .95rem;\" }\r\n      \r\n    }', '{\r\n      \"sec\":{ \"ima\": \"\", \"bor\": 0 },\r\n      \"pos\":{ \"ima\": \"hol.kin.ide\", \"col\": \"hol.kin.pag\" }\r\n    }', '[ \"par\" ]'),
('hol', 'rad', '{ \r\n\r\n      \"sec\":{ \"tab\": \"rad\", \r\n        \"style\":\"grid: repeat(4,1fr)/repeat(4,1fr); background: center/contain no-repeat url(http://localhost/_/hol/ima/rad.png);\" \r\n      },\r\n\r\n      \"pos\":{ \"style\":\"position: relative;\" },\r\n      \"pos-1\":{ \"pos\":\"1\", \"style\":\"grid-column:2; grid-row:1; top:     15%; left:  50%;\" },\r\n      \"pos-2\":{ \"pos\":\"2\", \"style\":\"grid-column:2; grid-row:4; bottom:  15%; left:  53%; \" },\r\n      \"pos-3\":{ \"pos\":\"3\", \"style\":\"grid-column:1; grid-row:2; bottom:  20%; left:  25%;\" },\r\n      \"pos-4\":{ \"pos\":\"4\", \"style\":\"grid-column:4; grid-row:3; top:     20%; right: 25%;\" },\r\n      \"pos-5\":{ \"pos\":\"5\", \"style\":\"grid-column:1; grid-row:3; top:     20%; left:  30%;\" },\r\n      \"pos-6\":{ \"pos\":\"6\", \"style\":\"grid-column:4; grid-row:2; bottom:  20%; right: 35%;\" },\r\n      \"pos-7\":{ \"pos\":\"7\", \"style\":\"grid-column:2; grid-row:2; top:     50%; left:  50%;\" } \r\n      \r\n    }', NULL, NULL),
('hol', 'rad_ato', '{\r\n    }', NULL, NULL),
('hol', 'sel', '{ \r\n\r\n      \"sec\":{ \r\n        \"tab\":\"sel\", \r\n        \"style\":\"display: grid; grid: repeat(4,1fr)/repeat(5,1fr); grid-gap: .5rem;\" \r\n      },\r\n\r\n      \"pos\":{ \r\n        \"style\":\"width: 1.9rem; height: 1.9rem;\"\r\n      }    \r\n\r\n    }', NULL, NULL),
('hol', 'sel_arm', '{ \r\n\r\n      \"sec\":{ \r\n        \"tab\":\"sel_arm\", \r\n        \"style\":\"grid: repeat(5,1fr)/repeat(6,1fr); grid-auto-flow: column; border-radius: 20%;\" \r\n      },\r\n      \r\n      \"raz-1\":{ \"raz\":\"1\", \"style\":\"grid-column:1/2; grid-row:2/3;\" },\r\n      \"raz-2\":{ \"raz\":\"2\", \"style\":\"grid-column:1/2; grid-row:3/4;\" },\r\n      \"raz-3\":{ \"raz\":\"3\", \"style\":\"grid-column:1/2; grid-row:4/5;\" },\r\n      \"raz-4\":{ \"raz\":\"4\", \"style\":\"grid-column:1/2; grid-row:5/6;\" },\r\n\r\n      \"cel-1\":{ \"cel\":\"1\", \"style\":\"grid-column:2/3; grid-row:1/2;\" },\r\n      \"cel-2\":{ \"cel\":\"2\", \"style\":\"grid-column:3/4; grid-row:1/2;\" },\r\n      \"cel-3\":{ \"cel\":\"3\", \"style\":\"grid-column:4/5; grid-row:1/2;\" },\r\n      \"cel-4\":{ \"cel\":\"4\", \"style\":\"grid-column:5/6; grid-row:1/2;\" },\r\n      \"cel-5\":{ \"cel\":\"5\", \"style\":\"grid-column:6/7; grid-row:1/2;\" },\r\n\r\n      \"pos\":{ \"style\":\"width: 8rem; height: 8rem;\" }      \r\n      \r\n    }', NULL, NULL),
('hol', 'sel_arm_tra', '{ \r\n\r\n      \"sec\":{\r\n        \"tab\":\"sel_arm_tra\"\r\n      },\r\n\r\n      \"pos\":{ \r\n        \"style\":\"width: 7.8rem; height: 7.8rem;\" \r\n      }    \r\n      \r\n    }', NULL, NULL),
('hol', 'sel_cro', '{ \r\n\r\n      \"sec\":{ \r\n        \"tab\":\"sel_cro\",\r\n        \"style\":\"grid-auto-flow: column; border-radius: 20%;\" \r\n      },      \r\n\r\n      \"fam-5\":{ \"fam\":\"5\", \"style\":\"grid-column:1/2; grid-row:2/3;\" },\r\n      \"fam-1\":{ \"fam\":\"1\", \"style\":\"grid-column:1/2; grid-row:3/4;\" }, \r\n      \"fam-2\":{ \"fam\":\"2\", \"style\":\"grid-column:1/2; grid-row:4/5;\" }, \r\n      \"fam-3\":{ \"fam\":\"3\", \"style\":\"grid-column:1/2; grid-row:5/6;\" }, \r\n      \"fam-4\":{ \"fam\":\"4\", \"style\":\"grid-column:1/2; grid-row:6/7;\" },\r\n\r\n      \"ele-4\":{ \"ele\":\"4\", \"style\":\"grid-column:2/3; grid-row:1/2;\" },\r\n      \"ele-1\":{ \"ele\":\"1\", \"style\":\"grid-column:3/4; grid-row:1/2;\" }, \r\n      \"ele-2\":{ \"ele\":\"2\", \"style\":\"grid-column:4/5; grid-row:1/2;\" }, \r\n      \"ele-3\":{ \"ele\":\"3\", \"style\":\"grid-column:5/6; grid-row:1/2;\" },\r\n\r\n      \"pos\":{ \r\n        \"style\":\"width: 7rem; height: 7rem;\" \r\n      }  \r\n      \r\n    }', NULL, NULL),
('hol', 'sel_par', '{ \r\n\r\n      \"sec\":{ \r\n        \"tab\":\"uni_par\", \r\n        \"class\":\"sel\", \r\n        \"style\":\"border: 1px solid var(--col_ver); border-radius: 50%;\"      \r\n      },\r\n\r\n      \"pos\":{ \r\n        \"style\":\"width: 1.9rem; height: 1.9rem;\" \r\n      } \r\n      \r\n    }', NULL, NULL),
('hol', 'ton', '{     \r\n\r\n      \"sec\":{ \"tab\":\"ton\", \r\n        \"style\":\"grid: repeat(5,1fr)/repeat(5,1fr); justify-items: start;\" \r\n      },\r\n\r\n      \"ond\":{ \"sec\":\"ond\",\r\n        \"style\":\"grid-column:1/sp; grid-row:1/sp; width: 100%; height: 100%;\"\r\n      },\r\n\r\n      \"pos\":{ \r\n        \"style\":\"z-index:10;\" \r\n      },\r\n      \"pos-01\":{ \"pos\":\"01\", \"style\":\"grid-column:1/2; grid-row:1/2;\" },\r\n      \"pos-02\":{ \"pos\":\"02\", \"style\":\"grid-column:1/2; grid-row:2/3;\" },\r\n      \"pos-03\":{ \"pos\":\"03\", \"style\":\"grid-column:1/2; grid-row:3/4;\" },\r\n      \"pos-04\":{ \"pos\":\"04\", \"style\":\"grid-column:1/2; grid-row:4/5;\" },\r\n      \"pos-05\":{ \"pos\":\"05\", \"style\":\"grid-column:1/2; grid-row:5/6;\" },\r\n      \"pos-06\":{ \"pos\":\"06\", \"style\":\"grid-column:2/3; grid-row:5/6;\" },\r\n      \"pos-07\":{ \"pos\":\"07\", \"style\":\"grid-column:3/4; grid-row:5/6;\" },\r\n      \"pos-08\":{ \"pos\":\"08\", \"style\":\"grid-column:4/5; grid-row:5/6;\" },\r\n      \"pos-09\":{ \"pos\":\"09\", \"style\":\"grid-column:5/6; grid-row:5/6;\" },\r\n      \"pos-10\":{ \"pos\":\"10\", \"style\":\"grid-column:5/6; grid-row:4/5;\" },\r\n      \"pos-11\":{ \"pos\":\"11\", \"style\":\"grid-column:5/6; grid-row:3/4;\" },\r\n      \"pos-12\":{ \"pos\":\"12\", \"style\":\"grid-column:5/6; grid-row:2/3;\" },\r\n      \"pos-13\":{ \"pos\":\"13\", \"style\":\"grid-column:4/5; grid-row:2/3;\" }   \r\n      \r\n    }', NULL, NULL),
('hol', 'uni_gal', '{\r\n    }', NULL, NULL),
('hol', 'uni_hum', '{\r\n\r\n      \"sec\":{ \"tab\":\"uni_hum\",\r\n        \"style\":\"grid: repeat(20,1fr)/repeat(13,1fr); width: 19rem; height: 35rem;\"\r\n      },\r\n\r\n      \"fon\":{ \"style\":\"grid-column: 1/sp; grid-row: 1/sp; width: 100%; height: 100%;\" },\r\n      \"fon-map\":{ \"fon\":\"map\", \"style\":\"background: center/contain no-repeat url(http://localhost/_/hol/tab/hum/map.png);\" },\r\n      \"fon-res\":{ \"fon\":\"res\", \"style\":\"background: center/contain no-repeat url(http://localhost/_/hol/tab/hum/res.png);\" },\r\n      \"fon-cir\":{ \"fon\":\"cir\", \"style\":\"background: center/contain no-repeat url(http://localhost/_/hol/tab/hum/cir.png);\" },\r\n      \"fon-cen\":{ \"fon\":\"cen\", \"style\":\"background: center/contain no-repeat url(http://localhost/_/hol/tab/hum/cen.png);\" },\r\n      \"fon-ext\":{ \"fon\":\"ext\", \"style\":\"background: center/contain no-repeat url(http://localhost/_/hol/tab/hum/ext.png);\" },\r\n\r\n      \"raz\":{ \"style\":\"position: relative;\" },\r\n      \"raz-4\":{ \"raz\":\"4\", \"style\":\"grid-column:2/5; grid-row:10/12; left:5%; top:5%;\" },\r\n      \"raz-1\":{ \"raz\":\"1\", \"style\":\"grid-column:5/7; grid-row:18/20; left: 30%; top:5%; z-index: -1;\" },\r\n      \"raz-2\":{ \"raz\":\"2\", \"style\":\"grid-column:11/13; grid-row:10/12; right:35%; top:5%;\" },\r\n      \"raz-3\":{ \"raz\":\"3\", \"style\":\"grid-column:8/10; grid-row:18/20; right:20%; top:5%; z-index: -1;\" },\r\n\r\n      \"fam\":{ \"style\":\"\" },\r\n      \"fam-5\":{ \"fam\":\"5\", \"style\":\"grid-column:6/9; grid-row:1/3;\" },\r\n      \"fam-1\":{ \"fam\":\"1\", \"style\":\"grid-column:6/9; grid-row:3/6; z-index:1;\" },\r\n      \"fam-2\":{ \"fam\":\"2\", \"style\":\"grid-column:6/9; grid-row:5/8;\" },\r\n      \"fam-3\":{ \"fam\":\"3\", \"style\":\"grid-column:6/9; grid-row:7/10;\" },\r\n      \"fam-4\":{ \"fam\":\"4\", \"style\":\"grid-column:6/9; grid-row:10/12;\" },\r\n\r\n      \"ton\":{ \"style\":\"position:relative; width:20px; height:20px; border-radius: 20%;\" },\r\n      \"ton-01\":{ \"ton\":\"01\", \"style\":\"grid-column:05; grid-row:18; bottom: 30%;\" },\r\n      \"ton-02\":{ \"ton\":\"02\", \"style\":\"grid-column:05; grid-row:15; right: 15%;\" },\r\n      \"ton-03\":{ \"ton\":\"03\", \"style\":\"grid-column:05; grid-row:11; right: 20%;\" },\r\n      \"ton-04\":{ \"ton\":\"04\", \"style\":\"grid-column:03; grid-row:10; bottom: 40%;\" },\r\n      \"ton-05\":{ \"ton\":\"05\", \"style\":\"grid-column:04; grid-row:08; bottom: 35%; right: 40%;\" },\r\n      \"ton-06\":{ \"ton\":\"06\", \"style\":\"grid-column:04; grid-row:05;\" },\r\n      \"ton-07\":{ \"ton\":\"07\", \"style\":\"grid-column:07; grid-row:04; bottom: 35%;\" },\r\n      \"ton-08\":{ \"ton\":\"08\", \"style\":\"grid-column:10; grid-row:05;\" },\r\n      \"ton-09\":{ \"ton\":\"09\", \"style\":\"grid-column:10; grid-row:08; bottom: 35%; left: 40%;\" },\r\n      \"ton-10\":{ \"ton\":\"10\", \"style\":\"grid-column:11; grid-row:10; bottom: 40%;\" },\r\n      \"ton-11\":{ \"ton\":\"11\", \"style\":\"grid-column:09; grid-row:11; left: 20%;\" },\r\n      \"ton-12\":{ \"ton\":\"12\", \"style\":\"grid-column:09; grid-row:15; left: 35%;\" },\r\n      \"ton-13\":{ \"ton\":\"13\", \"style\":\"grid-column:09; grid-row:18; bottom: 30%; left: 30%;\" },\r\n\r\n      \"sel\":{ \"style\":\"width:15px; height:15px; position:relative; \" },\r\n      \"sel-20\":{ \"sel\":\"20\", \"style\":\"grid-column:1;  grid-row:10; top:40%; right:25%;\" },\r\n      \"sel-01\":{ \"sel\":\"01\", \"style\":\"grid-column:1;  grid-row:11; top:30%; right:17%;\" },\r\n      \"sel-02\":{ \"sel\":\"02\", \"style\":\"grid-column:1;  grid-row:12; top:20%; left: 25%;\" },\r\n      \"sel-03\":{ \"sel\":\"03\", \"style\":\"grid-column:2;  grid-row:12; top:40%; left: 28%;\" },\r\n      \"sel-04\":{ \"sel\":\"04\", \"style\":\"grid-column:3;  grid-row:12; top:25%; left: 30%;\" },\r\n      \"sel-10\":{ \"sel\":\"10\", \"style\":\"grid-column:13; grid-row:10; top:35%; left:20%;\" },\r\n      \"sel-11\":{ \"sel\":\"11\", \"style\":\"grid-column:13; grid-row:11; top:30%; left:15%;\" },\r\n      \"sel-12\":{ \"sel\":\"12\", \"style\":\"grid-column:13; grid-row:12; top:20%; right:25%;\" },\r\n      \"sel-13\":{ \"sel\":\"13\", \"style\":\"grid-column:12; grid-row:12; top:43%; right:25%;\" },\r\n      \"sel-14\":{ \"sel\":\"14\", \"style\":\"grid-column:11; grid-row:12; top:30%; right:25%;\" },\r\n      \"sel-05\":{ \"sel\":\"05\", \"style\":\"grid-column:6;  grid-row:20; top:15%; left:25%;\" },\r\n      \"sel-06\":{ \"sel\":\"06\", \"style\":\"grid-column:5;  grid-row:20; top:35%; left:20%;\" },\r\n      \"sel-07\":{ \"sel\":\"07\", \"style\":\"grid-column:4;  grid-row:20; top:25%; left:20%;\" },\r\n      \"sel-08\":{ \"sel\":\"08\", \"style\":\"grid-column:4;  grid-row:19; top:35%; left:5%;\" },\r\n      \"sel-09\":{ \"sel\":\"09\", \"style\":\"grid-column:4;  grid-row:19; bottom:50%; left:20%;\" },\r\n      \"sel-15\":{ \"sel\":\"15\", \"style\":\"grid-column:8;  grid-row:20; top:20%;\" },\r\n      \"sel-16\":{ \"sel\":\"16\", \"style\":\"grid-column:9;  grid-row:20; top:35%;\" },\r\n      \"sel-17\":{ \"sel\":\"17\", \"style\":\"grid-column:10; grid-row:20; top:25%;\" },\r\n      \"sel-18\":{ \"sel\":\"18\", \"style\":\"grid-column:10; grid-row:19; top:35%; left:15%;\" },\r\n      \"sel-19\":{ \"sel\":\"19\", \"style\":\"grid-column:10; grid-row:19; bottom:50%;\" }  \r\n\r\n    }', NULL, NULL),
('hol', 'uni_ond', '{\r\n    }', NULL, NULL),
('hol', 'uni_par', '{\r\n    }', NULL, NULL),
('hol', 'uni_pla', '{ \r\n      \r\n      \"sec\":{ \"tab\":\"uni_pla\",\r\n        \"style\":\"grid: repeat(5,1fr)/repeat(9,1fr); width: 40rem; height: 28rem;\" \r\n      },\r\n\r\n      \"fon\":{ \"style\":\"grid-column:2/10; grid-row:1/6; width: 100%; height: 100%;\" },\r\n      \"fon-map\":{ \"fon\":\"map\", \"style\":\"background: center/contain no-repeat url(http://localhost/_/hol/tab/pla/map.png);\" },\r\n      \"fon-sel\":{ \"fon\":\"sel\", \"style\":\"background: center/contain no-repeat url(http://localhost/_/hol/tab/pla/sel.png);\" },\r\n      \"fon-res\":{ \"fon\":\"res\", \"style\":\"background: center/contain no-repeat url(http://localhost/_/hol/tab/pla/res.png);\" },\r\n      \"fon-flu\":{ \"fon\":\"flu\", \"style\":\"background: center/contain no-repeat url(http://localhost/_/hol/tab/pla/flu.png);\" },\r\n\r\n      \"fam\":{ \"style\":\"height: 80%; width: 80%;\" },\r\n      \"fam-1\":{ \"fam\":\"1\", \"style\":\"grid-column:1/2; grid-row:2;\" },\r\n      \"fam-2\":{ \"fam\":\"2\", \"style\":\"grid-column:1/2; grid-row:3;\" },\r\n      \"fam-3\":{ \"fam\":\"3\", \"style\":\"grid-column:1/2; grid-row:4;\" },\r\n      \"fam-4\":{ \"fam\":\"4\", \"style\":\"grid-column:1/2; grid-row:5;\" },\r\n      \"fam-5\":{ \"fam\":\"5\", \"style\":\"grid-column:1/2; grid-row:1;\" },\r\n\r\n      \"sel\":{ \"style\":\"position: relative; width: 150%; height: 115%; border-radius: 50%;\" },\r\n      \"sel-20\":{ \"sel\":\"20\", \"style\":\"grid-column:6; grid-row:1; top: 25%;\" },\r\n      \"sel-05\":{ \"sel\":\"05\", \"style\":\"grid-column:8; grid-row:1; top: 25%;\" },\r\n      \"sel-10\":{ \"sel\":\"10\", \"style\":\"grid-column:2; grid-row:1; top: 25%; left: 20%;\" },\r\n      \"sel-15\":{ \"sel\":\"15\", \"style\":\"grid-column:4; grid-row:1; top: 25%;\" },\r\n      \"sel-01\":{ \"sel\":\"01\", \"style\":\"grid-column:7; grid-row:2; top: 20%;\" },\r\n      \"sel-06\":{ \"sel\":\"06\", \"style\":\"grid-column:9; grid-row:2; top: 20%;\" },\r\n      \"sel-11\":{ \"sel\":\"11\", \"style\":\"grid-column:3; grid-row:2; top: 20%; left: 15%;\" },\r\n      \"sel-16\":{ \"sel\":\"16\", \"style\":\"grid-column:5; grid-row:2; top: 20%; left: 10%;\" },\r\n      \"sel-02\":{ \"sel\":\"02\", \"style\":\"grid-column:8; grid-row:3; bottom: 10%;\" },\r\n      \"sel-07\":{ \"sel\":\"07\", \"style\":\"grid-column:2; grid-row:3; bottom: 10%; left: 25%;\" },\r\n      \"sel-12\":{ \"sel\":\"12\", \"style\":\"grid-column:4; grid-row:3; bottom: 10%; left: 15%;\" },\r\n      \"sel-17\":{ \"sel\":\"17\", \"style\":\"grid-column:6; grid-row:3; bottom: 10%;\" },\r\n      \"sel-03\":{ \"sel\":\"03\", \"style\":\"grid-column:9; grid-row:4; bottom: 20%;\" },\r\n      \"sel-08\":{ \"sel\":\"08\", \"style\":\"grid-column:3; grid-row:4; bottom: 20%; left: 15%;\" },\r\n      \"sel-13\":{ \"sel\":\"13\", \"style\":\"grid-column:5; grid-row:4; bottom: 20%; left: 15%;\" },\r\n      \"sel-18\":{ \"sel\":\"18\", \"style\":\"grid-column:7; grid-row:4; bottom: 20%;\" },\r\n      \"sel-04\":{ \"sel\":\"04\", \"style\":\"grid-column:2; grid-row:5; bottom: 45%; left: 30%;\" },\r\n      \"sel-09\":{ \"sel\":\"09\", \"style\":\"grid-column:4; grid-row:5; bottom: 45%; left: 20%;\" },\r\n      \"sel-14\":{ \"sel\":\"14\", \"style\":\"grid-column:6; grid-row:5; bottom: 45%; left: 8%;\" },\r\n      \"sel-19\":{ \"sel\":\"19\", \"style\":\"grid-column:8; grid-row:5; bottom: 45%; left: 5%;\" },\r\n\r\n      \"sel-fic\":{ \"style\":\"width: 30%;\" }  \r\n\r\n    }', NULL, NULL),
('hol', 'uni_sol', '{\r\n\r\n      \"sec\":{ \"tab\":\"uni_sol\", \"style\":\"grid: repeat(9,1fr)/repeat(9,1fr); width: 37rem; height: 38rem;\" },\r\n\r\n      \"fon\":{ \"style\":\"grid-column: 1/sp; grid-row: 1/sp; width: 100%; height: 100%;\" },\r\n      \"fon-map\":{ \"fon\":\"map\", \"style\":\"background: center/contain no-repeat url(http://localhost/_/hol/tab/sol/map.png);\" },\r\n      \"fon-ato\":{ \"fon\":\"ato\", \"style\":\"background: center/contain no-repeat url(http://localhost/_/hol/tab/sol/ato.png);\" },\r\n      \"fon-res\":{ \"fon\":\"res\", \"style\":\"background: center/contain no-repeat url(http://localhost/_/hol/tab/sol/res.png);\" },\r\n      \"fon-cel\":{ \"fon\":\"cel\", \"style\":\"background: center/contain no-repeat url(http://localhost/_/hol/tab/sol/cel.png);\" },\r\n      \"fon-cir\":{ \"fon\":\"cir\", \"style\":\"background: center/contain no-repeat url(http://localhost/_/hol/tab/sol/cir.png);\" },\r\n      \"fon-pla\":{ \"fon\":\"pla\", \"style\":\"background: center/contain no-repeat url(http://localhost/_/hol/tab/sol/pla.png);\" },\r\n\r\n      \"pla\":{ \"style\":\"position: relative; width: 110%; height: 100%;\" },\r\n      \"pla-10\":{ \"pla\":\"10\", \"style\":\"grid-column:3/5; grid-row:2; transform: rotate( 053deg); top: 25%; left: 15%;\" },\r\n      \"pla-09\":{ \"pla\":\"09\", \"style\":\"grid-column:2/4; grid-row:3; transform: rotate( 053deg); left: 17%;\" },\r\n      \"pla-08\":{ \"pla\":\"08\", \"style\":\"grid-column:2/4; grid-row:5; transform: rotate( 340deg); top: 25%; right: 20%;\" },\r\n      \"pla-07\":{ \"pla\":\"07\", \"style\":\"grid-column:2/4; grid-row:6; transform: rotate( 340deg); top: 45%;\" },\r\n      \"pla-06\":{ \"pla\":\"06\", \"style\":\"grid-column:4/6; grid-row:8; transform: rotate( 270deg); bottom: 20%; right: 5%;\" },\r\n      \"pla-05\":{ \"pla\":\"05\", \"style\":\"grid-column:5/7; grid-row:8; transform: rotate( 270deg); bottom: 20%; left: 7%;\" },\r\n      \"pla-04\":{ \"pla\":\"04\", \"style\":\"grid-column:7/9; grid-row:6; transform: rotate( 018deg); top: 35%; left: 3%;\" },\r\n      \"pla-03\":{ \"pla\":\"03\", \"style\":\"grid-column:7/9; grid-row:5; transform: rotate( 018deg); top: 15%; left: 20%;\" },\r\n      \"pla-02\":{ \"pla\":\"02\", \"style\":\"grid-column:6/8; grid-row:3; transform: rotate( 305deg); bottom: 5%; left: 32%;\" },\r\n      \"pla-01\":{ \"pla\":\"01\", \"style\":\"grid-column:6/8; grid-row:2; transform: rotate( 305deg); top: 30%; right: 18%;\" },\r\n\r\n      \"sel\":{ \"style\":\"position: relative; width: 110%; height: 110%; border-radius: 5%;\" },      \r\n      \"sel-20\":{ \"sel\":\"20\", \"style\":\"grid-column:3; grid-row:2; transform: rotate( 053deg); bottom: 22%; left: 45%;\" },\r\n      \"sel-01\":{ \"sel\":\"01\", \"style\":\"grid-column:2; grid-row:3; transform: rotate( 054deg); bottom: 49%; left: 47%;\" },\r\n      \"sel-02\":{ \"sel\":\"02\", \"style\":\"grid-column:1; grid-row:6; transform: rotate( 340deg); bottom: 54%; left: 55%;\" },\r\n      \"sel-03\":{ \"sel\":\"03\", \"style\":\"grid-column:2; grid-row:7; transform: rotate( 340deg); bottom: 39%; right: 5%;\" },\r\n      \"sel-04\":{ \"sel\":\"04\", \"style\":\"grid-column:4; grid-row:8; transform: rotate( 270deg); top: 35%; left: 41%;\" },\r\n      \"sel-05\":{ \"sel\":\"05\", \"style\":\"grid-column:6; grid-row:8; transform: rotate( 270deg); top: 35%; right: 37%;\" },\r\n      \"sel-06\":{ \"sel\":\"06\", \"style\":\"grid-column:8; grid-row:6; transform: rotate( 196deg); top: 50%; left: 13%;\" },\r\n      \"sel-07\":{ \"sel\":\"07\", \"style\":\"grid-column:8; grid-row:5; transform: rotate( 196deg); top: 32%; left: 47%;\" },\r\n      \"sel-08\":{ \"sel\":\"08\", \"style\":\"grid-column:7; grid-row:2; transform: rotate( 125deg); top: 44%; left: 48%;\" },\r\n      \"sel-09\":{ \"sel\":\"09\", \"style\":\"grid-column:6; grid-row:2; transform: rotate( 125deg); bottom: 26%; left: 50%;\" },\r\n      \"sel-10\":{ \"sel\":\"10\", \"style\":\"grid-column:6; grid-row:3; transform: rotate( 306deg); bottom: 28%; right: 20%;\" },\r\n      \"sel-11\":{ \"sel\":\"11\", \"style\":\"grid-column:7; grid-row:3; transform: rotate( 306deg); top: 40%; right: 20%;\" },\r\n      \"sel-12\":{ \"sel\":\"12\", \"style\":\"grid-column:7; grid-row:5; transform: rotate( 017deg); bottom: 2%; left: 32%;\" },\r\n      \"sel-13\":{ \"sel\":\"13\", \"style\":\"grid-column:7; grid-row:6; transform: rotate( 017deg); top: 14%; right: 3%;\" },\r\n      \"sel-14\":{ \"sel\":\"14\", \"style\":\"grid-column:6; grid-row:7; transform: rotate( 090deg); top: 15%; right: 35%;\" },\r\n      \"sel-15\":{ \"sel\":\"15\", \"style\":\"grid-column:4; grid-row:7; transform: rotate( 090deg); top: 15%; left: 40%;\" },\r\n      \"sel-16\":{ \"sel\":\"16\", \"style\":\"grid-column:3; grid-row:6; transform: rotate( 160deg); top: 20%; left: 10%;\" },\r\n      \"sel-17\":{ \"sel\":\"17\", \"style\":\"grid-column:3; grid-row:5; transform: rotate( 160deg); top: 5%; right: 30%;\" },\r\n      \"sel-18\":{ \"sel\":\"18\", \"style\":\"grid-column:3; grid-row:4; transform: rotate( 234deg); bottom: 52%; left: 18%;\" },\r\n      \"sel-19\":{ \"sel\":\"19\", \"style\":\"grid-column:4; grid-row:3; transform: rotate( 234deg); bottom: 25%; left: 15%;\" },\r\n\r\n      \"sel-fic\":{ \"style\":\"width: 75%; height: 75%;\" } \r\n      \r\n    }', NULL, NULL);

-- --------------------------------------------------------

--
-- Estructura de tabla para la tabla `usu`
--

CREATE TABLE `usu` (
  `ide` int(11) NOT NULL COMMENT 'Identificador',
  `usu` varchar(50) NOT NULL COMMENT 'Usuario',
  `pas` varchar(15) NOT NULL COMMENT 'Password',
  `nom` varchar(30) NOT NULL COMMENT 'Nombre',
  `ape` varchar(30) NOT NULL COMMENT 'Apellido',
  `fec` date NOT NULL COMMENT 'Fecha de Nacimiento',
  `ses` tinyint(1) NOT NULL COMMENT '¿Mantener Sesión?',
  `ses_mai` varchar(40) NOT NULL COMMENT 'Email',
  `ses_tel` varchar(20) NOT NULL COMMENT 'Teléfono',
  `ses_ubi` varchar(50) NOT NULL COMMENT 'Ubicación'
) ENGINE=InnoDB DEFAULT CHARSET=utf8mb4 COMMENT='Usuario';

--
-- Volcado de datos para la tabla `usu`
--

INSERT INTO `usu` (`ide`, `usu`, `pas`, `nom`, `ape`, `fec`, `ses`, `ses_mai`, `ses_tel`, `ses_ubi`) VALUES
(1, 'admin', 'admin', 'Iván', 'Villena', '1987-10-05', 1, 'ivan.pieszko@gmail.com', '5491131037776', 'america/argentina/buenos_aires');

-- --------------------------------------------------------

--
-- Estructura de tabla para la tabla `var`
--

CREATE TABLE `var` (
  `esq` varchar(13) NOT NULL COMMENT 'Esquema',
  `dat` varchar(11) NOT NULL COMMENT 'Tipo de Dato',
  `val` varchar(11) NOT NULL COMMENT 'Tipo de Valor',
  `pos` smallint(3) NOT NULL COMMENT 'Posición',
  `ide` varchar(11) NOT NULL COMMENT 'Identificador',
  `atr` longtext CHARACTER SET utf8mb4 COLLATE utf8mb4_bin DEFAULT NULL COMMENT 'Atributo' CHECK (json_valid(`atr`))
) ENGINE=InnoDB DEFAULT CHARSET=utf8mb4 COMMENT='Operador';

--
-- Volcado de datos para la tabla `var`
--

INSERT INTO `var` (`esq`, `dat`, `val`, `pos`, `ide`, `atr`) VALUES
('doc', 'est', 'des', 1, 'tit', '{  \r\n      \"nom\":\"¿Titulos?\",\r\n      \"tit\":\"\",\r\n      \"ope\":{ \"_tip\":\"opc_bin\" }\r\n    }'),
('doc', 'est', 'des', 2, 'det', '{  \r\n      \"nom\":\"¿Detalles?\",\r\n      \"tit\":\"\",\r\n      \"ope\":{ \"_tip\":\"opc_bin\" }\r\n    }'),
('doc', 'est', 'des', 3, 'lec', '{  \r\n      \"nom\":\"¿Lecturas?\",\r\n      \"tit\":\"\",\r\n      \"ope\":{ \"_tip\":\"opc_bin\" }\r\n    }'),
('doc', 'est', 'ver', 1, 'cic', '{\r\n      \"nom\":\"Secuencias\",\r\n      \"tit\":\"Indicar la secuencia...\"\r\n    }'),
('doc', 'est', 'ver', 2, 'gru', '{\r\n      \"nom\":\"Clasificaciones\",\r\n      \"tit\":\"Indicar la clasificacion...\"\r\n    }'),
('doc', 'est', 'ver', 3, 'des', '{\r\n      \"nom\":\"Lecturas\",\r\n      \"tit\":\"Indicar el atributo descriptivo...\"\r\n    }'),
('doc', 'nav', 'val', 1, 'ini', '{    \r\n    \"nom\":\"\",\r\n    \"tit\":\"\"\r\n  }'),
('doc', 'nav', 'val', 2, 'fin', '{    \r\n    \"nom\":\"\",\r\n    \"tit\":\"\"\r\n  }'),
('doc', 'nav', 'val', 3, 'pre', '{    \r\n    \"nom\":\"\",\r\n    \"tit\":\"\"\r\n  }'),
('doc', 'nav', 'val', 4, 'pos', '{    \r\n    \"nom\":\"\",\r\n    \"tit\":\"\"\r\n  }'),
('doc', 'tab', 'pos', 1, 'bor', '{\r\n        \"nom\":\"¿Bordes?\",\r\n        \"tit\":\"Marca y Desmarca los Bordes de las Posiciones en el Tablero...\",\r\n        \"ope\":{ \"_tip\":\"opc_bin\" }    \r\n      }'),
('doc', 'tab', 'pos', 20, 'col', '{\r\n        \"ide\":\"col\",\r\n        \"ico\":\"fig_col\",\r\n        \"nom\":\"Color\",\r\n        \"tit\":\"Seleccionar Colores de Fondo para las Posiciones...\"        \r\n      }'),
('doc', 'tab', 'pos', 30, 'num', '{        \r\n        \"ide\":\"num\",\r\n        \"ico\":\"num_cod\",\r\n        \"nom\":\"Número\",\r\n        \"tit\":\"Seleccionar por valor numérico para las Posiciones...\"        \r\n      }'),
('doc', 'tab', 'pos', 40, 'tex', '{\r\n        \"ide\":\"tex\",\r\n        \"ico\":\"tex_cod\",\r\n        \"nom\":\"Texto\",\r\n        \"tit\":\"Seleccionar por valor textual para las Posiciones...\"        \r\n      }'),
('doc', 'tab', 'pos', 50, 'ima', '{\r\n        \"ide\":\"ima\",\r\n        \"ico\":\"arc_ima\",\r\n        \"nom\":\"Ficha\",\r\n        \"tit\":\"Seleccionar Ficha de las Posiciones...\"        \r\n      }'),
('doc', 'tab', 'pos', 51, 'ima_pos', '{\r\n        \"nom\":\"¿Posición?\",\r\n        \"tit\":\"Mostrar la posición principal...\",\r\n        \"ope\":{ \"_tip\":\"opc_bin\" }\r\n      }'),
('doc', 'tab', 'pos', 52, 'ima_mar', '{\r\n        \"nom\":\"¿Marcas?\",\r\n        \"tit\":\"Mostrar las posiciones marcadas...\",\r\n        \"ope\":{ \"_tip\":\"opc_bin\" }\r\n      }'),
('doc', 'tab', 'pos', 53, 'ima_sel', '{\r\n        \"nom\":\"¿Selección?\",\r\n        \"tit\":\"Mostrar las posiciones seleccionadas...\",\r\n        \"ope\":{ \"_tip\":\"opc_bin\" }\r\n      }'),
('doc', 'tab', 'sec', 1, 'ima', '{ \r\n        \"nom\":\"¿Imagen?\",\r\n        \"tit\":\"Seleccionar una imagen de fondo...\",    \r\n        \"ope\":{ \"_tip\":\"arc_ima\", \"class\":\"dis-ocu\" }\r\n      }'),
('doc', 'tab', 'sec', 2, 'col', '{\r\n        \"nom\":\"¿Color?\",\r\n        \"tit\":\"Pintar los Colores de Fondos del Tablero...\",\r\n        \"ope\":{ \"_tip\":\"opc_bin\" }\r\n      }'),
('doc', 'tab', 'sec', 3, 'bor', '{\r\n        \"nom\":\"¿Bordes?\",\r\n        \"tit\":\"Marcar los Bordes de las Posiciones...\",\r\n        \"ope\":{ \"_tip\":\"opc_bin\" }\r\n      }'),
('doc', 'val', 'acu', 1, 'pos', '{\r\n        \"nom\":\"¿Posición?\",\r\n        \"tit\":\"Activar la Posición Principal...\",\r\n        \"ope\":{ \"_tip\":\"opc_bin\" }\r\n      }'),
('doc', 'val', 'acu', 2, 'mar', '{\r\n        \"nom\":\"¿Marcas?\",\r\n        \"tit\":\"Activar las Posiciones Marcadas...\",\r\n        \"ope\":{ \"_tip\":\"opc_bin\" }\r\n      }'),
('doc', 'val', 'acu', 3, 'ver', '{\r\n        \"nom\":\"¿Selección?\",\r\n        \"tit\":\"Activar las Posiciones Seleccionadas...\",\r\n        \"ope\":{ \"_tip\":\"opc_bin\" }\r\n      }'),
('doc', 'val', 'dat', 1, 'cue', '{\r\n        \"nom\":\"Cantidad\",\r\n        \"tit\":\"\",\r\n        \"ope\":{ \"_tip\":\"num\", \"val\":\"0\" }\r\n      }'),
('doc', 'val', 'dat', 2, 'ver', '{\r\n        \"ico\":\"dat_ver\",\r\n        \"tit\":\"Buscar...\"\r\n      }'),
('doc', 'val', 'dat', 3, 'agr', '{    \r\n        \"ico\":\"dat_agr\",\r\n        \"tit\":\"Agregar...\"\r\n      }'),
('doc', 'val', 'dat', 4, 'mod', '{\r\n        \"ico\":\"dat_mod\",\r\n        \"tit\":\"Modificar...\"\r\n      }'),
('doc', 'val', 'dat', 5, 'eli', '{\r\n        \"ico\":\"dat_eli\",\r\n        \"tit\":\"Eliminar...\"\r\n      }'),
('doc', 'val', 'ver', 1, 'tod', '{\r\n        \"nom\":\"¿Todos?\",\r\n        \"tit\":\"Mostrar todos...\",\r\n        \"ope\":{ \"_tip\":\"opc_bin\" }\r\n      }'),
('doc', 'val', 'ver', 2, 'nad', '{\r\n        \"nom\":\"¿Nada?\",\r\n        \"tit\":\"Ocultar todos...\",\r\n        \"ope\":{ \"_tip\":\"opc_bin\" }\r\n      }'),
('doc', 'val', 'ver', 3, 'uni', '{\r\n        \"nom\":\"¿Único?\",\r\n        \"tit\":\"Mostrar un único valor...\",\r\n        \"ope\":{ \"_tip\":\"opc_bin\" }\r\n      }'),
('doc', 'val', 'ver', 4, 'inc', '{\r\n        \"nom\":\"¿Cada?\",\r\n        \"tit\":\"Indica un valor de salto o incremento entre las posiciones...\",\r\n        \"ope\":{ \"_tip\":\"num_int\", \"val\":1, \"min\":1, \"max\":999 }\r\n      }'),
('doc', 'val', 'ver', 5, 'cue', '{\r\n        \"nom\":\"¿Cuántos?\",\r\n        \"tit\":\"Indicar la cantidad máxima del resultado...\",\r\n        \"ope\":{ \"_tip\":\"num_int\", \"min\":1, \"max\":999 }\r\n      }'),
('doc', 'val', 'ver', 11, 'opc', '{\r\n        \"nom\":\"¿Opciones?\",\r\n        \"tit\":\"Mostrar valores por opción...\",\r\n        \"ope\":{ \"_tip\":\"opc_bin\", \"val\":1 }\r\n      }'),
('doc', 'val', 'ver', 12, 'num', '{\r\n        \"nom\":\"¿Números?\",\r\n        \"tit\":\"Mostrar valores numéricos...\",\r\n        \"ope\":{ \"_tip\":\"opc_bin\", \"val\":1 }\r\n      }'),
('doc', 'val', 'ver', 13, 'tex', '{\r\n        \"nom\":\"¿Textos?\",\r\n        \"tit\":\"Mostrar valores textuales...\",\r\n        \"ope\":{ \"_tip\":\"opc_bin\", \"val\":1 }\r\n      }'),
('doc', 'val', 'ver', 14, 'fec', '{\r\n        \"nom\":\"¿Fechas?\",\r\n        \"tit\":\"Mostrar valores de fechas...\",\r\n        \"ope\":{ \"_tip\":\"opc_bin\", \"val\":1 }\r\n      }'),
('doc', 'val', 'ver', 15, 'obj', '{\r\n        \"nom\":\"¿Objetos?\",\r\n        \"tit\":\"Mostrar objetos...\",\r\n        \"ope\":{ \"_tip\":\"opc_bin\", \"val\":1 }\r\n      }'),
('doc', 'val', 'ver', 16, 'arc', '{\r\n        \"nom\":\"¿Archivos?\",\r\n        \"tit\":\"Mostrar archivos...\",        \r\n        \"ope\":{ \"_tip\":\"opc_bin\", \"val\":1 }\r\n      }'),
('doc', 'val', 'ver', 21, 'dat', '{\r\n        \"ico\":\"dat_ver\",\r\n        \"tit\":\"Seleccionar la Estructura e indicar el Valor Buscado...\"\r\n      }'),
('doc', 'val', 'ver', 22, 'esq', '{\r\n        \"nom\":\"Esquema\",\r\n        \"tit\":\"Indicar el Esquema de datos...\"\r\n      }'),
('doc', 'val', 'ver', 23, 'est', '{\r\n        \"nom\":\"Estructura\",\r\n        \"tit\":\"Indicar la Estructura de datos...\"\r\n      }'),
('doc', 'val', 'ver', 24, 'atr', '{\r\n        \"nom\":\"Atributo\",\r\n        \"tit\":\"Indicar el Atributo de la Estructura...\"\r\n      }'),
('doc', 'val', 'ver', 25, 'val', '{\r\n        \"nom\":\"Valor\",\r\n        \"tit\":\"Indicar el Registro de la Estructura...\"\r\n      }'),
('doc', 'val', 'ver', 31, 'pos', '{\r\n        \"nom\":\"Posición\",\r\n        \"tit\":\"Indicar el valor de la posición buscada...\",\r\n        \"ope\":{ \"_tip\":\"num_int\", \"min\":1, \"max\":999 }\r\n      }'),
('doc', 'val', 'ver', 32, 'ini', '{\r\n        \"nom\":\"Desde\",\r\n        \"tit\":\"Indicar el Valor inicial...\",\r\n        \"ope\":{ \"_tip\":\"\" }\r\n      }'),
('doc', 'val', 'ver', 33, 'fin', '{\r\n        \"nom\":\"Hasta\",\r\n        \"tit\":\"Indicar el Valor final...\",\r\n        \"ope\":{ \"_tip\":\"\" }\r\n      }'),
('hol', 'pos', 'par', 1, 'cue', '{\"nom\": \"Total\", \"ope\": {\"val\": 0, \"_tip\": \"num\"}, \"tit\": \"Cantidad total seleccionada...\"}'),
('hol', 'pos', 'par', 2, 'ana', '{\"nom\": \"¿Análogo?\", \"ope\": {\"_tip\": \"opc_bin\"}, \"tit\": \"Activa la Pareja Análoga que Refuerza al Destino...\", \"htm_fin\": {\"eti\": \"span\", \"htm\": [{\"_let\": \"(\"}, {\"val\": \"0\", \"_tip\": \"num\"}, {\"_let\": \")\"}]}}'),
('hol', 'pos', 'par', 3, 'gui', '{\"nom\": \"¿Guía?\", \"ope\": {\"_tip\": \"opc_bin\"}, \"tit\": \"Activa la Pareja Guía que Orienta al Destino...\", \"htm_fin\": {\"eti\": \"span\", \"htm\": [{\"_let\": \"(\"}, {\"val\": \"0\", \"_tip\": \"num\"}, {\"_let\": \")\"}]}}'),
('hol', 'pos', 'par', 4, 'ant', '{\"nom\": \"¿Antípoda?\", \"ope\": {\"_tip\": \"opc_bin\"}, \"tit\": \"Activa la Pareja Antípoda que se Opone al Destino...\", \"htm_fin\": {\"eti\": \"span\", \"htm\": [{\"_let\": \"(\"}, {\"val\": \"0\", \"_tip\": \"num\"}, {\"_let\": \")\"}]}}'),
('hol', 'pos', 'par', 5, 'ocu', '{\"nom\": \"¿Oculto?\", \"ope\": {\"_tip\": \"opc_bin\"}, \"tit\": \"Activa la Pareja Oculta que Revela el Destino...\", \"htm_fin\": {\"eti\": \"span\", \"htm\": [{\"_let\": \"(\"}, {\"val\": \"0\", \"_tip\": \"num\"}, {\"_let\": \")\"}]}}'),
('hol', 'pos', 'par', 6, 'ext', '{\"nom\": \"¿Extender Patrones?\", \"ope\": {\"_tip\": \"opc_bin\"}, \"tit\": \"Extender las parejas seleccionadas para la posición principal...\"}'),
('hol', 'pos', 'pul', 1, 'dim', '{\"nom\": \"¿Dimensional?\", \"ope\": {\"_tip\": \"opc_bin\"}, \"tit\": \"Activar pulsares dimensionales de la Onda Encantada correspondiente a la posición principal...\", \"htm_fin\": {\"eti\": \"span\", \"htm\": [{\"_let\": \"(\"}, {\"val\": \"0\", \"_tip\": \"num\"}, {\"_let\": \")\"}]}}'),
('hol', 'pos', 'pul', 2, 'mat', '{\"nom\": \"¿Matiz?\", \"ope\": {\"_tip\": \"opc_bin\"}, \"tit\": \"Activar pulsares matiz de la Onda Encantada correspondiente a la posición principal...\", \"htm_fin\": {\"eti\": \"span\", \"htm\": [{\"_let\": \"(\"}, {\"val\": \"0\", \"_tip\": \"num\"}, {\"_let\": \")\"}]}}'),
('hol', 'pos', 'pul', 3, 'sim', '{\"nom\": \"¿Simetría Inversa?\", \"ope\": {\"_tip\": \"opc_bin\"}, \"tit\": \"Activar pulsares por simetría inversa correspondiente a la posición principal...\", \"htm_fin\": {\"eti\": \"span\", \"htm\": [{\"_let\": \"(\"}, {\"val\": \"0\", \"_tip\": \"num\"}, {\"_let\": \")\"}]}}'),
('hol', 'tab', 'sec', 1, 'par', '{\"nom\": \"¿Oráculo?\", \"ope\": {\"_tip\": \"opc_bin\"}, \"tit\": \"Activa el Oráculo...\"}'),
('hol', 'tab', 'sec', 11, 'arm', '{\"nom\": \"¿Armónica?\", \"ope\": {\"_tip\": \"opc_bin\"}, \"tit\": \"Mostrar las Armónicas...\"}'),
('hol', 'tab', 'sec', 21, 'cro', '{\"nom\": \"¿Cromática?\", \"ope\": {\"_tip\": \"opc_bin\"}, \"tit\": \"Mostrar las Cromáticas...\"}'),
('hol', 'tab', 'sec', 31, 'rad', '{\"nom\": \"¿Plasma?\", \"ope\": {\"_tip\": \"opc_bin\"}, \"tit\": \"Mostrar Plasmas...\"}'),
('hol', 'tab', 'sec', 41, 'ton', '{\"nom\": \"¿Tonos?\", \"ope\": {\"_tip\": \"opc_bin\"}, \"tit\": \"Mostrar los Tonos...\"}'),
('hol', 'tab', 'sec', 51, 'sel', '{\"nom\": \"¿Sellos?\", \"ope\": {\"_tip\": \"opc_bin\"}, \"tit\": \"Mostrar los Sellos...\"}'),
('hol', 'tab', 'sec', 61, 'ond', '{\"nom\": \"¿Onda?\", \"ope\": {\"_tip\": \"opc_bin\"}, \"tit\": \"Mostrar la Onda Encantada...\"}'),
('hol', 'tab', 'sec', 71, 'cas', '{\"nom\": \"¿Castillo?\", \"ope\": {\"_tip\": \"opc_bin\"}, \"tit\": \"Mostrar posiciones del Castillo...\"}'),
('hol', 'tab', 'sec', 81, 'orb', '{\"nom\": \"¿Orbitales?\", \"ope\": {\"_tip\": \"opc_bin\"}, \"tit\": \"Activar Orbitales...\"}'),
('hol', 'tab', 'sec', 91, 'lun', '{\"nom\": \"¿Luna?\", \"ope\": {\"_tip\": \"opc_bin\"}, \"tit\": \"Mostrar Posiciones de la Luna...\"}'),
('hol', 'tab', 'sec', 101, 'hep', '{\"nom\": \"¿Heptada?\", \"ope\": {\"_tip\": \"opc_bin\"}, \"tit\": \"Mostrar Posiciones de la Héptada...\"}'),
('hol', 'val', 'pos', 1, 'par', '{\r\n        \"nom\":\"Parejas del Oráculo\"\r\n      }'),
('hol', 'val', 'pos', 2, 'pul', '{\r\n        \"nom\":\"Pulsares de la Onda Encantada\"\r\n      }'),
('hol', 'val', 'sum', 1, 'kin', '{ \r\n        \"atr\":\"ide\",\r\n        \"nom\":\"KIN\",    \r\n        \"ope\":{ \"_tip\":\"num\", \"val\":0, \"max\":260 },\r\n        \"var_fic\":\"hol.kin\"\r\n      }'),
('hol', 'val', 'sum', 2, 'psi', '{ \r\n        \"atr\":\"tzo\",\r\n        \"nom\":\"PSI\",    \r\n        \"ope\":{ \"_tip\":\"num\", \"val\":0, \"max\":365 },\r\n        \"var_fic\":\"hol.psi\"\r\n      }'),
('hol', 'val', 'sum', 3, 'umb', '{ \r\n        \"atr\":\"ide\",\r\n        \"nom\":\"UMB\",    \r\n        \"ope\":{ \"_tip\":\"num\", \"val\":0, \"max\":441 }\r\n      }');

-- --------------------------------------------------------

--
-- Estructura de tabla para la tabla `var_dat`
--

CREATE TABLE `var_dat` (
  `pos` int(11) NOT NULL COMMENT 'Posición',
  `ide` varchar(15) NOT NULL COMMENT 'Identificador',
  `nom` varchar(25) NOT NULL COMMENT 'Nombre',
  `des` varchar(150) NOT NULL COMMENT 'Descripción',
  `ope` longtext CHARACTER SET utf8mb4 COLLATE utf8mb4_bin DEFAULT NULL COMMENT 'Operador' CHECK (json_valid(`ope`))
) ENGINE=InnoDB DEFAULT CHARSET=utf8mb4 COMMENT='Tipo de Dato';

--
-- Volcado de datos para la tabla `var_dat`
--

INSERT INTO `var_dat` (`pos`, `ide`, `nom`, `des`, `ope`) VALUES
(108, 'opc', 'Opción', '', '{}'),
(109, 'num', 'Número', '', '{}'),
(110, 'tex', 'Texto', '', '{}'),
(111, 'fec', 'Fecha', '', '{}'),
(112, 'arc', 'Archivo', '', '{}'),
(113, 'obj', 'Objeto', '', '{}'),
(114, 'eje', 'Ejecución', '', '{}'),
(115, 'ele', 'Elemento', '', '{}'),
(116, 'fig', 'Figura', '', '{}');

-- --------------------------------------------------------

--
-- Estructura de tabla para la tabla `var_ope`
--

CREATE TABLE `var_ope` (
  `tip` varchar(13) NOT NULL COMMENT 'Dato',
  `dat` varchar(13) NOT NULL COMMENT 'Dato',
  `ide` varchar(20) NOT NULL COMMENT 'Identificador',
  `pos` int(11) DEFAULT NULL COMMENT 'Posición',
  `nom` varchar(25) NOT NULL COMMENT 'Nombre',
  `des` varchar(100) NOT NULL COMMENT 'Descripción'
) ENGINE=InnoDB DEFAULT CHARSET=utf8mb4 COMMENT='Operador de Variables';

--
-- Volcado de datos para la tabla `var_ope`
--

INSERT INTO `var_ope` (`tip`, `dat`, `ide`, `pos`, `nom`, `des`) VALUES
('ver', 'lis', '!()', 31, '!()', 'No debe incluir...'),
('ver', 'lis', '()', 31, '()', 'Debe incluir...'),
('ver', 'num', '<<', 12, '<<', 'Tiene que ser Menor que...'),
('ver', 'num', '<=', 13, '<=', 'Tiene que ser Menor o igual que...'),
('ver', 'num', '>=', 15, '>=', 'Tiene que ser Mayor o igual que...'),
('ver', 'num', '>>', 14, '>>', 'Tiene que ser Mayor que...'),
('ver', 'opc', '!=', 2, '!=', 'Tiene que ser distinto que...'),
('ver', 'opc', '==', 1, '==', 'Tiene que ser igual que...'),
('ver', 'tex', '!$', 25, '!$', 'No debe terminar en...'),
('ver', 'tex', '!*', 21, '!*', 'No debe contener...'),
('ver', 'tex', '!^', 23, '!^', 'No debe empezar con...'),
('ver', 'tex', '$$', 24, '$$', 'Debe terminar en...'),
('ver', 'tex', '**', 22, '**', 'Debe contener...'),
('ver', 'tex', '^^', 20, '^^', 'Debe empezar con...');

-- --------------------------------------------------------

--
-- Estructura de tabla para la tabla `var_tip`
--

CREATE TABLE `var_tip` (
  `pos` int(11) NOT NULL COMMENT 'Posición',
  `ide` varchar(15) NOT NULL COMMENT 'Identificador',
  `dat` varchar(15) NOT NULL COMMENT 'Tipo de Dato',
  `val` varchar(15) NOT NULL COMMENT 'Tipo de Valor',
  `nom` varchar(100) DEFAULT NULL COMMENT 'Nombre',
  `len` varchar(7) NOT NULL COMMENT 'Lenguaje',
  `des` text DEFAULT NULL COMMENT 'Descripción',
  `ope` longtext CHARACTER SET utf8mb4 COLLATE utf8mb4_bin DEFAULT NULL COMMENT 'Operador' CHECK (json_valid(`ope`))
) ENGINE=InnoDB DEFAULT CHARSET=utf8mb4 COMMENT='Variable';

--
-- Volcado de datos para la tabla `var_tip`
--

INSERT INTO `var_tip` (`pos`, `ide`, `dat`, `val`, `nom`, `len`, `des`, `ope`) VALUES
(973, 'null', 'opc', 'vac', 'Nulo', 'php,jso', 'Valor no Definido', '{ \r\n        \"tip\":\"nov\" \r\n      }'),
(974, 'undefined', 'opc', 'vac', 'Indefinido', 'php,jso', 'Tipo de Dato no Definido. Se utiliza en operaciones funcionales internas de los programas de procesamiento', '{ \r\n        \"tip\":\"not\" \r\n      }'),
(975, 'nan', 'opc', 'vac', 'No Numérico', 'php,jso', 'Tipo de dato NaN. Se utiliza en rutinas internas de los programas', '{ \r\n        \"tip\":\"non\" \r\n      }'),
(976, 'bool', 'opc', 'bin', 'Booleano', 'sql', 'BOOL, BOOLEAN: Son sinónimos para TINYINT(1). Un valor de cero se considera falso. Valores distintos a cero se consideran ciertos', '{ \r\n      }'),
(977, 'boolean', 'opc', 'bin', 'Booleano', 'php,jso', 'Un valor de cero se considera falso. Valores distintos a cero se consideran ciertos', '{ \r\n      }'),
(978, 'enum', 'opc', 'uni', 'Único', 'sql', 'ENUM(\"value1\",\"value2\",...): Una enumeración. Un objeto de cadena de caracteres que sólo puede tener un valor, elegido de una lista de valores \"value1\", \"value2\", ..., NULL o el valor de error especial \". Una columna ENUM puede tener un máximo de 65,535 valores distintos. Los valores ENUM se representan internamente como enteros', '{ \r\n        \"lis_max\":65535 \r\n      }'),
(979, 'set', 'opc', 'mul', 'Múltiple', 'sql', 'SET(\"value1\",\"value2\",...): Un conjunto. Un objeto de cadena de caracteres que puede tener cero o más valores que deben pertencer a la lista de valores \"value1\", \"value2\", ... Una columna SET puede tener un máximo de 64 miembros. Los valores SET se representan internamente como enteros', '{ \r\n        \"lis_max\":64 \r\n      }'),
(980, 'bit', 'num', 'bit', 'Binario', 'sql', 'BIT(M): En un tipo de datos bit. M indica el número de bits por valor, de 1 a 64. El valor por defecto es 1 si se omite M', '{ \r\n        \"tip\":\"num\"\r\n      }'),
(981, 'binary', 'num', 'bit', 'Cadena Fija', 'sql', 'BINARY(M): El tipo BINARY es similar al tipo CHAR, pero almacena cadenas de datos binarios en lugar de cadenas de caracteres no binarias', '{ \r\n        \"tip\":\"fij\"\r\n      }'),
(982, 'varbinary', 'num', 'bit', 'Cadena Variable', 'sql', 'VARBINARY(M): El tipo VARBINARY es similar al tipo VARCHAR, pero almacena cadenas de caracteres binarias en lugar de cadenas de caracteres no binarias', '{ \r\n        \"tip\":\"var\"\r\n      }'),
(983, 'integer', 'num', 'int', 'Entero', 'php,jso', NULL, '{\r\n        \"step\":1\r\n      }'),
(984, 'tinyint', 'num', 'int', 'Muy Pequeño', 'sql', 'TINYINT[(M)]: Un entero muy pequeño. El rango con signo es de -128 a 127. El rango sin signo es de 0 a 255', '{ \r\n        \"step\":1, \"min\":-128, \"max\":127\r\n      }'),
(985, 'smallint', 'num', 'int', 'Entero Pequeño', 'sql', 'SMALLINT[(M)]: Un entero pequeño. El rango con signo es de -32768 a 32767. El rango sin signo es de 0 a 65535', '{ \r\n        \"step\":1, \"min\":-32768, \"max\":32767\r\n      }'),
(986, 'mediumint', 'num', 'int', 'Entero Medio', 'sql', 'MEDIUMINT[(M)]: Entero de tamaño medio. El rango con signo es de -8388608 a 8388607. El rango sin singo es de 0 a 16777215', '{ \r\n        \"step\":1, \"min\":-8388608, \"max\":8388607\r\n      }'),
(987, 'int', 'num', 'int', 'Entero', 'sql', 'INT[(M)]: Un entero de tamaño normal. El rango con signo es de . El rango sin signo es de 0 a 4294967295', '{ \r\n        \"step\":1, \"min\":-2147483648, \"max\":2147483647\r\n      }'),
(988, 'bigint', 'num', 'int', 'Entero Grande', 'sql', 'BIGINT[(M)]: Un entero grande. El rango con signo es de -9223372036854775808 a 9223372036854775807. El rango sin signo es de 0 a 18446744073709551615', '{ \r\n        \"step\":1, \"min\":-9223372036854775808, \"max\":9223372036854775807\r\n      }'),
(989, 'numeric', 'num', 'dec', 'Numérico', 'php', NULL, '{\r\n      }'),
(990, 'number', 'num', 'dec', 'Numérico', 'jso', NULL, '{\r\n      }'),
(991, 'decimal', 'num', 'dec', 'Decimal', 'sql', 'DECIMAL[(M[,D])]: Número de punto fijo exacto y empaquetado. M es el número total de dígitos y D es el número de decimales. El punto decimal y (para números negativos) el signo \"-\" no se tiene en cuenta en M. Si D es 0, los valores no tienen punto decimal o parte fraccional. El máximo número de dígitos (M) para DECIMAL es 64. El máximo número de decimales soportados (D) es 30. Si UNSIGNED se especifica, no se permiten valores negativos.\r\n\r\nSi se omite D, el valor por defecto es 0. Si se omite M, el valor por defecto es 10.\r\n\r\nTodos los cálculos básicos (+, -, *, /) con columnas DECIMAL se hacen con precisión de 64 dígitos decimales. ', '{ \r\n        \"step\": 0.01, \"num_dec_fij\": 1, \"maxlength\": 64\r\n      }'),
(992, 'float', 'num', 'dec', 'Coma flotante', 'sql', 'FLOAT[(M,D)]: Un número de coma flotante pequeño (de precisión simple). Los valores permitidos son de -3.402823466E+38 a -1.175494351E-38, 0, y de 1.175494351E-38 a 3.402823466E+38. Si se especifica UNSIGNED, los valores negativos no se permiten. M es la anchura de muestra y D es el número de dígitos significativos. FLOAT sin argumentos o FLOAT(p) (donde p está en el rango de 0 a 24) es un número de coma flotante con precisión simple. ', '{ \r\n        \"step\":0.01, \"maxlength\":24\r\n      }'),
(993, 'double', 'num', 'dec', 'Decimal Grande', 'sql,php', 'DOUBLE[(M,B)]: Número de coma flotante de tamaño normal (precisión doble). Los valores permitidos son de -1.7976931348623157E+308 a -2.2250738585072014E-308, 0, y de 2.2250738585072014E-308 a 1.7976931348623157E+308. Si se especifica UNSIGNED, no se permiten valores negativos. M es la anchura de muestra y B es el número de bits de precisión. DOUBLE sin parámetros o FLOAT(p) (donde p está en el rango de 25 a 53) es un número de coma flotante con doble precisión. Un número de coma flotante con precision sencilla tiene una precisión de 7 decimales aproximadamente; un número con coma flotante de doble precisión tiene una precisión aproximada de 15 decimales.', '{ \r\n        \"step\":0.01, \"maxlength\":53\r\n      }'),
(994, 'char', 'tex', 'pal', 'Letras ', 'sql', 'CHAR(M): Una cadena de caracteres de longitud fija que siempre tiene el número necesario de espacios a la derecha para ajustarla a la longitud especificada al almacenarla. M representa la longitud de la columna. El rango de M en MySQL 5.0 es de 0 a 255 caracteres', '{ \r\n        \"tex_fij\":1, \"maxlength\":255 \r\n      }'),
(995, 'varchar', 'tex', 'ora', 'Palabras', 'sql', 'VARCHAR(M): Cadena de caracteres de longitud variable. M representa la longitud de columna máxima. En MySQL 5.0, el rango de M es de 0 a 255 antes de MySQL 5.0.3, y de 0 a 65,535 en MySQL 5.0.3 y posterior. (La longitud máxima real de un VARCHAR en MySQL 5.0 se determina por el tamaño de registro máximo y el conjunto de caracteres que use. La longitud máxima efectiva desde MySQL 5.0.3 es de 65,532 bytes)', '{ \r\n        \"maxlength\":255 \r\n      }'),
(996, 'string', 'tex', 'ora', 'Cadena Corta', 'php,jso', NULL, '{    \r\n      }'),
(997, 'tinytext', 'tex', 'par', 'Párrafo', 'sql', 'TINYTEXT: Una columna TEXT con longitud máxima de 255 (2^8 - 1) caracteres', '{ \r\n        \"maxlength\":255 \r\n      }'),
(998, 'text', 'tex', 'par', 'Texto Chico', 'sql', 'TEXT[(M)]: Una columna TEXT con longitud máxima de 65,535 (2^16 - 1) caracteres. En MySQL 5.0, se puede dar una longitud opcional M. En ese caso MySQL creará las columnas con el tipo TEXT de longitud mínima para almacenar los valors de longitud M', '{ \r\n        \"maxlength\":65535 \r\n      }'),
(999, 'mediumtext', 'tex', 'par', 'Texto Mediano', 'sql', 'MEDIUMTEXT: Una columna TEXT con longitud máxima de 16,777,215 (2^24 - 1) caracteres', '{ \r\n        \"maxlength\":16777215 \r\n      }'),
(1000, 'longtext', 'tex', 'par', 'Texto Grande', 'sql', 'LONGTEXT: Una columna TEXT con longitud máxima de 4,294,967,295 or 4GB (2^32 - 1) caracteres. La longitud máxima efectiva (permitida) de columnas LONGTEXT depende del tamaño máximo de paquete configurado en el protocolo cliente/servidor y la memoria disponible', '{ \r\n        \"maxlength\":2147483647 \r\n      }'),
(1001, 'timestamp', 'fec', 'dyh', 'Marca de Tiempo', 'sql', 'TIMESTAMP[(M)]:  Una marca temporal. El rango es de \"1970-01-01 00:00:00\" hasta el año 2037.\r\n\r\nUna columna TIMESTAMP es útil para registrar la fecha y hora de una operación INSERT o UPDATE. La primera columna TIMESTAMP en una tabla se rellena automáticamente con la fecha y hora de la operación más reciente si no le asigna un valor. Puede asignar a cualquier columna TIMESTAMP la fecha y hora actual asignándole un valor NULL', '{ \r\n        \"maxlength\":19 \r\n      }'),
(1002, 'datetime', 'fec', 'dyh', 'Día y Hora', 'sql,php', 'DATETIME: Combinación de fecha y hora. El rango soportado es de \"1000-01-01 00:00:00\" a \"9999-12-31 23:59:59\". MySQL muestra valores DATETIME en formato \"YYYY-MM-DD HH:MM:SS\", pero permite asignar valores a las columnas DATETIME usando cadenas de caracteres o números', '{    \r\n      }'),
(1003, 'date', 'fec', 'dia', 'Día', 'sql,php', 'DATE: Una fecha. El rango soportado es de \"1000-01-01\" a \"9999-12-31\". MySQL muestra valores DATE en formato \"YYYY-MM-DD\", pero permite asignar valores a columnas DATE usando cadenas de caracteres o números', '{    \r\n      }'),
(1004, 'time', 'fec', 'hor', 'Horario', 'sql,php', 'TIME: Una hora. El rango es de \"-838:59:59\" a \"838:59:59\". MySQL muestra los valores TIME en formato \"HH:MM:SS\", pero permite asingar valores a columnas TIME usando números o cadenas de caracteres', '{    \r\n      }'),
(1005, 'week', 'fec', 'sem', 'Semana', 'htm', 'Selector de Tiempo en base a períodos de 7 días', '{    \r\n      }'),
(1006, 'year', 'fec', 'año', 'Año', 'sql', 'YEAR[(2|4)]: Un año en formato de dos o cuatro dígitos. El valor por defecto está en formato de cuatro dígitos. En formato de cuatro dígitos, los valores permitidos son de 1901 a 2155, y 0000. En formato de dos dígitos, los valores permitidos son de 70 a 69, representando los años de 1970 a 2069. MySQL muestra los valores YEAR en formato YYYY pero permite asignar valores a columnas YEAR usando cadenas de caracteres o números', '{ \r\n        \"min\":1901, \"max\":2155\r\n      }'),
(1007, 'color', 'fig', 'col', 'Color', 'css', 'Valor de Color expresado en Hexadecimal con #', '{\r\n      }'),
(1008, 'geometry', 'fig', 'geo', 'Figura', 'sql', NULL, '{ \r\n        \"tip\":\"geo\", \"val_lis\":1 \r\n      }'),
(1009, 'geomcollection', 'fig', 'geo', 'Figuras', 'sql', NULL, '{ \r\n        \"tip\":\"geo\" \r\n      }'),
(1010, 'point', 'fig', 'pun', 'Punto', 'sql', NULL, '{ \r\n        \"tip\":\"pun\", \"val_lis\":1 \r\n      }'),
(1011, 'multipoint', 'fig', 'pun', 'Puntos', 'sql', NULL, '{ \r\n        \"tip\":\"pun\" \r\n      }'),
(1012, 'line', 'fig', 'lin', 'Linea', 'sql', NULL, '{ \r\n        \"tip\":\"lin\", \"val_lis\":1 \r\n      }'),
(1013, 'multiline', 'fig', 'lin', 'Líneas', 'sql', NULL, '{ \r\n        \"tip\":\"lin\" \r\n      }'),
(1014, 'polygon', 'fig', 'pol', 'Poligono', 'sql', NULL, '{ \r\n        \"tip\":\"pol\", \"val_lis\":1 \r\n      }'),
(1015, 'multipolygon', 'fig', 'pol', 'Polígonos', 'sql', NULL, '{ \r\n        \"tip\":\"pol\" \r\n      }'),
(1016, 'link', 'nav', 'url', 'Enlace', 'htm', NULL, '{\r\n      }'),
(1017, 'fileList', 'arc', 'fic', 'Carpeta', 'php,jso', NULL, '{\r\n      }'),
(1018, 'file', 'arc', 'val', 'Archivo', 'php,jso', NULL, '{ \r\n      }'),
(1019, 'tinyblob', 'arc', 'val', 'Archivo', 'sql', 'TINYBLOB: Una columna BLOB con una longitud máxima de 255 (2^8 - 1) bytes', '{ \r\n        \"tip\":\"B\", \"max\":\"255\" \r\n      }'),
(1020, 'blob', 'arc', 'val', 'Archivo Pequeño', 'sql', 'BLOB: Una columna BLOB con longitud máxima de 65,535 (2^16 - 1) bytes', '{ \r\n        \"tip\":\"KB\", \"max\":\"65535\" \r\n      }'),
(1021, 'mediumblob', 'arc', 'val', 'Archivo Mediano', 'sql', 'MEDIUMBLOB: Una columna BLOB con longitud de 16,777,215 (2^24 - 1) bytes', '{ \r\n        \"tip\":\"MB\", \"max\":\"16777215\" \r\n      }'),
(1022, 'longblob', 'arc', 'val', 'Archivo Grande', 'sql', 'LONGBLOB: Una columna BLOB con longitud máxima de 4,294,967,295 o 4GB (2^32 - 1) bytes. La longitud máxima efectiva (permitida) de las columnas LONGBLOB depende del tamaño máximo configurado para los paquetes en el protocolo cliente/servidor y la memoria disponible', '{ \r\n        \"tip\":\"GB\", \"max\":\"4294967295\" \r\n      }'),
(1023, 'array', 'obj', 'pos', 'Escalar', 'php,jso', 'Listado de Elementos cuya posición numérica es su clave de acceso', '{    \r\n      }'),
(1024, 'json', 'obj', 'nom', 'Asociativo', 'sql', 'JSON (JavaScript Object Notation - Notación de Objetos de JavaScript) es un formato ligero de intercambio de datos', '{    \r\n      }'),
(1025, 'asoc', 'obj', 'nom', 'Asociativo', 'php,jso', 'Listado de elementos de tipo \"clave\":\"valor\"', '{    \r\n      }'),
(1026, 'object', 'obj', 'atr', 'de Clase', 'php,jso', 'Objeto de Clase dentro de un entorno de Programación', '{    \r\n      }'),
(1027, 'function', 'eje', 'fun', 'Función', 'php,jso', NULL, '{\r\n      }'),
(1028, 'class', 'eje', 'cla', 'Constructor', 'php,jso', NULL, '{\r\n      }'),
(1029, 'element', 'ele', 'eti', 'Etiqueta', 'jso', NULL, '{\r\n      }'),
(1030, 'elementList', 'ele', 'nod', 'Nodos', 'jso', NULL, '{\r\n      }'),
(1031, 'elementAttr', 'ele', 'atr', 'Atributo', 'jso', NULL, '{\r\n      }');

-- --------------------------------------------------------

--
-- Estructura de tabla para la tabla `var_val`
--

CREATE TABLE `var_val` (
  `pos` smallint(5) NOT NULL COMMENT 'Orden',
  `dat` varchar(15) NOT NULL COMMENT 'Tipo de Dato',
  `ide` varchar(15) NOT NULL COMMENT 'Identificador',
  `nom` varchar(25) NOT NULL COMMENT 'Nombre',
  `des` varchar(150) DEFAULT NULL COMMENT 'Descripción',
  `len` varchar(50) DEFAULT NULL COMMENT 'Lenguaje',
  `ope` longtext CHARACTER SET utf8mb4 COLLATE utf8mb4_bin DEFAULT NULL COMMENT 'Operador' CHECK (json_valid(`ope`))
) ENGINE=InnoDB DEFAULT CHARSET=utf8mb4 COMMENT='Tipo de Valor';

--
-- Volcado de datos para la tabla `var_val`
--

INSERT INTO `var_val` (`pos`, `dat`, `ide`, `nom`, `des`, `len`, `ope`) VALUES
(470, 'opc', 'val', 'Opción', '', '', '{    \r\n      }'),
(471, 'opc', 'vac', 'Vacío', 'Valor nulo, tipo de dato indefinido o no-numérico', NULL, '{    \r\n      }'),
(472, 'opc', 'bin', 'Binario', '2 Valores posibles: 0/1, si/no, cierto/falso...', 'sql', '{    \r\n      }'),
(473, 'opc', 'uni', 'Único', 'Conjunto de Valores para selección única', 'sql', '{    \r\n      }'),
(474, 'opc', 'mul', 'Múltiple', 'Conjunto de valores para selección múltiple', 'sql', '{    \r\n      }'),
(475, 'num', 'val', 'Número', '', '', '{    \r\n      }'),
(476, 'num', 'bit', 'Bits', 'Bits expresdos en número (único, de 0 a 64) o cadena ( fijo o variable ).', 'sql', '{    \r\n      }'),
(477, 'num', 'int', 'Entero', 'Reales de 0 a 9', 'sql', '{    \r\n      }'),
(478, 'num', 'dec', 'Decimal', 'De coma flotante', 'sql', '{    \r\n      }'),
(479, 'num', 'ran', 'Rango', 'Valores numéricos de un mínimo a un máximo con un salto.', NULL, '{    \r\n      }'),
(480, 'tex', 'val', 'Texto', '', '', '{    \r\n      }'),
(481, 'tex', 'let', 'Letra', 'Letra o conjunto de letras sin espacios vacíos', 'sql', '{    \r\n      }'),
(482, 'tex', 'pal', 'Palabra', 'Palabras Encadenadas por Espacios Vacíos y separadas por. y ,', 'sql', '{    \r\n      }'),
(483, 'tex', 'ora', 'Oración', 'Conjunto de oraciones separadas por. y saltos de línea', 'sql', '{    \r\n      }'),
(484, 'tex', 'par', 'Párrafo', 'Texto completo con Oraciones y Párrafos.', 'sql', '{    \r\n      }'),
(485, 'fec', 'val', 'Número', '', '', '{    \r\n      }'),
(486, 'fec', 'tie', 'Tiempo', 'Una frecuencia o marca de Tiempo UNIX.', NULL, '{    \r\n      }'),
(487, 'fec', 'dyh', 'Día y Hora', 'Fecha completa, dia/mes/año hora:minutos:segundos', 'sql', '{    \r\n      }'),
(488, 'fec', 'dia', 'Dia', 'Fecha: dia/mes/año', 'sql', '{    \r\n      }'),
(489, 'fec', 'hor', 'Hora', 'Horario: hora:minuto:segundo', 'sql', '{    \r\n      }'),
(490, 'fec', 'sem', 'Semana', 'Días de la Semana', 'htm', '{    \r\n      }'),
(491, 'fec', 'año', 'Año', 'Período de 365 días de 24 hs cada uno.', 'sql', '{    \r\n      }'),
(492, 'fig', 'col', 'Color', '', NULL, '{    \r\n      }'),
(493, 'fig', 'pun', 'Punto', '', 'sql', '{    \r\n      }'),
(494, 'fig', 'lin', 'Línea', '', 'sql', '{    \r\n      }'),
(495, 'fig', 'pol', 'Polígono', '', 'sql', '{    \r\n      }'),
(496, 'arc', 'val', 'Archivo', 'Archivos de Contenido Múltiple y Variable', 'sql', '{    \r\n      }'),
(497, 'arc', 'lis', 'Fichero', 'Carpeta del Directorio o Contenedor de Archivos', NULL, '{    \r\n      }'),
(498, 'arc', 'url', 'Enlace', 'Link o enlace que hace referencia a otro archivo en otro lugar', NULL, '{    \r\n      }'),
(499, 'arc', 'tex', 'Texto', 'Archivo de Texto...', NULL, '{    \r\n      }'),
(500, 'arc', 'ima', 'Imagen', 'Archivo de Imagen .png, .jpg,.gif, ...', NULL, '{    \r\n      }'),
(501, 'arc', 'mus', 'Audio', 'Archivo de Música .mp3, .mp4,  ...', NULL, '{    \r\n      }'),
(502, 'arc', 'vid', 'Video', 'Archivo de Video mp4, vid,...', NULL, '{    \r\n      }'),
(503, 'arc', 'eje', 'Ejecutable', 'Archivo de Programa...', NULL, '{    \r\n      }'),
(504, 'eje', 'fun', 'Función', 'Ejecución del entorno por un código que retorna un determinado tipo de valor', NULL, '{    \r\n      }'),
(505, 'eje', 'cla', 'Clase', 'Constructor de Objetos del Entorno', NULL, '{    \r\n      }'),
(506, 'eje', 'met', 'Método', 'Constructor de Objetos del Entorno', NULL, '{    \r\n      }'),
(507, 'eje', 'pro', 'Procedimiento', 'Ejecución del Entorno por iteraciones que puede no retornar ningun valor', NULL, '{    \r\n      }'),
(508, 'eje', 'eve', 'Evento', 'Ejecución de funciones y procedimientos a partir de una acción determinada por el usuario', NULL, '{    \r\n      }'),
(509, 'eje', 'dis', 'Disparador', 'Procedimientos y funciones ejecutadas posterior a rutinas programadas por el sistema o por una rutina del usuario ante el ingreso y la modificación de', NULL, '{    \r\n      }'),
(510, 'obj', 'pos', 'Escalar', 'Posiciones de clave numérica', 'sql', '{    \r\n      }'),
(511, 'obj', 'nom', 'Asociativo', 'Posiciones de clave textual', 'sql', '{    \r\n      }'),
(512, 'obj', 'atr', 'Atributo', 'Objeto de clave : valor', 'sql', '{    \r\n      }'),
(513, 'ele', 'val', 'Elemento', 'Elemento único', NULL, '{    \r\n      }'),
(514, 'ele', 'lis', 'Nodos', 'Conjunto de Elementos dependientes de un mismo Nodo en el Documento', NULL, '{    \r\n      }');

--
-- Índices para tablas volcadas
--

--
-- Indices de la tabla `dat_atr`
--
ALTER TABLE `dat_atr`
  ADD PRIMARY KEY (`esq`,`est`,`ide`);

--
-- Indices de la tabla `dat_est`
--
ALTER TABLE `dat_est`
  ADD PRIMARY KEY (`esq`,`ide`);

--
-- Indices de la tabla `dat_val`
--
ALTER TABLE `dat_val`
  ADD PRIMARY KEY (`esq`,`est`);

--
-- Indices de la tabla `doc_art`
--
ALTER TABLE `doc_art`
  ADD PRIMARY KEY (`esq`,`cab`,`ide`),
  ADD KEY `app` (`esq`,`cab`,`pos`);

--
-- Indices de la tabla `doc_cab`
--
ALTER TABLE `doc_cab`
  ADD PRIMARY KEY (`esq`,`ide`),
  ADD KEY `app` (`esq`,`pos`);

--
-- Indices de la tabla `doc_esq`
--
ALTER TABLE `doc_esq`
  ADD PRIMARY KEY (`ide`),
  ADD KEY `app` (`pos`);

--
-- Indices de la tabla `doc_ide`
--
ALTER TABLE `doc_ide`
  ADD PRIMARY KEY (`esq`,`ide`,`nom`);

--
-- Indices de la tabla `doc_nav`
--
ALTER TABLE `doc_nav`
  ADD PRIMARY KEY (`esq`,`cab`,`ide`,`pos`);

--
-- Indices de la tabla `est`
--
ALTER TABLE `est`
  ADD PRIMARY KEY (`esq`,`ide`);

--
-- Indices de la tabla `fec_año`
--
ALTER TABLE `fec_año`
  ADD PRIMARY KEY (`ide`);

--
-- Indices de la tabla `fec_dia`
--
ALTER TABLE `fec_dia`
  ADD PRIMARY KEY (`ide`);

--
-- Indices de la tabla `fec_hor`
--
ALTER TABLE `fec_hor`
  ADD PRIMARY KEY (`ide`);

--
-- Indices de la tabla `fec_mes`
--
ALTER TABLE `fec_mes`
  ADD PRIMARY KEY (`ide`);

--
-- Indices de la tabla `fec_min`
--
ALTER TABLE `fec_min`
  ADD PRIMARY KEY (`ide`);

--
-- Indices de la tabla `fec_seg`
--
ALTER TABLE `fec_seg`
  ADD PRIMARY KEY (`ide`);

--
-- Indices de la tabla `fec_sem`
--
ALTER TABLE `fec_sem`
  ADD PRIMARY KEY (`ide`);

--
-- Indices de la tabla `ico`
--
ALTER TABLE `ico`
  ADD PRIMARY KEY (`ide`);

--
-- Indices de la tabla `let`
--
ALTER TABLE `let`
  ADD PRIMARY KEY (`pos`);

--
-- Indices de la tabla `num_int`
--
ALTER TABLE `num_int`
  ADD PRIMARY KEY (`ide`);

--
-- Indices de la tabla `tab`
--
ALTER TABLE `tab`
  ADD PRIMARY KEY (`esq`,`est`);

--
-- Indices de la tabla `usu`
--
ALTER TABLE `usu`
  ADD PRIMARY KEY (`ide`),
  ADD KEY `usu` (`usu`);

--
-- Indices de la tabla `var`
--
ALTER TABLE `var`
  ADD PRIMARY KEY (`esq`,`dat`,`val`,`pos`),
  ADD KEY `pos` (`pos`);

--
-- Indices de la tabla `var_dat`
--
ALTER TABLE `var_dat`
  ADD PRIMARY KEY (`pos`);

--
-- Indices de la tabla `var_ope`
--
ALTER TABLE `var_ope`
  ADD PRIMARY KEY (`tip`,`dat`,`ide`),
  ADD KEY `pos` (`pos`);

--
-- Indices de la tabla `var_tip`
--
ALTER TABLE `var_tip`
  ADD PRIMARY KEY (`pos`),
  ADD KEY `val` (`val`),
  ADD KEY `dat` (`dat`) USING BTREE;

--
-- Indices de la tabla `var_val`
--
ALTER TABLE `var_val`
  ADD PRIMARY KEY (`pos`),
  ADD KEY `len` (`len`);

--
-- AUTO_INCREMENT de las tablas volcadas
--

--
-- AUTO_INCREMENT de la tabla `let`
--
ALTER TABLE `let`
  MODIFY `pos` int(11) NOT NULL AUTO_INCREMENT COMMENT 'Posición', AUTO_INCREMENT=201;

--
-- AUTO_INCREMENT de la tabla `usu`
--
ALTER TABLE `usu`
  MODIFY `ide` int(11) NOT NULL AUTO_INCREMENT COMMENT 'Identificador', AUTO_INCREMENT=2;

--
-- AUTO_INCREMENT de la tabla `var_dat`
--
ALTER TABLE `var_dat`
  MODIFY `pos` int(11) NOT NULL AUTO_INCREMENT COMMENT 'Posición', AUTO_INCREMENT=117;

--
-- AUTO_INCREMENT de la tabla `var_tip`
--
ALTER TABLE `var_tip`
  MODIFY `pos` int(11) NOT NULL AUTO_INCREMENT COMMENT 'Posición', AUTO_INCREMENT=1032;

--
-- AUTO_INCREMENT de la tabla `var_val`
--
ALTER TABLE `var_val`
  MODIFY `pos` smallint(5) NOT NULL AUTO_INCREMENT COMMENT 'Orden', AUTO_INCREMENT=515;
--
-- Base de datos: `_hol`
--
CREATE DATABASE IF NOT EXISTS `_hol` DEFAULT CHARACTER SET utf8mb4 COLLATE utf8mb4_spanish_ci;
USE `_hol`;

-- --------------------------------------------------------

--
-- Estructura de tabla para la tabla `ani`
--

CREATE TABLE `ani` (
  `ide` smallint(2) UNSIGNED ZEROFILL NOT NULL COMMENT 'Posición del Castillo',
  `cas` smallint(2) UNSIGNED ZEROFILL NOT NULL COMMENT 'Posición',
  `fam_2` smallint(3) UNSIGNED ZEROFILL DEFAULT NULL COMMENT 'Familia Central',
  `fam_3` smallint(3) UNSIGNED ZEROFILL DEFAULT NULL COMMENT 'Familia Señal',
  `fam_4` smallint(3) UNSIGNED ZEROFILL DEFAULT NULL COMMENT 'Familia Portal',
  `año` smallint(4) NOT NULL COMMENT 'Año Inicial'
) ENGINE=InnoDB DEFAULT CHARSET=utf8mb4 COLLATE=utf8mb4_spanish_ci COMMENT='Anillo Solar';

--
-- Volcado de datos para la tabla `ani`
--

INSERT INTO `ani` (`ide`, `cas`, `fam_2`, `fam_3`, `fam_4`, `año`) VALUES
(00, 01, 087, 193, 034, 1987),
(01, 02, 192, 038, 139, 1988),
(02, 03, 037, 143, 244, 1989),
(03, 04, 142, 248, 089, 1990),
(04, 05, 247, 093, 194, 1991),
(05, 06, 092, 198, 039, 1992),
(06, 07, 197, 043, 144, 1993),
(07, 08, 042, 148, 249, 1994),
(08, 09, 147, 253, 094, 1995),
(09, 10, 252, 098, 199, 1996),
(10, 11, 097, 203, 044, 1997),
(11, 12, 202, 048, 149, 1998),
(12, 13, 047, 153, 254, 1999),
(13, 14, 152, 258, 099, 2000),
(14, 15, 257, 103, 204, 2001),
(15, 16, 102, 208, 049, 2002),
(16, 17, 207, 053, 154, 2003),
(17, 18, 052, 158, 259, 2004),
(18, 19, 157, 003, 104, 2005),
(19, 20, 002, 108, 209, 2006),
(20, 21, 107, 213, 054, 2007),
(21, 22, 212, 058, 159, 2008),
(22, 23, 057, 163, 004, 2009),
(23, 24, 162, 008, 109, 2010),
(24, 25, 007, 113, 214, 2011),
(25, 26, 112, 218, 059, 2012),
(26, 27, 217, 063, 164, 2013),
(27, 28, 062, 168, 009, 2014),
(28, 29, 167, 013, 114, 2015),
(29, 30, 012, 118, 219, 2016),
(30, 31, 117, 223, 064, 2017),
(31, 32, 222, 068, 169, 2018),
(32, 33, 067, 173, 014, 2019),
(33, 34, 172, 018, 119, 2020),
(34, 35, 017, 123, 224, 2021),
(35, 36, 122, 228, 069, 2022),
(36, 37, 227, 073, 174, 2023),
(37, 38, 072, 178, 019, 2024),
(38, 39, 177, 023, 124, 2025),
(39, 40, 022, 128, 229, 2026),
(40, 41, 127, 233, 074, 2027),
(41, 42, 232, 078, 179, 2028),
(42, 43, 077, 183, 024, 2029),
(43, 44, 182, 028, 129, 2030),
(44, 45, 027, 133, 234, 2031),
(45, 46, 132, 238, 079, 2032),
(46, 47, 237, 083, 184, 2033),
(47, 48, 082, 188, 029, 2034),
(48, 49, 187, 033, 134, 2035),
(49, 50, 032, 138, 239, 2036),
(50, 51, 137, 243, 084, 2037),
(51, 52, 242, 088, 189, 2038);

-- --------------------------------------------------------

--
-- Estructura de tabla para la tabla `arm`
--

CREATE TABLE `arm` (
  `ide` smallint(1) UNSIGNED ZEROFILL NOT NULL COMMENT 'Armonía',
  `col` varchar(10) COLLATE utf8mb4_spanish_ci NOT NULL COMMENT 'Color',
  `dir` varchar(15) COLLATE utf8mb4_spanish_ci NOT NULL COMMENT 'Dirección',
  `pod` varchar(10) COLLATE utf8mb4_spanish_ci NOT NULL COMMENT 'Poder',
  `dia` varchar(20) COLLATE utf8mb4_spanish_ci NOT NULL COMMENT 'Momento del Día'
) ENGINE=InnoDB DEFAULT CHARSET=utf8mb4 COLLATE=utf8mb4_spanish_ci COMMENT='Armónica';

--
-- Volcado de datos para la tabla `arm`
--

INSERT INTO `arm` (`ide`, `col`, `dir`, `pod`, `dia`) VALUES
(1, 'Rojo', 'el Oriente', 'Inicia', 'Amanecer'),
(2, 'Blanco', 'el Norte', 'Refina', 'Mediodía'),
(3, 'Azul', 'el Occiden', 'Transforma', 'Atardecer'),
(4, 'Amarillo', 'el Sur', 'Madura', 'Medianoche');

-- --------------------------------------------------------

--
-- Estructura de tabla para la tabla `cas`
--

CREATE TABLE `cas` (
  `ide` smallint(2) UNSIGNED ZEROFILL NOT NULL COMMENT 'Aventura',
  `nom` varchar(20) COLLATE utf8mb4_spanish_ci NOT NULL COMMENT 'Nombre',
  `des` text COLLATE utf8mb4_spanish_ci DEFAULT NULL COMMENT 'Precepto',
  `arm` smallint(1) UNSIGNED ZEROFILL DEFAULT NULL COMMENT 'Cuadrante',
  `ond` smallint(1) UNSIGNED NOT NULL COMMENT 'Aventura',
  `pos_arm` smallint(1) UNSIGNED ZEROFILL DEFAULT NULL COMMENT 'Armonía',
  `ton` smallint(2) UNSIGNED ZEROFILL DEFAULT NULL COMMENT 'Tono Galáctico',
  `ton_arm` smallint(2) UNSIGNED ZEROFILL DEFAULT NULL COMMENT 'Armonía Tonal'
) ENGINE=InnoDB DEFAULT CHARSET=utf8mb4 COLLATE=utf8mb4_spanish_ci COMMENT='Castillo del Destino';

--
-- Volcado de datos para la tabla `cas`
--

INSERT INTO `cas` (`ide`, `nom`, `des`, `arm`, `ond`, `pos_arm`, `ton`, `ton_arm`) VALUES
(01, '', 'El único propósito de la vida es recordar a Dios, y retornar al alma, ese lugar ', 1, 1, 1, 01, 01),
(02, '', 'Deshacer la nube que cubre el sistema materialista de creencias, es el propósito de la Historia Cósmica, sólo entonces puede brillar claro el campo mental del humano como el campo mental planetario.', 1, 1, 2, 02, 01),
(03, '', 'El telar de la realidad es sagrado, y hay una autoría Divina del universo – el alma existe con la inscripción de Dios que dice: Recuérdame.', 1, 1, 3, 03, 01),
(04, '', 'El primer paso para cambiar a un estado cósmico de la mente, es a través del uso diario del calendario de 13 Lunas de 28 días, esta es la base y el fundamento de la nueva estructura del mundo.', 1, 1, 4, 04, 01),
(05, '', 'El programa del calendario de 13 Lunas es un paso radical, que es el propósito de la Historia Cósmica: conducir al alma de regreso a la perfección divina del orden del universo, como lo que realmente es.', 1, 2, 1, 05, 02),
(06, '', 'El calendario de 13 Lunas/28 días no es sólo un vehículo para la rearmonización de la mente humana, y finalmente del ADN humano, sino que también es una herramienta para la trascendencia instantánea de la historia.', 1, 2, 2, 06, 02),
(07, '', 'La aplicación de las Crónicas de la Historia Cósmica con los códigos del tiempo te abre a los niveles multidimensionales de la consciencia, y una vez que tu mente está realmente operando en estos códigos, empezarás a experimentar niveles cada vez más elevados de teleportación sensorial.', 1, 2, 3, 07, 02),
(08, '', 'La Historia Cósmica es un sistema de pensamiento y una técnica que debe aprenderse y aplicarse para que el humano pueda dar los siguientes pasos en el camino de la evolución hacia un sistema perceptual holográfico.', 1, 2, 4, 08, 02),
(09, '', 'La Historia Cósmica es el nivel más elevado de información y comprensión por lo que la historia previa queda subordinada, transformada, y rehecha', 1, 3, 1, 09, 03),
(10, '', 'Todas las percepciones que has acumulado deben limpiarse a la luz de la verdad de que sólo hay una tradición, una religión, una Tierra, y un ser.', 1, 3, 2, 10, 03),
(11, '', 'No puede haber ningún avance nuevo dentro de la matriz de una vieja estructura sin un sacrificio – tienes que sacrificar algo de ti mismo – si no es todo lo tuyo que está apegado o involucrado en lo viejo, para conseguir lo nuevo.', 1, 3, 3, 11, 03),
(12, '', 'La disolución de las viejas estructuras, así como el cultivo de la compasión universal hacia todos los seres, es la meta de la evolución del humano planetario.', 1, 3, 4, 12, 03),
(13, '', 'De acuerdo a la Historia Cósmica, el yoga existe como un sistema necesario para facilitar esta siguiente etapa de transformación, donde la mente y el alma humana experimentan la unificación en un nivel noosférico o planetario.', 1, 4, 1, 13, 04),
(14, '', 'El yoga es la herramienta básica para construir la base del templo interior, que penetra a través de lo profano para que puedas realizar tu innata identidad cósmica.', 2, 1, 2, 01, 04),
(15, '', 'El yoga, como sistema de conocimiento, empieza con el cuerpo físico y penetra hasta los más profundos rincones de la mente cósmica universal.', 2, 1, 3, 02, 04),
(16, '', 'La totalidad de lo que necesita ser conocido está contenido dentro del cuerpo humano, cuando esto sea entendido, entonces también se llegarán a conocer los medios paranormales para extender los sentidos hacia los órdenes de la naturaleza.', 2, 1, 4, 03, 04),
(17, '', 'Desde el punto de vista del hechicero, el propósito del yoga es establecer el cuerpo como una base y un templo completamente unificados, de modo que el reflejo y el orden de los movimientos del cuerpo sean un reflejo del orden sagrado original del cosmos superior.', 2, 1, 1, 04, 05),
(18, '', 'La Historia Cósmica es la estructura del universo proyectada a través de tu propio cuerpo y ser como una armoniosa obra de arte.', 2, 2, 2, 05, 05),
(19, '', 'Debes entender que lo que sacas al mundo y lo que interpretas no es más que tu propia retroalimentación psicogenética.', 2, 2, 3, 06, 05),
(20, '', 'La Historia Cósmica es una revolución interna que depende del cultivo de la visión.', 2, 2, 4, 07, 05),
(21, '', 'Todo el trabajo que estás haciendo es para retornar a este punto de Dios en el centro del círculo donde la luz es siempre pura.', 2, 2, 1, 08, 06),
(22, '', 'El propósito de la creación del ser humano es crear un medio altamente evolucionado y complejo, para que no sólo actúe como un vehículo de la inteligencia cósmica, sino como un conducto para la consciencia y el espíritu en constante evolución.', 2, 3, 2, 09, 06),
(23, '', 'Desde el punto de vista de la Ciencia Cósmica, quien tú realmente eres es el componente evolutivo que mantiene el elemento pensante intencional del cosmos.', 2, 3, 3, 10, 06),
(24, '', 'El arte es la manera en que el ser cuatridimensional utiliza el cuerpo tridimensional, para ponerlo en armonía con el quintidimensional.', 2, 3, 4, 11, 06),
(25, '', 'Al ser consciente de los tres universos: fenomenal, imaginal y moral, que siempre están operando simultáneamente, puedes comenzar a crear una evaluación ampliada de quién eres, y que es lo que realmente estás haciendo aquí.', 2, 3, 1, 12, 07),
(26, '', 'Debes empezar a examinar el proceso de todo. Todo lo que existe está basado en algún tipo de patrón divino.', 2, 4, 2, 13, 07),
(27, '', 'La manera sencilla y más elegante siempre será verdadera, por lo tanto, será estética y moral. La verdad siempre es armónica.', 3, 1, 3, 01, 07),
(28, '', 'El sufrimiento existe porque has elegido creer en la ilusión. El universo moral indica elección. Tú siempre tienes la oportunidad de elegir el camino correcto o el camino incorrecto.', 3, 1, 4, 02, 07),
(29, '', 'Todo lo que crece está destinado a trascenderse a sí mismo. Cuando te conviertes plenamente en quien tú eres, tu personaje se abre como una flor, cuando floreces completamente, pasas más allá de ti mismo hacia la imagen final de la flor, que es el desarrollo completo del alma.', 3, 1, 1, 03, 08),
(30, '', 'El arte de UR (recuerdo universal) es el arte que está destinado a invocar a la memoria cósmica como un todo cósmico y a la memoria del ser como el cosmos entero y la historia entera del cosmos.', 3, 1, 2, 04, 08),
(31, '', 'El proceso de redención significa dejar de ser ignorantes, o empezar a recordar o rememorar. Recuerdo Universal significa que los humanos ya no son ignorantes ni de su origen ni su destino.', 3, 2, 3, 05, 08),
(32, '', 'El recuerdo holográfico es el despliegue de un ser en un orden planetario, y empieza una vez que la frecuencia humana cambia al cambiar el calendario.', 3, 2, 4, 06, 08),
(33, '', 'Sólo cuando la voluntad personal está rendida a la Voluntad Divina, tendremos la oportunidad de crear un final victorioso a la película que está siendo proyectada en la tercera dimensión.', 3, 2, 1, 07, 09),
(34, '', 'El viaje interplanetario comienza con la meditación que despeja la mente de la tendencia a pensar, esto es obligatorio en el desarrollo del samadhi y la concentración en el samadhi, para ir donde tengas que ir o hacer lo que tenga que hacerse.', 3, 2, 2, 08, 09),
(35, '', 'Al ver toda la película de tu vida, la calidad de lo que experimentaste y cómo respondiste a esas experiencias condiciona lo que va a sucederte en la siguiente vida o el Más Allá.', 3, 3, 3, 09, 09),
(36, '', 'Todos los archivos de la película de cada ser que ha existido, están almacenados en la cuarta dimensión, que es el espacio de la imaginación o reino imaginal.', 3, 3, 4, 10, 09),
(37, '', 'El grado en el que estamos inmersos en nuestro ego, es el grado en el que estamos creando y repitiendo clichés noosféricos. El grado al que estamos abiertos al espíritu y a las formas de vida y comunicación no egóicas, a ese grado nos estamos potencializando como medios noosféricos.', 3, 3, 1, 11, 10),
(38, '', 'Los códigos de la Ley del Tiempo existen para ayudarnos a mantener la consciencia continua en la frecuencia de tiempo 13:20, y accesar así la noosfera.', 3, 3, 2, 12, 10),
(39, '', 'La noosfera está ahora absorbiendo en su interior la mente y la consciencia de un número cada vez mayor de gente.', 3, 4, 3, 13, 10),
(40, '', 'La autosuficiencia espiritual es una función de disciplina que es un sacrificio espiritual continuo del ser inferior en aras de la perfección o florecer interno y pulido de lo divino o forma interna encarnada en el ser.', 4, 1, 4, 01, 10),
(41, '', 'Para facilitar el mayor ajuste a la consciencia humana involucrada en la activación de la noosfera, es necesario cultivar la paranormalidad multidimensional.', 4, 1, 1, 02, 11),
(42, '', 'Para adquirir poderes paranormales se requiere esfuerzo, disciplina de la mente y empeño, e incluso entonces, el empeño no es para adquirir poderes, sino para lograr mi propia maestría o realización del ser que es la meta del yoga y la meditación.', 4, 1, 2, 03, 11),
(43, '', 'Aprender a coordinar el ser tridimensional con el ser cuatridimensional, es un propósito principal de vida, y nos abre a la paranormalidad multidimensional, que es en realidad la norma.', 4, 1, 3, 04, 11),
(44, '', 'Tu identificación debe cambiarse a la de un hechicero planetario, que cultiva sus poderes paranormales multidimensionales para ayudar en la evolución supermental del planeta. No existe nada más.', 4, 2, 4, 05, 11),
(45, '', 'Nuestra tarea es hacer consciente el alma del mundo, iniciándola en el orden sincrónico de la realidad de cada día, de modo que los seres humanos sean estabilizados en un nivel normativo superior de la consciencia continua.', 4, 2, 1, 06, 12),
(46, '', 'Igual que la biosfera es el medio en la Tierra para la transformación de la energía cósmica, la noosfera es el medio para la transmutación y transformación de las formas-pensamiento cósmicas.', 4, 2, 2, 07, 12),
(47, '', 'Un mago es alguien que está sintonizado con el conocimiento de los procesos de la naturaleza, de tal forma que él/ella puede coordinar mentalmente estos procesos con otros para crear ciertos efectos, los cuales, para la mayoría de la gente, son aparentemente imposibles.', 4, 2, 3, 08, 12),
(48, '', 'La humanidad es el punto a través del cual evolucionan la manifestación y los comandos de la jerarquía y formas culturales de la matriz de Shambhalla/Tollan. Debemos formar imágenes claras acerca de cómo funciona todo esto.', 4, 3, 4, 09, 12),
(49, '', 'El estudio de las Crónicas de la Historia Cósmica es el primer paso para vislumbrar el mecanismo y la estructura de cómo está siendo reformulada toda la mente humana y la base del conocimiento humano.', 4, 3, 1, 10, 13),
(50, '', 'Las Crónicas de la Historia Cósmica son el poder del número siete, en el que subyace la narración de la creación cósmica y la creación del campo cósmico como la función de las diferentes etapas de la evolución del tiempo.', 4, 3, 2, 11, 13),
(51, '', 'Cuanto más se imbuye tu mente con el poder resonante informativo de la Historia Cósmica, más se convierte en un reflejo de la crónica primordial del siete.', 4, 3, 3, 12, 13),
(52, '', 'La comprensión de las Crónicas de la Historia Cósmica como la estructura del orden del poder del número siete, es la serpiente que muerde su cola para liberar el veneno que sana hasta la completitud.', 4, 4, 4, 13, 13);

-- --------------------------------------------------------

--
-- Estructura de tabla para la tabla `cas_arm`
--

CREATE TABLE `cas_arm` (
  `ide` smallint(1) UNSIGNED ZEROFILL NOT NULL COMMENT 'Cuadrante',
  `nom` varchar(15) COLLATE utf8mb4_spanish_ci NOT NULL COMMENT 'Nombre',
  `col` varchar(10) COLLATE utf8mb4_spanish_ci NOT NULL COMMENT 'Color',
  `dir` varchar(10) COLLATE utf8mb4_spanish_ci NOT NULL COMMENT 'Dirección',
  `pod` varchar(10) COLLATE utf8mb4_spanish_ci NOT NULL COMMENT 'Poder',
  `cas` smallint(2) UNSIGNED ZEROFILL NOT NULL COMMENT 'Posición del Castillo',
  `ran` varchar(15) COLLATE utf8mb4_spanish_ci NOT NULL COMMENT 'Rango de Posiciones'
) ENGINE=InnoDB DEFAULT CHARSET=utf8mb4 COLLATE=utf8mb4_spanish_ci COMMENT='Cuadrante Armónico';

--
-- Volcado de datos para la tabla `cas_arm`
--

INSERT INTO `cas_arm` (`ide`, `nom`, `col`, `dir`, `pod`, `cas`, `ran`) VALUES
(1, 'el Cuadrante 1', 'rojo', 'el este', 'inicia', 01, 'Desde 1 a 13'),
(2, 'el Cuadrante 2', 'blanco', 'el norte', 'refina', 14, 'Desde 14 a 25'),
(3, 'el Cuadrante 3', 'azul', 'el oeste', 'transforma', 26, 'Desde 26 a 39'),
(4, 'el Cuadrante 4', 'amarillo', 'el sur', 'madura', 40, 'Desde 40 a 52');

-- --------------------------------------------------------

--
-- Estructura de tabla para la tabla `cas_ond`
--

CREATE TABLE `cas_ond` (
  `ide` smallint(1) UNSIGNED ZEROFILL NOT NULL COMMENT 'Aventura'
) ENGINE=InnoDB DEFAULT CHARSET=utf8mb4 COLLATE=utf8mb4_spanish_ci COMMENT='Aventura de la Onda Encantada';

--
-- Volcado de datos para la tabla `cas_ond`
--

INSERT INTO `cas_ond` (`ide`) VALUES
(1),
(2),
(3),
(4);

-- --------------------------------------------------------

--
-- Estructura de tabla para la tabla `chi`
--

CREATE TABLE `chi` (
  `ide` smallint(2) UNSIGNED ZEROFILL NOT NULL COMMENT 'Hexagrama',
  `sup` smallint(1) UNSIGNED DEFAULT NULL COMMENT 'Trigrama Superior',
  `inf` smallint(1) UNSIGNED DEFAULT NULL COMMENT 'Trigrama Inferior',
  `his` smallint(1) UNSIGNED DEFAULT NULL COMMENT 'Ecuación Historia',
  `cor` smallint(1) UNSIGNED DEFAULT NULL COMMENT 'Corriente',
  `nom` varchar(50) COLLATE utf8mb4_spanish_ci NOT NULL COMMENT 'Nombre',
  `des` varchar(100) COLLATE utf8mb4_spanish_ci NOT NULL COMMENT 'Descripción',
  `tit` varchar(50) COLLATE utf8mb4_spanish_ci NOT NULL COMMENT 'Título',
  `lec` text COLLATE utf8mb4_spanish_ci NOT NULL COMMENT 'Lectura'
) ENGINE=InnoDB DEFAULT CHARSET=utf8mb4 COLLATE=utf8mb4_spanish_ci COMMENT='Hexagrama I-Ching';

--
-- Volcado de datos para la tabla `chi`
--

INSERT INTO `chi` (`ide`, `sup`, `inf`, `his`, `cor`, `nom`, `des`, `tit`, `lec`) VALUES
(01, 8, 8, 1, 1, 'GENESIS CREATIVO', 'EL TIEMPO GENERA EL ARBOL', 'LO CREATIVO', 'Lo creativo está en acción; el cambio está en marcha de una forma dinámica. En este hexagrama se trata de obtener el punto de vista cósmico. La sugerencia de esta figura es despertar el sentido creativo más profundo y encauzar correctamente el impulso generador de lo nuevo. La confianza en la energía propia y la iniciativa para transformar el mundo exterior e interior será indispensable y llegará a buen puerto.'),
(02, 1, 1, 1, 1, 'MATRIZ PRIMORDIAL', 'ARBOL INFORMADO', 'LO RECEPTIVO', 'Sopórtalo todo como la Tierra soporta todo lo que vive en ella. El éxito llegará de la mano de la observación, la meditación y la posterior acción a conciencia. Es tiempo de reflexión y no de accionar en forma mecánica o impulsiva. Cada suceso tiene una explicación que nos involucra y será necesario guiar el pensamiento y la intuición hacia la investigación de causa y efecto de cada acto. Percibir, escuchar y analizar serán palabras clave.'),
(03, 3, 5, 1, 1, 'NUEVO COMIENZO', 'EL ÁRBOL CONTIENE LA FORMA DEL ESPACIO', 'LA DIFICULTAD INICIAL', 'Si perseveramos, todo saldrá bien. Este hexagrama advierte que se presentarán obstáculos que impedían el inmediato logro de los objetivos. Será una prueba que obligará a replantear estrategias y a reubicar los conceptos aprehendidos y las formas de actuar preconcebidas. Portarse en forma indiferente o necia ante esta situación, acarreará indefensión y debilidad.'),
(04, 2, 3, 1, 1, 'ESCUCHA DE NUEVO', 'EL ÁRBOL MOLDEA EL ESPACIO.', 'COLUMNA MISTICA, LA INMADUREZ', 'Una lección nueva: estás aprendiendo algo que antes no sabías. Esta figura refiere a la energía impulsiva que caracteriza al ímpetu juvenil. Pero también, indica que esa fuerza puede ser desaprovechada y malgastada si no es acompañada del accionar pensante y dirigido. Avanzar en armonía de mente, cuerpo y espíritu para alcanzar los planes trazados interiormente, deberá ser el principal objetivo de vida.'),
(05, 3, 8, 1, 1, 'PUEBLO UNIDO', 'EL ÁRBOL EVOLUCIONA EN ESPACIO', 'LA ESPERA', 'Esperar en una actitud correcta fortalece lo creativo. La clave para avanzar será actuar bajo estricto control de la más serena y reflexiva actitud interna. Es necesario orientarse adecuadamente, porque los peligros externos acechan. La paciencia y la prudencia serán mejores guías que el impulso indiscriminado. La firmeza y la claridad mental iluminan todos los caminos.'),
(06, 8, 3, 1, 1, 'PUEBLO SEPARADO', 'EL ÁRBOL DEFINE LA VIDA', 'EL CONFLICTO', 'Deja de preguntarte ¿Por qué?. Graves conflictos provocaran inseguridad y desesperación. Se presenta la sensación de que los esfuerzos son en vano y los sacrificios no tienen el efecto esperado. Por lo tanto, será buen momento para cultivar la voluntad, la fe espiritual y encontrar la relación directa entre el verdadero deseo interior y los acontecimientos que se presentan. Escuche su voz interior: nadie sabrá aconsejarle mejor.'),
(07, 1, 3, 1, 1, 'PODER DEL PUEBLO', 'EL ÁRBOL DEL TIEMPO GIRA A LA TIERRA', 'COLUMNA MISTICA, EL EJÉRCITO', 'Prepárate para una -guerra- se nos va a someter a prueba. La definición de la vida futura estará estrechamente ligada a la disciplina desarrollada en el presente. Perseverar en la obtención de los objetivos será la necesidad imperante, y el marco de acción será la armónica interrelación con los semejantes. Es momento de ahorrar palabras desmedidas y valorar el aporte de los otros, en pos del bien común.'),
(08, 3, 1, 1, 1, 'UNIDAD DEL PUEBLO', 'EL ÁRBOL DEL TIEMPO GIRA AL CIELO', 'LA SOLIDARIDAD', 'Mantenemos todas las cosas unidas al adherirnos a lo correcto en nosotros. Nuestra actitud interna lo determina todo. Una unión sincera basada en la solidaridad, el mutuo respeto y la colaboración desinteresada, serán el punto de partida para el logro de aspiraciones elevadas. El líder deberá ser el abanderado de tales virtudes y no el beneficiario del esfuerzo de los demás. Cada dificultad traerá consigo un aprendizaje.'),
(09, 4, 8, 1, 2, 'DISCIPLINA', 'GENESIS DE LA CONDUCTA', 'EL PODER DOMESTICADOR DE LO PEQUEÑO', 'Se ha dado un paso más en el proceso de corregir la situación. Buenos presagios. Nuevos caminos se presentan como alternativa a conflictos y situaciones largamente postergadas. Es tiempo de búsqueda interior. Se iluminan soluciones sencillas y accesibles a problemas sobredimensionados. Es conveniente ocuparse de proyectos olvidados y asignaturas pendientes.'),
(10, 8, 7, 1, 2, 'PRÁCTICA', 'LA CONDUCTA MARCA EL CAMINO', 'EL PORTE (LA CONDUCTA)', 'Acerca de intentar forzar el progreso. Las posibilidades de éxito son grandes. Pero es necesario no subestimar ni los obstáculos externos ni las trabas internas. El triunfo estará ligado al discernimiento. Partir del reconocimiento de los errores será beneficioso. La conquista de la voluntad será indispensable.'),
(11, 1, 8, 1, 2, 'DINAMIZACIÓN', 'EL CAMINO DE LA CONDUCTA MOLDEA EL ESPACIO', 'LA PAZ', 'Relacionándonos correctamente hemos obtenido la paz; mantener la paz, de alguna forma, requiere que mantengamos una firme disciplina interna. Una etapa de armonía y prosperidad se avecina. El crecimiento espiritual dará frutos en el campo intelectual y afectivo. Ejercitar la sabiduría será sinónimo de poner en práctica una conducta madura y responsable que atraerá bienestar. Será preciso transformar los recuerdos negativos en experiencias aleccionadoras.'),
(12, 8, 1, 1, 2, 'ESTABILIZACIÓN', 'EL CAMINO DE LA CONDUCTA INFORMADO POR LA VERDAD', 'EL ESTANCAMIENTO', 'No hay progreso. Es necesario confrontarse con prejuicios y patrones de conducta que producen inacción y descontento. Será preciso oir la voz interior, ignorar las opiniones descalificantes y construir una escala de valores propia y valedera. Construir nuevas formas de pensar, sentir y actuar será óptimo.'),
(13, 8, 6, 1, 2, 'PUEBLO ORGANIZADO', 'LA VERDAD EVOLUCIONA EL CAMINO DE LA CONDUCTA.', 'COLUMNA MISTICA, HERMANDAD UNIVERSAL', 'La comunidad real está fundamentada en la comunidad con el sabio. Si excluimos al sabio, no puede haber una comunidad real o duradera. La advertencia de este hexagrama es que no se deben tomar decisiones de gran envergadura sin consultar a quienes pueden dar una adecuada orientación. Tampoco se deberá decidir por los demás, sin medir las consecuencias de lo actuado. Delegar, obrar en conjunto y armoniosamente será muy positivo.'),
(14, 6, 8, 1, 2, 'SABIDURÍA DEL PUEBLO', 'LA CONDUCTA DEFINE EL CAMINO', 'GRANDES POSESIONES', 'Ahora entiendes. Se anuncian grandes éxitos en todos los aspectos si se vence la inercia y se actúa con rapidez y precisión. Es conveniente cultivar la humildad. La gran posesión será la riqueza interior. Los bienes materiales no suplirán ninguna carencia espiritual.'),
(15, 1, 2, 1, 2, 'CAMINO DEL PUEBLO', 'TODOS LOS PUNTOS SE UNIFICAN EN LA CONDUCTA', 'LA MODESTIA', 'Continúa constatemente hacia adelante, a pesar de los errores. La modestia no es sinónimo de sometimiento o falta de propia decisión. Por el contrario, será una muestra de sabiduría y altura frente a una situación de confusión. La seguridad deberá ser demostrada sin ostentación de poder. Limitarse a observar y reflexionar producirá mejor efecto que hacerse notar.'),
(16, 5, 1, 1, 2, 'EL PUEBLO TRIUNFA', 'LA CONDUCTA UNIFICA EL CAMINO', 'EL ENTUSIAMO', 'El camino de la menor resistencia es la no-resistencia. La calma será el resultado de haber obrado correctamente. Se avecina un momento óptimo que es fruto de mucho esfuerzo anterior. El espíritu alcanzará su grado máximo de serenidad después de la acción honesta y coherente con el pensamiento y el sentimiento. No hay lugar para el temor: la energía interior será un reflejo semejante a la energía divina.'),
(17, 7, 5, 2, 3, 'DESPERTAR DE LA ALEGRÍA', 'EL TIEMPO EVOLUCIONA EL CAMINO DE EJERCER EL PODER', 'EL SEGUIMIENTO', 'Sigue tus principios sin importar lo difícil que parezca. El desafío venidero será entregarse de lleno a quienes poseen más conocimiento y experiencia. La humildad y la vocación de servicio ensancharan el propio horizonte. Dejarse guiar no es anular la voz interior, sino enriquecerla y orientarla al crecimiento. Los espíritus aislados se anulan en su propio y pequeño mundo.'),
(18, 2, 4, 2, 3, 'DOMINACIÓN DE LA MENTE', 'EL CAMINO DE EJERCER EL PODER INFORMA LA MENTE', 'LA DECADENCIA', 'Corregir hábitos mentales decadentes y tolerar lo que se ha echado a perder en otros. Un camino que erróneamente se ha abandonado deberá ser retomado. La decadencia se aproxima si no se abandona la senda debida, a la primera dificultad que aparece. La perseverancia y la tenacidad, rendirán más frutos que el impulso y el conformismo. El pasado será redimido sólo a través de las acciones del presente.'),
(19, 1, 7, 2, 3, 'ASPIRACIÓN DEL MAGO', 'EL CAMINO DE EJERCER EL PODER MOLDEA EL ESPACIO', 'EL ACERCAMIENTO', 'Se acercan mejores tiempos. Es tiempo de exteriorizar todo aquello que se ha sembrado interiormente. El acercamiento a los demás será muy positivo: hay bases sólidas que lo sustentan. La acción conjunta no implicará una pérdida de identidad, sino una garantía de desarrollo de todo lo planteado.'),
(20, 4, 1, 2, 3, 'CONTEMPLACIÓN DEL MAGO', 'EL CAMINO DE EJERCER EL PODER SE DOMINA', 'LA CONTEMPLACIÓN (LA VISIÓN)', 'Por medio de los pensamientos, se está al mando. Se presenta la necesidad de poner una mirada objetiva y amplia sobre el mundo circundante. Fragmentar las percepciones y observar siempre desde la misma óptica traerá desventura. Es preciso analizar el mundo externo sin preconceptos, y el interno sin auto compasión.'),
(21, 6, 5, 2, 3, 'DESPERTAR DE LA VISIÓN', 'EL CAMINO DE EJERCER EL PODER SE ATIENE A LA VERDAD', 'LA MORDEDURA', 'Llegar a la verdad del asunto. Una dificultad no resuelta en su debido momento, resurgirá porque en realidad nunca se ha ido. Se reincidirá una y mil veces en el mismo error si se lo ignora o minimiza. Cada sentimiento silenciado no se erradica, por el contrario se expande. Y cada conflicto negado brotará en el momento menos pensado, para dar cuenta de su existencia.'),
(22, 2, 6, 2, 3, 'TEMPLO DE LA VISIÓN', 'EL CAMINO DE EJERCER EL PODER DEFINE LA RADIANCIA DEL ESPACIO', 'LA GRACIA', 'Una presuntuosa intervención. Juzgar la realidad por las apariencias, sin llegar al fondo de las causas y las consecuencias. Los artificios distraerán la mirada certera. ¡Cuidado! Es preciso conservar la lucidez y no dejarse llevar por la primera impresión. Una observación ligera, apresurada o prejuiciosa traerá desventuras.'),
(23, 2, 1, 2, 3, 'LIBERACIÓN DE LA MENTE', 'EL CAMINO DE EJERCER EL PODER DESCIENDE A LA TIERRA', 'DESINTEGRACIÓN', 'No creemos en el poder de la no-acción, o en el poder de -sólo ser-. Una movilización interna se producirá como efecto de una desilusión. Será necesario generar nuevos patrones de conducta y tomar nuevos arquetipos vida. No es el fin, es un nuevo comienzo en el largo sendero de la construcción de la propia vida. Será beneficioso depositar la confianza en otras personas y otros caminos. Sin perder de vista la propia posibilidad de ser y hacer.'),
(24, 1, 5, 2, 3, 'RETORNO RADIANTE', 'EL CAMINO DE EJERCER EL PODER ASCIENDE AL CIELO', 'EL RETORNO (EL CAMBIO DECISIVO)', 'Nos apartamos del oscuro poder del orgullo y el deseo. Será positivo saber reconocer el camino equivocado y dar marcha atrás. El momento requiere más reflexión que acción indiscriminada. Es debido pensar si aquello que aparentemente marcha bien, en el fondo no acumula una cantidad grande de acciones erradas que no tardarán en hacerse notar. Las equivocaciones detectadas dejarán grandes enseñanzas.'),
(25, 8, 5, 2, 4, 'SINCRONICIDAD', 'EL TIEMPO CONCENTRA LA CONCIENCIA CÓSMICA', 'LO INESPERADO, LA INOCENCIA', 'Mantén una pantalla mental vacía y permanece alerta a lo inesperado. La voz interior guiará correctamente las acciones. Obrar adecuadamente sin esperar recompensa, atraerá inesperados beneficios. La intuición ofrecerá una respuesta a cada interrogante y el camino se presenta con garantías de éxitos sorprendentes. El pensamiento positivo concretará hechos de igual signo. Quien procede con corrección éxito seguro.'),
(26, 2, 8, 2, 4, 'TEMPLO DEL TIEMPO', 'LA CONCIENCIA COSMICA INFORMADA', 'EL PODER DOMESTICADOR DE LO GRANDE', 'Tratando con situaciones cada vez más terribles. Es inminente una peligrosa tendencia a solucionar conflictos con conductas impulsivas o mecánicas. Se debe planificar el futuro y no desgastar la energía vital en causas perdidas o ajenas. Se impone una visión realista de las circunstancias, despojada del propio deseo.'),
(27, 2, 5, 2, 4, 'TEMPLO DEL SER', 'LA CONCIENCIA CÓSMICA EMPODERA EL ESPACIO', 'LA NUTRICIÓN', 'Observa cómo te alimentas de fantasías, deseos, preguntas, preocupaciones y sentimientos de enajenación, que constituyen una -vasija llena de gusanos-. Es necesario nutrirse de nuevos ideas y proyectos para continuar creciendo en el terreno de los afectos y el intelecto. Cada experiencia debe dejar una base sólida para el futuro. Así como el oxígeno y el alimento nutren el cuerpo, cada vivencia sustenta la elevación del espíritu.'),
(28, 7, 4, 2, 4, 'TIEMPO DE BROTAR', 'LA CONCIENCIA CÓSMICA TRASCIENDE EL ESPACIO', 'EL EXCESO', 'Es una época de grandes oportunidades, y por lo tanto hay que tener mucho cuidado. Un período de extraordinarios logros se avecina. Una cantidad de acontecimientos se encadenarán favorablemente. Pero es necesario no excederse en la confianza en el destino. Hay tres conductas erróneas que acechan: la soberbia, el abuso de poder y la omnipotencia.'),
(29, 3, 3, 2, 4, 'CORAZÓN/LUNA CRISTAL', 'EL ESPACIO FLUYE COMO CONCIENCIA CÓSMICA', 'LO ABISMAL', 'La ambición y la presunción siempre conducen al peligro. Los pequeños logros no disminuirán el peligro circundante. Lo Abismal, anuncia que comienza una etapa poco fértil, plagada de obstáculos y vacilaciones. No será beneficioso obrar más allá de las propias posibilidades. Es momento de reflexión sobre los errores involuntarios.'),
(30, 6, 6, 2, 4, 'VISION/SOL CRISTAL', 'LA RADIANCIA DEL ESPACIO DEFINE LA CONCIENCIA CÓSMICA', 'LO ADHERENTE, EL FUEGO', 'Mediante el desapego y la aceptación adquirimos una visión de las cosas moderada y justa. Terminan las postergaciones. Es momento de hacer florecer la creatividad, exponer las ideas más arriesgadas y sostener los proyectos más intrépidos. La Belleza habla de una relación armónica entre los hechos. Las concreciones tendrán éxito: serán fértiles y auspiciosas.'),
(31, 7, 2, 2, 4, 'ATRACCIÓN DE LA MENTE', 'LA CONCIENCIA CÓSMICA ESTABLECE EL ORDEN BINARIO', 'EL INFLUJO', 'Un influjo está a punto de suceder, un acontecimiento inesperado que desafiará nuestra estabilidad interior. Las fuerzas opuestas se atraen y a la vez se complementan. Las acciones más convenientes en una unión de cualquier índole, provienen de la corrección y la firmeza mutua. La excelencia de todo vínculo, reside en la coordinación armónica de las energías que se completan entre sí, formando un todo funcional perfecto.'),
(32, 5, 4, 2, 4, 'PERDURACIÓN DE LA MENTE', 'EL ORDEN BINARIO DEFINE EL MOVIMIENTO DEL ESPACIO', 'LA LARGA RESISTENCIA', 'Continúa como antes, sin vacilar o cambiar de dirección. Actuar sin prisa pero sin pausa será la próxima base del éxito. Permanecer con firmeza traerá beneficios. Lo perdurable encierra sabiduría. Si las dificultades tienen más poder sobre el curso de los acontecimientos que la propia voluntad, no se transita buen camino.'),
(33, 8, 2, 2, 5, 'DEVOCIÓN', 'EL TIEMPO MEDITA EL ORDEN CÓSMICO', 'LA RETIRADA', 'Deja de observar la situación para comprenderla. Retirarse de ninguna manera significa huir. La Retirada sugiere un digno paso al costado, en pos de la elaboración de una nueva estrategia. La distancia atraerá claridad y una activa reconstrucción mental de la realidad. Es preciso tener una nueva mirada sobre viejos temas.'),
(34, 5, 8, 2, 5, 'PLEGARIA', 'LA MENTE INFORMADA POR EL ORDEN CÓSMICO', 'EL PODER DE LO GRANDE', 'Gran poder radica en la confianza en el poder del bien. El uso firme y correcto de las propias fuerzas se convertirá en un instrumento para la obtención de aquello que se desea. El hombre fuerte, es aquel que se vence a sí mismo, pero sabiendo que su poder no dura indefinidamente. Es necesario medir la energía puesta en cada camino.'),
(35, 6, 1, 2, 5, 'EXPANSIÓN DE LA MENTE', 'EL ORDEN CÓSMICO ILUMINA EL ESPACIO', 'EL PROGRESO', 'Ilumina tu clara virtud; el objetivo es seguir el camino. El crecimiento será rápido y vertiginoso. Pero será indispensable la fortaleza interior para no respaldarse en la victoria y trazar nuevos y osados objetivos. El equilibrio entre la pasión y la razón llegará a buen puerto. Los caminos se abrirán, como por arte de magia.'),
(36, 1, 6, 2, 5, 'RADIANCIA INTERIOR', 'EL ORDEN CÓSMICO SE VUELVE AUTOILUMINADOR', 'EL OSCURECIMIENTO DE LA LUZ', 'Descontentos con el progreso lento, perdemos nuestra independencia interior. Este hexagrama indica que un árbol no permitirá ver el bosque. Los conflictos nublaran la luz de la esperanza. Las emociones jugarán una mala pasada a quienes se ahoguen en su propia marea. Desanimarse y claudicar contribuirá al desorden externo e interno. Es preciso orientar la paciencia y la voluntad.'),
(37, 4, 6, 2, 5, 'PODER DEL HOGAR', 'EL ORDEN CÓSMICO INFORMA EL TIEMPO', 'LA FAMILIA (EL CLAN)', 'Trabajar donde una posición entre bastidores y confiar en el poder de la verdad. Es momento de evaluar los roles propios y ajenos en todo grupo humano que conforma la existencia: la familia, el trabajo, los amigos. Es conveniente delimitar los deseos propios y encausarlos, sin involucrar a los demás. Pero también será necesario saber delegar responsabilidades en el momento adecuado.'),
(38, 6, 7, 2, 5, 'DISCRIMINACIÓN', 'EL ORDEN CÓSMICO CONTIENE LA RADIANCIA DEL ESPACIO', 'LA OPOSICIÓN', 'Malentendidos. Una influencia negativa se hará presente. Pero hay que discriminar las verdaderas expresiones de envidia o maldad, de la opinión objetiva de quien pretende ayudar desinteresadamente. Las manifestaciones opuestas son complementarias y una actitud sabia es aprender de ellas, no ignorarlas.'),
(39, 3, 2, 2, 5, 'DISCIPLINA DEL CORAZÓN', 'EL ORDEN CÓSMICO REGRESA AL CORAZÓN DEL CIELO', 'EL IMPEDIMENTO', 'Somos víctimas de los efectos de una percepción exagerada. Al cambiar nuestra actitud el impedimento desaparecerá. Esta figura representa a los impedimentos que no podrán ser superados por la simple acción del destino, ni por el accionar impulsivo. Se impone una reflexión profunda y una cuidada medición de las dificultades internas que se manifiestan en el afuera.'),
(40, 5, 3, 2, 5, 'LIBERACIÓN DEL CORAZÓN', 'EL ORDEN CÓSMICO REGRESA AL CORAZÓN DE LA TIERRA', 'LA LIBERACIÓN', 'Acerca de ser liberado de los obstáculos. La Liberación anuncia que la energía interior se desplegará sin límites en pos de la concreción de objetivos largamente deseados. La serenidad será producto de un delicado equilibrio entre los deseos internos y las realizaciones afectivas e intelectuales. La afinidad entre pensamiento, sentimiento y acto, llevará al éxito.'),
(41, 2, 7, 2, 6, 'TEMPLO DE LA ALEGRÍA', 'EL PRINCIPIO DE CONSTRUCCIÓN DINÁMICA', 'LA PÉRDIDA', 'Hay que sacrificar los sentimientos a que estamos apegados, como el deseo, el afecto, la repulsión, la negación, la enajenación o la irritación, por el bien de todos. Este hexagrama habla de los efectos que produce un exceso de generosidad, una entrega desmedida hacia los demás. Si los propios recursos son totalmente agotados en pos de brindar ayuda a otros, la pérdida producida impedirá futuros nuevos actos de altruismo.'),
(42, 4, 5, 2, 6, 'CAMINO RADIOSÓNICO', 'EL PRINCIPIO DE CONSTRUCCIÓN DINÁMICA EVOLUCIONA LA MENTE', 'EL AUMENTO', 'Nos están ayudando, por lo tanto, debemos mantener nuestro corazón sereno (libre de deseo). Una situación extremadamente auspiciosa en lo material, puede hacer perder la objetivación de la realidad. Es oportuno observar si quienes ofrecen su afecto en momentos de esplendor, son capaces de permanecer también en un mal momento. Alrededor de quienes poseen las ganancias, suele instaurarse un séquito de falsos y especuladores.'),
(43, 7, 8, 2, 6, 'INDOMABLE', 'EL PRINCIPIO DE CONSTRUCCIÓN DINÁMICA EVOLUCIONA EL ESPACIO', 'LA RESOLUCIÓN', 'Tomar la resolución de mantenerse dentro de los límites correctos. Después de una larga tensión, se produce una inversión de roles que propicia una decisión certera. Un cambio posibilita que los verdaderos sentimientos afloren y tomen posición en la vida real. Ceden las hipocresías para dar paso a una forma de vida más intensa.'),
(44, 8, 4, 2, 6, 'PENETRACIÓN DEL TIEMPO', 'PRINCIPIO DE CONSTRUCCIÓN DINAMICA EMPODERADA POR EL TIEMPO', 'LA CASUALIDAD, IR AL ENCUENTRO', 'No responder a la seducción, especialmente a la seducción del poder. La oportunidad puede llegar a veces a quienes no la merecen, o a quienes no la esperan. La casualidad funciona a menudo como vínculo entre un sujeto y una circunstancia, cuya relación en otro contexto resulta imposible.'),
(45, 7, 1, 2, 6, 'OCÉANO DE PRESENCIA', 'EL PRINCIPIO DE CONSTRUCCIÓN DINÁMICA LIBERADO EN EL TIEMPO', 'LA REUNIÓN', 'No debemos entregarnos a dudar de nosotros mismos, ni de nuestros principios. Una unión exitosa requiere que las partes que se encuentran tengan resueltas sus dificultades externas, para poder generar un acuerdo provechoso en torno a la relación que los convoca. Solo el análisis profundo de lo que ocurre en el interior de cada uno de los miembros de la pareja, permitirá luego arribar a un acuerdo sobre los pasos a seguir en la relación que los une.'),
(46, 1, 4, 2, 6, 'VACÍO RADIANTE', 'LA CONSTRUCCIÓN DINÁMICA SE VUELVE ESPACIO CREATIVO', 'EL ASCENSO', 'Al seguir sinceramente el camino del sabio obtenemos la ayuda del cosmos. Los pequeños y constantes esfuerzos en pos de un logro tendrán, sin lugar a dudas, la más perdurable de las victorias. Los cambios serán bienvenidos y las decisiones serán certeras y adecuadas. Nada hay que temer.'),
(47, 7, 3, 2, 6, 'LLAMADA A LA FUENTE', 'EL DINAMISMO RESUELTO COMO ARQUITECTONICA', 'EL AGOTAMIENTO', 'No creemos que alguien pueda cambiar o que cambie nunca. Creemos que es demasiado tarde para rectificar una situación o para influir en ella. Una profunda falta de energía interior, llegará como producto de una actitud de rendición frente a los obstáculos externos. El escaso reconocimiento a los esfuerzos realizados advierte la necesidad de un replanteo de valores.'),
(48, 3, 4, 2, 6, 'ALCANZADA LA FUENTE', 'LA ARQUITECTONICA LIBERA EL ORDEN DE LA TOTALIDAD', 'EL POZO', 'No te encierres en una perspectiva convencional sobre cómo funcionan las cosas. Este hexagrama advierte que es necesario aprender a convivir, aun con aquellos que tienen una identidad y una escala de valores muy distinta a la propia. La autoridad deberá ser ejercida sin abuso de poder.'),
(49, 7, 6, 3, 7, 'REVOLUCIÓN DEL TIEMPO', 'REVOLUCIÓN DE LA TELEPATÍA', 'COLUMNA MISTICA, LA REVOLUCIÓN (METAMORFOSIS)', 'Los cambios son ahora posibles. Una mutación importante está en puerta. Será preciso recibirla con una actitud orientada hacia la adaptación a las nuevas circunstancias. Las viejas estructuras que no permitían el crecimiento, ceden y dan paso a novedosos y positivos pensamientos y acciones.'),
(50, 6, 4, 3, 7, 'TRANSFORMACIÓN DEL TIEMPO', 'LA TELEPATIA TRANSFORMA', 'EL CALDERO', 'Aceptar el propio destino y ser guiado. Una etapa de total plenitud espera ser vivida en su totalidad. Abundante energía física y mental garantizarán la llegada triunfal hacia cualquier meta.'),
(51, 5, 5, 3, 7, 'TRUENO/DESPERTAR DEL SER', 'LA TELEPATÍA DESPIERTA LA ENERGÍA DEL ESPACIO', 'LA COMMOCIÓN, EL TRUENO', 'A pesar del retumbar de la conmoción, debemos mantener una actitud neutral y desapegada. Una crisis en el plano emocional estará avisando que se debe resolver un conflicto sin más demora. El miedo a las situaciones límites, intentará ocultar al corazón hechos negativos. Las posibilidades de superar las dificultades son óptimas.'),
(52, 2, 2, 3, 7, 'MEDITACIÓN/EL TEMPLO', 'LA TELAPATÍA ESTABLECE EL TEMPLO', 'EL AQUIETAMIENTO, LA MONTAÑA', 'Mantenemos los pensamientos internos en calma, renunciamos al corazón infantil. Esta Figura indica que no es momento de realizar empresas osadas. Pero también puede sugerir que la propia ansiedad imposibilita la concreción de los sueños, y entonces será positivo dejar que los acontecimientos transcurran más naturalmente, y despojarse de todo egoísmo.'),
(53, 4, 2, 3, 7, 'EVOLUCIÓN', 'LA TELEPATÍA EVOLUCIONA EL TEMPLO', 'LA EVOLUCIÓN', 'Permite que el tiempo y el espacio sean los vehículos del progreso. El tiempo no es esencial, el tiempo es la esencia. No es positivo tener ansiedad en los procesos que se concretan a largo plazo. Los logros materiales necesitarán de una actitud de ahorro y dedicación: los espirituales, serenidad y madurez. La estabilidad será un bien ganado en buena ley.'),
(54, 5, 7, 3, 7, 'TRASCENDENCIA', 'EL TEMPLO INCORPORA LA TELEPATÍA', 'LA DONCELLA CASADERA', 'El deseo otorga poder al mal. La culminación de un ciclo evolutivo presagia buenaventura. Un suceso marcará un nuevo posicionamiento. Es vital fijar las reglas de juego deseadas para esta nueva situación. En el terreno afectivo este hexagrama siempre es positivo, pues anuncia la consumación del amor.'),
(55, 5, 6, 3, 7, 'DESPERTAR DE LA SABIDURÍA', 'LA TELEPATÍA SE CONVIERTE EN VIAJE DEL TIEMPO', 'LA PLENITUD (ABUNDANCIA)', 'Hay un eclipse; adhiriéndonos al poder de la verdad, pasará. Los conflictos y los obstáculos cederán, para dar paso a una etapa fértil y próspera. La Plenitud representa una clara imagen de la propia vitalidad en ascenso y también una señal de regocijo del espíritu ante el afecto correspondido.'),
(56, 6, 2, 3, 7, 'EL VIAJERO', 'EL VIAJE DEL TIEMPO UNIFICA LA MENTE', 'EL VIAJERO', 'Nos sentimos incómodos de confiar en lo desconocido. Es imprescindible adaptarse a las nuevas circunstancias que se presentan. La flexibilidad es una cualidad que permite afrontar sin brusquedad los cambios.'),
(57, 4, 4, 3, 8, 'MENTE DE ALIENTO', 'PENETRACIÓN DE LA OCTAVA GALÁCTICA', 'LO SUAVE', 'Sólo los pensamientos íntimos consistentemente firmes, pero suaves, penetran en los demás con buen efecto. La sugestión es más poderosa que la violencia, si lo que se pretende es expandir las ideas, influir en el mundo exterior. El influjo de la suave penetración se logra sin autoritarismo ni fanatismo.'),
(58, 7, 7, 3, 8, 'RADIANCIA DE LA ALEGRÍA', 'CANCIÓN DE LA OCTAVA GALACTICA', 'LA ALEGRÍA (EL LAGO)', 'Al desear, vacilamos. La búsqueda de placer que otorga la armonía interior, hará desaparecer todo arrepentimiento. Rodearse sólo de aquello que brinda placer, equivale a ignorar la dinámica de lo que no es esencialmente reconfortante pero igualmente forma parte de la vida.'),
(59, 4, 3, 3, 8, 'DISOLUCIÓN', 'LA OCTAVA GALÁCTICA CANTA LA MENTE DEL ESPACIO', 'LA DISPERSIÓN', 'Disuelve todos los sentimientos rígidos. La dispersión de energía no conduce a ningún puerto. Es preciso fijar un tiempo y un lugar para cada cosa y no sobrecargarse de exigencias.'),
(60, 3, 7, 3, 8, 'MEDIDA', 'LA OCTAVA GALÁCTICA LIMITA EL ESPACIO', 'LA RESTRICCIÓN', 'Aceptar los límites. Las restricciones son a veces innecesarias. Es propicio determinar aquello que es merecido: no hay motivo para privarse de ello.'),
(61, 4, 7, 3, 8, 'ESPACIO INTERIOR', 'LA OCTAVA GALÁCTICA RESUENA COMO MENTE', 'LA VERDAD INTERIOR', 'Tú sabes cuál es el problema. La seguridad interior es un pilar fundamental, en donde se apoya la existencia. Es la base del coraje, del poder hacer y garantiza el enfrentamiento con los temores paralizantes. Saber desarrollar la confianza interna, es poder adueñarse de la propia vida.'),
(62, 5, 2, 3, 8, 'TIEMPO INTERIOR', 'LA OCTAVA GALÁCTICA DEFINE LA EVOLUCIÓN', 'LA PREPONDERANCIA DE LO PEQUEÑO', 'Pensar en actuar debido a la desconfianza en el destino. Si no es factible un ascenso rápido hacia los objetivos, es porque se debe avanzar paso a paso. Lentamente, pero con firmeza, cada etapa se debe superar sin tratar de ir más lejos de lo que los propios medios permiten.'),
(63, 3, 6, 3, 8, 'CONSUMADO', 'LA OCTAVA GALÁCTICA UNIVERSALIZA EL ESPACIO', 'LA CONSUMACIÓN', 'Sobre reconsiderar, y otros pensamientos que nos desestabilizan. Es inminente el fortalecimiento de los vínculos y la desaparición de las grandes inseguridades. Una gran época de florecimiento aguarda.'),
(64, 6, 3, 3, 8, 'PREPARADO', 'LA OCTAVA GALÁCTICA UNIFICA LAS DIMENSIONES', 'ANTES DE LA CONSUMACIÓN', 'Necesitamos obtener la correcta perspectiva del problema. Todo está por realizarse. Los ciclos se repetirán mecánicamente si no se actúa a total conciencia, tomando decisiones personales y maduras ante cada circunstancia.'),
(65, NULL, NULL, NULL, NULL, 'COLUMNA MÍSTICA', 'CENTRO DEL TZOLKIN', '', '');

-- --------------------------------------------------------

--
-- Estructura de tabla para la tabla `chi_bin`
--

CREATE TABLE `chi_bin` (
  `ide` smallint(1) UNSIGNED ZEROFILL NOT NULL COMMENT 'Identificador',
  `nom` varchar(10) COLLATE utf8mb4_spanish_ci NOT NULL COMMENT 'Nombre',
  `fam` varchar(10) COLLATE utf8mb4_spanish_ci NOT NULL COMMENT 'Familiar',
  `dir` varchar(10) COLLATE utf8mb4_spanish_ci NOT NULL COMMENT 'Dirección',
  `dia` varchar(20) COLLATE utf8mb4_spanish_ci NOT NULL COMMENT 'Momento del día',
  `año` varchar(10) COLLATE utf8mb4_spanish_ci NOT NULL COMMENT 'Estación del Año',
  `lun` varchar(20) COLLATE utf8mb4_spanish_ci NOT NULL COMMENT 'Cuarto Lunar'
) ENGINE=InnoDB DEFAULT CHARSET=utf8mb4 COLLATE=utf8mb4_spanish_ci COMMENT='Bigrama del i-ching';

--
-- Volcado de datos para la tabla `chi_bin`
--

INSERT INTO `chi_bin` (`ide`, `nom`, `fam`, `dir`, `dia`, `año`, `lun`) VALUES
(1, 'ying viejo', '', 'sur', 'media noche', 'invierno', 'luna nueva'),
(2, 'ying joven', '', 'este', 'amanecer', 'primavera', 'cuarto creciente'),
(3, 'yang viejo', '', 'norte', 'mediodía', 'verano', 'luna llena'),
(4, 'yang joven', '', 'oeste', 'atardecer', 'otoño', 'cuarto menguante');

-- --------------------------------------------------------

--
-- Estructura de tabla para la tabla `chi_mon`
--

CREATE TABLE `chi_mon` (
  `ide` smallint(1) UNSIGNED ZEROFILL NOT NULL COMMENT 'Identificador',
  `nom` varchar(10) COLLATE utf8mb4_spanish_ci NOT NULL COMMENT 'Nombre'
) ENGINE=InnoDB DEFAULT CHARSET=utf8mb4 COLLATE=utf8mb4_spanish_ci COMMENT='Monograma del i-ching';

--
-- Volcado de datos para la tabla `chi_mon`
--

INSERT INTO `chi_mon` (`ide`, `nom`) VALUES
(1, 'ying'),
(2, 'yang');

-- --------------------------------------------------------

--
-- Estructura de tabla para la tabla `chi_tri`
--

CREATE TABLE `chi_tri` (
  `ide` smallint(1) UNSIGNED ZEROFILL NOT NULL COMMENT 'Identificador',
  `nom` varchar(10) COLLATE utf8mb4_spanish_ci NOT NULL COMMENT 'Nombre',
  `cod` varchar(10) COLLATE utf8mb4_spanish_ci NOT NULL COMMENT 'Nombre Original',
  `des` varchar(20) COLLATE utf8mb4_spanish_ci NOT NULL COMMENT 'Descripción',
  `cua` varchar(15) COLLATE utf8mb4_spanish_ci NOT NULL COMMENT 'Cualidad',
  `sig` varchar(50) COLLATE utf8mb4_spanish_ci NOT NULL COMMENT 'Significado',
  `dir` varchar(15) COLLATE utf8mb4_spanish_ci NOT NULL COMMENT 'Dirección',
  `fam` varchar(15) COLLATE utf8mb4_spanish_ci NOT NULL COMMENT 'Familiar'
) ENGINE=InnoDB DEFAULT CHARSET=utf8mb4 COLLATE=utf8mb4_spanish_ci COMMENT='Trigrama del i-ching';

--
-- Volcado de datos para la tabla `chi_tri`
--

INSERT INTO `chi_tri` (`ide`, `nom`, `cod`, `des`, `cua`, `sig`, `dir`, `fam`) VALUES
(1, 'la Tierra', 'KUN', 'lo Receptivo', 'Abnegado', 'YIN puro, principio pasivo de la tierra', 'Norte', 'Madre'),
(2, 'la Montaña', 'KEN', 'el Aquietamiento', 'Quieto', 'Inmovilización', 'Noroeste', 'Hijo menor'),
(3, 'el Agua', 'KAN', 'lo Abismal', 'Peligroso', 'Foso', 'Oeste', 'Hijo mediano'),
(4, 'el Viento', 'XUN', 'lo Suave', 'Penetrante', 'Adaptación', 'Suroeste', 'Hija mayor'),
(5, 'el Trueno', 'ZHEN', 'suscitiativo', 'Movilizante', 'Adaptación', 'Noreste', 'Hijo mayor'),
(6, 'el Fuego', 'LI', 'lo adherente', 'Luminoso', 'Cohesión', 'Este', 'Hija mediana'),
(7, 'el Lago', 'TUI', 'CUI', 'lo Sereno', 'Júbilo', 'Sureste', 'Hija menor'),
(8, 'el Cielo', 'CH´IEN', 'lo Creativo', 'Fuerte', 'Yang puro, principio creativo del cielo', 'Sur', 'Padre');

-- --------------------------------------------------------

--
-- Estructura de tabla para la tabla `cro`
--

CREATE TABLE `cro` (
  `ide` smallint(2) UNSIGNED NOT NULL COMMENT 'Color',
  `cod` varchar(15) COLLATE utf8mb4_spanish_ci NOT NULL COMMENT 'Código Punto-Barra',
  `col` varchar(10) COLLATE utf8mb4_spanish_ci NOT NULL COMMENT 'Color',
  `lad` varchar(10) COLLATE utf8mb4_spanish_ci NOT NULL COMMENT 'Lado',
  `dir` varchar(10) COLLATE utf8mb4_spanish_ci NOT NULL COMMENT 'Dirección'
) ENGINE=InnoDB DEFAULT CHARSET=utf8mb4 COLLATE=utf8mb4_spanish_ci COMMENT='Cromática';

--
-- Volcado de datos para la tabla `cro`
--

INSERT INTO `cro` (`ide`, `cod`, `col`, `lad`, `dir`) VALUES
(1, 'un Punto', 'Rojo', 'Derecha', 'el Este'),
(2, 'dos Puntos', 'Blanco', 'Arriba', 'el Norte'),
(3, 'tres Puntos', 'Azul', 'Izquierda', 'el Oeste'),
(4, 'cuatro Puntos', 'Amarillo', 'Abajo', 'el Sur'),
(5, 'Barra-s', 'Verde', 'Medio', 'el Centro');

-- --------------------------------------------------------

--
-- Estructura de tabla para la tabla `kin`
--

CREATE TABLE `kin` (
  `ide` smallint(3) UNSIGNED ZEROFILL NOT NULL COMMENT 'Kin',
  `nom` varchar(50) COLLATE utf8mb4_spanish_ci NOT NULL COMMENT 'Nombre',
  `pod` varchar(35) COLLATE utf8mb4_spanish_ci NOT NULL COMMENT 'Poderes',
  `des` text COLLATE utf8mb4_spanish_ci NOT NULL COMMENT 'Encantamiento',
  `des_umb` text COLLATE utf8mb4_spanish_ci NOT NULL COMMENT 'Llave del Sincronotrón',
  `des_tie` text COLLATE utf8mb4_spanish_ci NOT NULL COMMENT 'Postulado del Tiempo',
  `psi` char(5) COLLATE utf8mb4_spanish_ci NOT NULL COMMENT 'Unidad PSI',
  `tel_pak` tinyint(1) NOT NULL COMMENT 'Signo de Pakal Votan',
  `val_est` tinyint(1) NOT NULL COMMENT 'Kin de Espectro Galáctico',
  `pag` tinyint(1) NOT NULL COMMENT 'Portal de Activación Galáctica',
  `fac` int(10) UNSIGNED NOT NULL COMMENT 'Cuenta del Factor Maya',
  `fac_ini` smallint(4) NOT NULL COMMENT 'Año inicial del Baktún en el F.M.',
  `fac_fin` smallint(4) NOT NULL COMMENT 'Año final del Katún en el F.M.',
  `fac_ran` varchar(25) COLLATE utf8mb4_spanish_ci NOT NULL COMMENT 'Período Baktún del F.M.',
  `ene` smallint(1) UNSIGNED ZEROFILL NOT NULL COMMENT 'Tipo de Energía',
  `ene_cam` smallint(2) UNSIGNED ZEROFILL NOT NULL COMMENT 'Campo de Energía',
  `chi` smallint(2) UNSIGNED ZEROFILL DEFAULT NULL COMMENT 'i-ching',
  `enc_ini` smallint(5) NOT NULL COMMENT 'Año inicial en el E.S.',
  `enc_fin` smallint(5) NOT NULL COMMENT 'Año final en el E.S.',
  `gen_enc` smallint(1) UNSIGNED ZEROFILL NOT NULL COMMENT 'Génesis del E.S.',
  `gen_enc_dia` smallint(2) UNSIGNED ZEROFILL NOT NULL COMMENT 'Día en Génesis',
  `gen_cel` smallint(1) UNSIGNED ZEROFILL NOT NULL COMMENT 'Célula de la Memoria',
  `gen_cel_dia` smallint(2) UNSIGNED ZEROFILL NOT NULL COMMENT 'Día en Célula',
  `nav_cas` smallint(1) UNSIGNED ZEROFILL NOT NULL COMMENT 'Castillo N.T.T',
  `nav_cas_dia` smallint(2) UNSIGNED ZEROFILL NOT NULL COMMENT 'Día en Castillo',
  `nav_ond` smallint(2) UNSIGNED ZEROFILL NOT NULL COMMENT 'Onda Encantada',
  `nav_ond_dia` smallint(2) UNSIGNED ZEROFILL NOT NULL COMMENT 'Día en Onda',
  `cro_est` smallint(1) UNSIGNED ZEROFILL NOT NULL COMMENT 'Estación Galáctica',
  `cro_est_dia` smallint(2) UNSIGNED ZEROFILL NOT NULL COMMENT 'Día Estacional',
  `cro_ele` smallint(2) UNSIGNED ZEROFILL NOT NULL COMMENT 'Elemento Galáctico',
  `cro_ele_dia` smallint(1) UNSIGNED ZEROFILL NOT NULL COMMENT 'Día en Cromática',
  `arm_tra` smallint(2) UNSIGNED ZEROFILL NOT NULL COMMENT 'Trayectoria Armónica',
  `arm_tra_dia` smallint(2) UNSIGNED ZEROFILL NOT NULL COMMENT 'Día en Trayectoria',
  `arm_cel` smallint(2) UNSIGNED ZEROFILL NOT NULL COMMENT 'Célula Armónica',
  `arm_cel_dia` smallint(1) UNSIGNED ZEROFILL NOT NULL COMMENT 'Día en Armónica',
  `par_ana` smallint(3) UNSIGNED ZEROFILL NOT NULL COMMENT 'Análogo',
  `par_gui` smallint(3) UNSIGNED ZEROFILL NOT NULL COMMENT 'Guía',
  `par_ant` smallint(3) UNSIGNED ZEROFILL NOT NULL COMMENT 'Antípoda',
  `par_ocu` smallint(3) UNSIGNED ZEROFILL NOT NULL COMMENT 'Oculto'
) ENGINE=InnoDB DEFAULT CHARSET=utf8mb4 COLLATE=utf8mb4_spanish_ci COMMENT='Tzolkin';

--
-- Volcado de datos para la tabla `kin`
--

INSERT INTO `kin` (`ide`, `nom`, `pod`, `des`, `des_umb`, `des_tie`, `psi`, `tel_pak`, `val_est`, `pag`, `fac`, `fac_ini`, `fac_fin`, `fac_ran`, `ene`, `ene_cam`, `chi`, `enc_ini`, `enc_fin`, `gen_enc`, `gen_enc_dia`, `gen_cel`, `gen_cel_dia`, `nav_cas`, `nav_cas_dia`, `nav_ond`, `nav_ond_dia`, `cro_est`, `cro_est_dia`, `cro_ele`, `cro_ele_dia`, `arm_tra`, `arm_tra_dia`, `arm_cel`, `arm_cel_dia`, `par_ana`, `par_gui`, `par_ant`, `par_ocu`) VALUES
(001, 'Dragón Magnético Rojo', 'el Nacimiento Magnético', 'Yo unifico con el fin de Nutrir, atrayendo el Ser. Sello la Entrada del Nacimiento con el tono Magnético del Propósito. Me guía mi propio Poder duplicado. Soy un Portal de Activación Galáctica, entra en mí.', 'La única palabra para definir o describir todo el sistema de cubo 441 es Synchronotron. Synchronotron es el sistema de un lenguaje telepático que define el orden raíz subyacente del universo multidimensional en el que vivimos.', 'En el tiempo cuatridimensional, la consciencia es vista como el flujo continuo de la evolución del tiempo de todo el espectro evolutivo de la inteligencia. Este espectro evolutivo de la inteligencia es llamado Cerebro Galáctico, y representa el índice de potenciales del vector tiempo que gobiernan la vida previa, la vida instintiva, la vida telepática y la mente pura.', '01.01', 0, 0, 1, 7200, -3113, -3093, '3.113 - 3.093 A.C.', 1, 01, NULL, -26000, 0, 1, 01, 1, 01, 1, 01, 01, 01, 2, 12, 16, 2, 01, 01, 01, 1, 118, 001, 131, 260),
(002, 'Viento Lunar Blanco', 'el Espíritu Lunar', 'Yo polarizo con el fin de Comunicar, estabilizando el Aliento. Sello la Entrada del Espíritu con el tono Lunar del Desafío. Me guía el poder de la Atemporalidad.', 'Las súper realidades y dimensiones superiores son funciones de las percepciones sensoriales radializadas avanzadas y relaciones mentales debidas a la activación de la 7ª esfera mental, el Perceptor Holomental, el híper órgano telepático.', 'De acuerdo a los principios del diseño original, las diferencias variables en la evolución en el tiempo se producen en las diferentes masas estelares dentro del Cerebro Galáctico.', '01.07', 0, 0, 2, 14400, -3093, -3073, '3.093 - 3.073 A.C.', 1, 01, NULL, 0, 0, 1, 02, 1, 02, 1, 02, 01, 02, 2, 13, 16, 3, 01, 02, 01, 2, 197, 054, 132, 259),
(003, 'Noche Eléctrica Azul', 'la Abundancia Eléctrica', 'Yo activo con el fin de Soñar, vinculando la Intuición. Sello la Entrada de la Abundancia con el tono Eléctrico del Servicio. Me guía el poder de la Realización.', 'El número no es estático, sino dinámico, ya que cada número existe en un contexto de frecuencias de relaciones con los demás números así como consigo mismo en su composición, el total de lo que constituye una señal de Totalidad Exaltada.', 'Al igual que el Cerebro Galáctico se divide horizontalmente por la confluencia entre el instinto y la telepatía, así también se divide verticalmente, siendo el lado izquierdo el estado primario, y el lado derecho un reflejo secundario de la condición primaria. El preconsciente es el instinto primario. El consciente subliminal es la telepatía primaria.', '01.08', 0, 0, 2, 21600, -3073, -3054, '3.073 - 3.054 A.C.', 1, 01, NULL, 0, 0, 1, 03, 1, 03, 1, 03, 01, 03, 2, 14, 16, 4, 01, 03, 01, 3, 016, 107, 133, 258),
(004, 'Semilla Autoexistente Amarilla', 'el Florecimiento Autoexistente', 'Yo defino con el fin de Atinar, midiendo la Atención. Sello la Entrada del Florecimiento con el tono Autoexistente de la Forma. Me guía el poder del Fuego Universal.', 'La Matriz Espacio es una fuerza activadora (+) que evoluciona en la biología. Esta matriz-biológica fenomenal evoluciona en la consciencia y se unifica con el tiempo. El número da dimensionalidad al espacio y da una frecuencia de orden cíclico al tiempo.', 'El Cerebro Galáctico incorporado en el cuerpo evolutivo del planeta Tierra inevitablemente transforma la dialéctica de la pulsación solar y la alternancia de fases de día y noche hacia un complejo de formas inorgánicas preconscientes en el cual el elemento agua es generado químicamente de la interacción del cristal, la luz y el calor (condiciones de la energía lumínica-eléctrica y térmica-cinética).', '01.09', 0, 0, 2, 28800, -3054, -3034, '3.054 - 3.034 A.C.', 1, 01, NULL, 0, 0, 1, 04, 1, 04, 1, 04, 01, 04, 2, 15, 16, 5, 01, 04, 01, 4, 095, 160, 134, 257),
(005, 'Serpiente Entonada Roja', 'la Fuerza Vital Entonada', 'Yo confiero poder con el fin de Sobrevivir, comandando el Instinto. Sello el Almacén de la Fuerza Vital con el tono Entonado de la Radiancia. Me guía el poder del Espacio.', 'La Quinta Fuerza es la facilidad interdimensional y la facultad de transducción e integración de comandos dimensionales superiores hacia los cuerpos 3D y 4D. La quinta fuerza es la quinta esencia o corazón de cualquier forma o idea dada.', 'Dentro de la biosfera, que es totalmente una función inteligente del Cerebro Galáctico, hay un sistema auto-regulador cuatridimensional conocido como el banco psi. Mediante la frecuencia 13:20, el banco psi sincroniza el programa matemático del ADN en un sistema de grabación y almacenamiento de memoria.', '01.10', 0, 0, 2, 36000, -3034, -3014, '3.034 - 3.014 A.C.', 1, 01, NULL, 0, 0, 1, 05, 1, 05, 1, 05, 01, 05, 2, 16, 17, 1, 01, 05, 02, 1, 174, 213, 135, 256),
(006, 'Enlazador de Mundos Rítmico Blanco', 'la Muerte Rítmica', 'Yo organizo con el fin de Igualar, equilibrando la Oportunidad. Sello el Almacén de la Muerte con el tono Rítmico de la Igualdad. Me guía mi propio Poder duplicado. ', 'Los seres humanos están equipados con seis esferas electrónicas que existen independientes y separadas del cerebro y el cuerpo. Cada una de las seis mentales esferas se conecta con la séptima esfera maestra: el Perceptor Holomental, Sirio B-52/Elemento 113.', 'El uso del Telektonon coordinado con las descripciones científicas y matemáticas del banco psi produce la activación consciente de la transición biosfera-noosfera, con el efecto de restablecer un campo consciente de telepatía que reemplace la matriz electrónica de la tecnosfera colapsada, y la activación del Puente Arco Iris Circumpolar el 25 de Julio de 2000 DA, Espejo Resonante Blanco, Día Fuera del Tiempo.', '01.11', 0, 0, 2, 43200, -3014, -2995, '3.014 - 2.995 A.C.', 1, 01, NULL, 0, 0, 1, 06, 1, 06, 1, 06, 01, 06, 2, 17, 17, 2, 01, 06, 02, 2, 253, 006, 136, 255),
(007, 'Mano Resonante Azul', 'la Realización Resonante', 'Yo canalizo con el fin de Conocer, inspirando la Curación. Sello el Almacén de la Realización con el tono Resonante de la Sintonización. Me guía el poder de la Autogeneración.', 'El Perceptor Holomental no existe aparte del sistema del Cubo y el sistema del Cubo no existe aparte del orden sincrónico.', 'En el Telektonon el uso del cristal de recarga integra el orden cristalino original en los funcionamientos biológicos telepáticos regulados por y abiertos a las armónicas celestes. El propósito de la identificación y representación de las armónicas celestes del Telektonon a través de aplicaciones telepáticas, tal como –el Proyecto Rinri: Experimento Telepático del Puente Arco Iris Circumpolar, es restablecer el equilibrio entre las funciones AC y CA. Esto también es conocido como la reeducación magnética de la humanidad.', '01.12', 0, 0, 2, 50400, -2995, -2975, '2.995 - 2.975 A.C.', 2, 05, NULL, 0, 0, 1, 07, 1, 07, 1, 07, 01, 07, 2, 18, 17, 3, 01, 07, 02, 3, 072, 059, 137, 254),
(008, 'Estrella Galáctica Amarilla', 'la Elegancia Galáctica', 'Yo armonizo con el fin de Embellecer, modelando el Arte. Sello el Almacén de la Elegancia con el tono Galáctico de la Integridad. Me guía el poder de la Libre Voluntad.', 'Los números no son sólo los núcleos de frecuencias telepáticas sino tonalidades musicales de un discreto pero paranormal rango de frecuencia de octava que codifica el orden universal.', 'En el Yoga, las funciones AC-CA son activadas por la respiración consciente según la dialéctica de una simetría bilateral inversa móvil correlacionada con la columna vertebral y el sistema nervioso central. El Hatha Yoga y otros sistemas relacionados con la auto-regulación psicofísica trabajan por el establecimiento de una biohomeostasis flexible centralizada en la columna vertebral y el sistema nervioso central con sus correspondientes centros psicofísicos (chakras).', '01.13', 0, 0, 2, 57600, -2975, -2955, '2.975 - 2.955 A.C.', 2, 05, NULL, 0, 0, 1, 08, 1, 08, 1, 08, 01, 08, 2, 19, 17, 4, 01, 08, 02, 4, 151, 112, 138, 253),
(009, 'Luna Solar Roja', 'el Agua Universal Solar', 'Yo pulso con el fin de Purificar, realizando el Flujo. Sello el Proceso del Agua Universal con el tono Solar de la Intención. Me guía el poder de la Fuerza Vital.', 'El 245 establece el poder de la quinta fuerza (5x49) del reino primordial de la creación cósmica en la primera dimensión del tiempo. Desde este punto el chacra corona del cuerpo etérico del destino, holón 4-D, se activa estableciendo el plano biosíquico.', 'La creación del Puente Arco Iris Circumpolar es una función proyectiva de la radiosónica aplicada, debido a la liberación de radión y la creación en el tiempo del Heptágono de la Mente y el Partón Cúbico Primario, alineado con la coordinación mental colectiva de la apertura de las cuatro placas del banco psi durante la fase consciente de cuatro años de la transición biosfera-noosfera, 1996-2000 DA.', '01.14', 0, 0, 2, 64800, -2955, -2935, '2.955 - 2.935 A.C.', 2, 06, NULL, 0, 0, 1, 09, 1, 09, 1, 09, 01, 09, 2, 20, 17, 5, 01, 09, 03, 1, 230, 165, 139, 252),
(010, 'Perro Planetario Blanco', 'el Corazón Planetario', 'Yo perfecciono con el fin de Amar, produciendo la Lealtad. Sello el Proceso del Corazón con el tono Planetario de la Manifestación. Me guía el poder del Sin-Fín. Soy un Kin Polar, extiendo el Espectro Galáctico Blanco. ', 'El circuito 7, contiene 32 unidades, es el mapa cristal que rodea la novena dimensión del tiempo. Coordina el acceso trascendental al registro akásico/alma. Arquetipos: Soñador y Descubridor. Entra en el Consejo Saturnino del Sueño Inteligente.', 'La actividad de la RAP (Red del Arte Planetario) es una probabilidad de evolución que aumenta con la aplicación de la Ley del Tiempo. La cultura Galáctica es la suma de las probabilidades de normas estéticas mejoradas o innovadoras inducidas por el reordenamiento armónico del orden sincrónico.', '01.15', 0, 1, 2, 72000, -2935, -2916, '2.935 - 2.916 A.C.', 2, 06, NULL, 0, 0, 1, 10, 1, 10, 1, 10, 01, 10, 2, 21, 18, 1, 01, 10, 03, 2, 049, 218, 140, 251),
(011, 'Mono Espectral Azul', 'la Magia Espectral', 'Yo disuelvo con el fin de Jugar, divulgando la Ilusión. Sello el Proceso de la Magia con el tono Espectral de la Liberación. Me guía mi propio Poder duplicado. ', 'El número 441 está localizado en el 11:11, el centro de la matriz del Cubo. Es la puerta mística que crea una abertura del canal central, que conecta directamente desde el chacra corona al núcleo de la Tierra, activando la 7ª esfera mental (Perceptor Holomental).', 'La energía psíquica reprimida es el lubricante de la personalidad cuatridimensional que la dota de dinamismo y vitalidad. La cualidad y naturaleza de la personalidad alternativa están determinadas por la naturaleza de la energía psíquica reprimida respecto a la singularidad de la configuración psicogenética.', '01.16', 0, 0, 2, 79200, -2916, -2896, '2.916 - 2.896 A.C.', 2, 07, NULL, 0, 0, 1, 11, 1, 11, 1, 11, 01, 11, 2, 22, 18, 2, 01, 11, 03, 3, 128, 011, 141, 250),
(012, 'Humano Cristal Amarillo', 'la Libre Voluntad Cristal', 'Yo me dedico a con el fin de Influenciar, universalizando la Sabiduría. Sello el Proceso de la Libre Voluntad con el tono Cristal de la Cooperación. Me guía el poder del Florecimiento.', '144 (12x12) es la plantilla del espacio, 400 (20x20) es la plantilla de la totalidad, y 441 (21x21) es la frecuencia raíz de la unidad de la luz, el portal del Hunab Ku 21.', 'Los vehículos galácticos de transporte de vida universal representan estructuras proyectivas florales cristalinas sintetizadas en evolución de tipos avanzados de ejes centrales múltiples. Experimentos posibles solo después del 2013 DA.', '01.17', 0, 0, 2, 86400, -2896, -2876, '2.896 - 2.876 A.C.', 2, 07, NULL, 0, 0, 1, 12, 1, 12, 1, 12, 01, 12, 2, 23, 18, 3, 01, 12, 03, 4, 207, 064, 142, 249),
(013, 'Caminante del Cielo Cósmico Rojo', 'el Espacio Cósmico', 'Yo perduro con el fin de Explorar, trascendiendo la Vigilancia. Sello la Salida del Espacio con el tono Cósmico de la Presencia. Me guía el poder de la Navegación.', 'La invocación del Manitou Planetario completa la vinculación telepática de los tres cuerpos planetarios del tri-cosmos: el gravitacional (plano de la mente), biosíquico (plano de la voluntad) y electromagnético (plano del espíritu).', 'La realización espiritual debido a la facilidad de desplazamiento nos abre al superconsciente Psicozoico y al desarrollo de formas duales de arquitectura radiosónica. Una forma de arquitectura radiosónica es cultivada a través del despliegue de los vehículos de transporte del tiempo; las formas análogas o complementarias para anclar los vehículos de viaje del tiempo son creadas desde el interior de la matriz social-biosférica de la cultura simple y sumamente sedentaria de la espora de arte planetario en evolución.', '01.18', 0, 0, 2, 93600, -2876, -2857, '2.876 - 2.857 A.C.', 2, 08, NULL, 0, 0, 1, 13, 1, 13, 1, 13, 01, 13, 2, 24, 18, 4, 01, 13, 04, 1, 026, 117, 143, 248),
(014, 'Mago Magnético Blanco', 'la Atemporalidad Magnética', 'Yo unifico con el fin de Encantar, atrayendo la Receptividad. Sello la Salida de la Atemporalidad con el tono Magnético del Propósito. Me guía mi propio Poder duplicado. ', 'Las matrices del Synchrontron 441 elevan gradualmente a aquellos que pueden penetrar en sus códigos entrelazados de plantillas de información de frecuencias superiores definiendo la arquitectura del lenguaje telepático que une a la civilización cósmica universal en una totalidad unificada.', '2013 DA es el punto de sincronización que señala la finalización de todos los ejercicios necesarios para abrir el tubo de flujo interplanetario –túneles de tiempo del heliocosmos. La consciencia continua telepática se normaliza, haciendo posible el funcionamiento común del orden superconsciente.', '01.19', 0, 0, 2, 100800, -2857, -2837, '2.857 - 2.837 A.C.', 2, 08, NULL, 0, 0, 1, 14, 1, 14, 1, 14, 02, 01, 2, 25, 18, 5, 01, 14, 04, 2, 105, 014, 144, 247),
(015, 'Águila Lunar Azul', 'la Visión Lunar', 'Yo polarizo con el fin de Crear, estabilizando la Mente. Sello la Salida de la Visión con el tono Lunar del Desafío. Me guía el poder de la Realización.', 'Para entender un sistema que todavía no ha sido contextualizado, aplicado y comprendido, primero debe compararse con los sistemas de cognición que ya han sido refinados y desarrollados.', 'Las arquitectónicas radiosónicas extendidas representan un índice gradual de las armónicas celestes. El índice gradual de las armónicas celestes presenta una incidencia universal de potencialidades del vector tiempo universalmente dispersas en igual proporción a través de la biomasa humana, estimulando un incremento de la retroalimentación consciente subliminal recibida y transmitida a través de la coordinación de los pulsos solar (estelar) y planetario.', '01.20', 0, 0, 2, 108000, -2837, -2817, '2.837 - 2.817 A.C.', 1, 03, NULL, 0, 0, 1, 15, 1, 15, 1, 15, 02, 02, 2, 26, 19, 1, 01, 15, 04, 3, 184, 067, 145, 246),
(016, 'Guerrero Eléctrico Amarillo', 'la Inteligencia Eléctrica', 'Yo activo con el fin de Cuestionar, vinculando la Intrepidez. Sello la Salida de la Inteligencia con el tono Eléctrico del Servicio. Me guía el poder del Fuego Universal.', 'Todos los números existen como una simultaneidad que abarca la totalidad del espacio y el tiempo. El cubo es la perfección auto-existente de mente, número, tiempo y espacio.', 'En cualquier momento de experiencia auto-reflexiva del entero galáctico, el orden sincrónico, está totalmente condicionado por el nivel de consciencia auto-reflexiva del que está percibiendo. La pureza auto-reflexiva de la consciencia del T (E)=Arte, experiencia centrada en el ahora, ocasiona una mayor activación de potencialidades del vector tiempo.', '01.21', 0, 0, 2, 115200, -2817, -2798, '2.817 - 2.798 A.C.', 1, 03, NULL, 0, 0, 1, 16, 1, 16, 1, 16, 02, 03, 2, 27, 19, 2, 01, 16, 04, 4, 003, 120, 146, 245),
(017, 'Tierra Autoexistente Roja', 'la Navegación Autoexistente', 'Yo defino con el fin de Evolucionar, midiendo la Sincronía. Sello la Matriz de la Navegación con el tono Autoexistente de la Forma. Me guía el poder del Espacio.', 'La estructura o sistema primario del cosmos es telepático. El secundario o estructura o sistema derivativo es atómico. El conocimiento se concede a aquellos que perseveran en la paciencia. La misión humana se deriva de las estrellas. 108 es el código. Tau Ceti es la base de operaciones. Arcturus es la misión estelar. Antares es la clave para el Diseño Planetario. Sirio y Pléyades son el núcleo de información. Hunab Ku es la Fuente.', 'Fractal libre post-orgánico, significa que los ángeles están liberados de todas y cada una de las redes de interferencia generadas por las ondas de actividad de los diferentes niveles de las armónicas celestes que definen las funciones que componen la forma de las dimensiones tercera y cuarta. Al ser fractal libre, previene de este modo a los ángeles de entrar en los campos definidos por las redes de interferencia, lo que significa que ellos no pueden intervenir directamente en las actividades de tercera y cuarta dimensión.', '01.22', 0, 0, 2, 122400, -2798, -2778, '2.798 - 2.778 A.C.', 1, 03, NULL, 0, 0, 1, 17, 1, 17, 1, 17, 02, 04, 2, 28, 19, 3, 01, 17, 05, 1, 082, 173, 147, 244),
(018, 'Espejo Entonado Blanco', 'el Sin-Fín Entonado', 'Yo confiero poder con el fin de Reflejar, comandando el Orden. Sello la Matriz del Sin-Fín con el tono Entonado de la Radiancia. Me guía el poder de la Muerte.', 'La Inteligencia Suprema está funcionando en todos los aspectos a lo largo de todos los órdenes dimensionales.', 'Los universos paralelos u otros cerebros galácticos están igualmente coordinados por Dios, y están ordenados sincrónicamente en una extensión de dimensionalidad similar a un espejo con relación a este universo u orden galáctico. Igual que la ordenación sincrónica de todas las fases de la evolución estelar, donde en un momento dado están presentes todas las posibilidades del flujo continuo de energía-mente, así mismo todos los universos paralelos y el orden infinito de posibilidades de la evolución del Cerebro Galáctico están igualmente disponibles y accesibles. Sin embargo, todos son holonómicamente indistinguibles, es decir, todos se rigen por T(E)=Arte.', '02.07', 0, 0, 2, 129600, -2778, -2758, '2.778 - 2.758 A.C.', 1, 03, NULL, 0, 0, 1, 18, 1, 18, 1, 18, 02, 05, 2, 29, 19, 4, 01, 18, 05, 2, 161, 226, 148, 243),
(019, 'Tormenta Rítmica Azul', 'la Autogeneración Rítmica', 'Yo organizo con el fin de Catalizar, equilibrando la Energía. Sello la Matriz de la Autogeneración con el tono Rítmico de la Igualdad. Me guía mi propio Poder duplicado. ', 'La realidad conceptual agota a la mente humana, mientras que la realidad no conceptual es inagotable. DIOS está más allá de toda la realidad conceptual.', 'El orden sincrónico del universo mantenido por el funcionamiento de la Ley del Tiempo define el “Plan Divino”. Antes del descubrimiento de la Ley del Tiempo, el Plan Divino se desarrolla en el inconsciente cósmico, volviéndose auto-reflexivamente conocido a la inteligencia de los cuerpos evolucionando en el tiempo como “revelación.”', '02.08', 0, 0, 2, 136800, -2758, -2739, '2.758 - 2.739 A.C.', 1, 03, NULL, 0, 0, 1, 19, 1, 19, 1, 19, 02, 06, 2, 30, 19, 5, 01, 19, 05, 3, 240, 019, 149, 242),
(020, 'Sol Resonante Amarillo', 'el Fuego Universal Resonante', 'Yo canalizo con el fin de Iluminar, inspirando la Vida. Sello la Matriz del Fuego Universal con el tono Resonante de la Sintonización. Me guía el poder de la Libre Voluntad. Soy un Portal de Activación Galáctica, entra en mí.', 'Los números son a la mente lo que los átomos son a la materia. 441 es la tabla de elementos de la mente.', 'Puesto que el universo es una perfección del orden y proceso del diseño creativo unitario, la Ley del Tiempo, T(E)=Arte, que gobierna la apariencia y manifestación de todos los fenómenos – energía– de la tercera dimensión física del espacio, también es absoluta en su perfección. Arte es definido como la unificación natural y espontánea del tiempo con el espacio, según la frecuencia 13:20; en consecuencia, el tiempo es arte.', '01.04', 1, 0, 1, 144000, -2739, -2719, '2.739 - 2.719 A.C.', 1, 03, NULL, 0, 0, 1, 20, 1, 20, 1, 20, 02, 07, 2, 31, 20, 1, 01, 20, 05, 4, 059, 072, 150, 241),
(021, 'Dragón Galáctico Rojo', 'el Nacimiento Galáctico', 'Yo armonizo con el fin de Nutrir, modelando el Ser. Sello la Entrada del Nacimiento con el tono Galáctico de la Integridad. Me guía el poder de la Fuerza Vital.', 'Como una ventana hacia el futuro y las realidades paralelas, el Synchronotron es el índice del código maestro de la Ley del Tiempo, la frecuencia universal de sincronización.', 'Solamente en una condición del ser auto-reflexiva se puede obtener el conocimiento de la Ley del Tiempo. El descubrimiento de la Ley del Tiempo define la etapa entre la consciencia simple, que es de un momento a otro, y la consciencia continua. El conocimiento de la Ley del Tiempo hace distinción entre la experiencia mística máxima, que generalmente es individualista, y la consciencia continua, que se introduce en el colectivo telepáticamente. La consciencia continua es dependiente de la participación mental de las estructuras de inteligencia por las que es conocido el tiempo cuatridimensional.', '02.09', 0, 0, 2, 151200, -2719, -2699, '2.719 - 2.699 A.C.', 1, 01, NULL, 0, 0, 1, 21, 1, 21, 1, 21, 02, 08, 2, 32, 20, 2, 02, 01, 06, 1, 138, 125, 151, 240),
(022, 'Viento Solar Blanco', 'el Espíritu Solar', 'Yo pulso con el fin de Comunicar, realizando el Aliento. Sello la Entrada del Espíritu con el tono Solar de la Intención. Me guía el poder del Sin-Fín. Soy un Portal de Activación Galáctica, entra en mí.', 'El cerebro noosférico es una función del Perceptor Holomental, el esquema de la mente cósmica colectiva superpuesta en el cerebro individual por cosmosis psíquica y allí es enseñada e impulsada hacia otras personas hasta que la noosfera se ilumina.', 'Los sistemas estelares evolucionados superiores y demás órdenes galácticos pueden investigar otros sistemas estelares menos evolucionados a través de diversas formas avanzadas de viaje en el tiempo, pero no pueden interferir en modo alguno con la corriente de consciencia hasta que esta haya evolucionado al punto de la consciencia auto-reflexiva del momento a momento. Sólo está permitido el conocimiento o reconocimiento telepático mutuo.', '02.01', 0, 0, 1, 158400, -2699, -2679, '2.699 - 2.679 A.C.', 1, 01, NULL, 0, 0, 1, 22, 1, 22, 1, 22, 02, 09, 2, 33, 20, 3, 02, 02, 06, 2, 217, 178, 152, 239),
(023, 'Noche Planetaria Azul', 'la Abundancia Planetaria', 'Yo perfecciono con el fin de Soñar, produciendo la Intuición. Sello la Entrada de la Abundancia con el tono Planetario de la Manifestación. Me guía el poder de la Magia.', 'El número precede al pensamiento; todas las manifestaciones físicas son causadas desde la matriz del número. La cosmología de la Ley del Tiempo es en última instancia un número puro gobernado por el orden matemático del 2(0) –duplicación binaria­– por ejemplo el ADN tiene 64 codones (1,2,4,8,16,32,64).', 'El diseño radial de la frecuencia de sincronización 13:20 mantiene el orden en movimiento. En la tercera dimensión, la duración de la forma geométrica mantiene el orden del tiempo. El incremento de niveles de complejidad consciente aumenta la incidencia de la geometría como variedad de formas dentro de los procesos de la vida del reino orgánico, en un principio inconscientemente, y luego conscientemente.', '02.10', 0, 0, 2, 165600, -2679, -2660, '2.679 - 2.660 A.C.', 1, 01, NULL, 0, 0, 1, 23, 1, 23, 1, 23, 02, 10, 2, 34, 20, 4, 02, 03, 06, 3, 036, 231, 153, 238),
(024, 'Semilla Espectral Amarilla', 'el Florecimiento Espectral', 'Yo disuelvo con el fin de Atinar, divulgando la Atención. Sello la Entrada del Florecimiento con el tono Espectral de la Liberación. Me guía mi propio Poder duplicado. ', 'La Ascensión Cósmica gobierna la segunda dimensión del tiempo. La Ascensión Cósmica es el resultado de la maestría de un control de la mente superior. La segunda dimensión del tiempo es una función de la cuarta esfera mental: consciente continuo, hiperplasma beta-alfa del control de la mente superior.', 'En el orden biosférico, todas las funciones inorgánicas y orgánicas constituyen un único proceso unitario llamado proceso biogeoquímico. El proceso biogeoquímico está mantenido por un intercambio químico-energético auto-mutante conocido como la migración biogénica de los átomos.', '02.11', 0, 0, 2, 172800, -2660, -2640, '2.660 - 2.640 A.C.', 1, 01, NULL, 0, 0, 1, 24, 1, 24, 1, 24, 02, 11, 2, 35, 20, 5, 02, 04, 06, 4, 115, 024, 154, 237),
(025, 'Serpiente Cristal Roja', 'la Fuerza Vital Cristal', 'Yo me dedico a con el fin de Sobrevivir, universalizando el Instinto. Sello el Almacén de la Fuerza Vital con el tono Cristal de la Cooperación. Me guía el poder de la Navegación.', 'Una unidad psi crono es una estructura del tiempo con contenido de información específica experimentada como una configuración particular de la psi. La noosfera es la matriz auto-generadora de energía psi magnetizada por la esfera planetaria viva.', 'El campo entero de la masa estelar es conocido como el heliocosmos. La autocorrección de la disfunción biosférica del tiempo artificial de la Tierra, es el punto crítico en la preparación del heliocosmos local, para su ascenso evolutivo concurrente en el nivel de la quinta fuerza de las funciones cromáticas galácticas. Las cromáticas galácticas de la quinta fuerza son el orden de quinta dimensión de las funciones conscientes subliminales, que inducen una espiral evolutiva puramente espiritual dentro de una masa estelar dada.', '02.12', 0, 0, 2, 180000, -2640, -2620, '2.640 - 2.620 A.C.', 1, 01, NULL, 0, 0, 1, 25, 1, 25, 1, 25, 02, 12, 2, 36, 21, 1, 02, 05, 07, 1, 194, 077, 155, 236),
(026, 'Enlazador de Mundos Cósmico Blanco', 'la Muerte Cósmica', 'Yo perduro con el fin de Igualar, trascendiendo la Oportunidad. Sello el Almacén de la Muerte con el tono Cósmico de la Presencia. Me guía el poder del Corazón.', 'El Perceptor Holomental es la séptima esfera mental, Sirio Beta-52 –La Mente Radial Omnisciente– La llave a la Unificación Universal de la consciencia. Aquí, la Mente se experimenta como un horizonte puramente colectivo telepáticamente unido a un agregado de los centros de la mente evolucionada o cerebros galácticos distribuidos por todo el universo (s).', 'La RAP es el advenimiento de la espora de arte planetaria y la evolución hiperorgánica en la Era Psicozoica. En la Era Psicozoica inducida por la RAP, la síntesis evolutiva del cristal (32) y del ADN (64), conscientemente regulada por la Ley del Tiempo (13:20), crea un campo unificado noosféricamente de vida planetaria, cuya suma de interacciones de vida constituye una espora de arte planetaria: la Nave del Tiempo Tierra 2013, trasmutada en una unidad estelar-galáctica para el intercambio, transformación y comunicación de los impulsos de energía universal.', '02.13', 1, 0, 2, 187200, -2620, -2601, '2.620 - 2.601 A.C.', 1, 01, NULL, 0, 0, 1, 26, 1, 26, 1, 26, 02, 13, 2, 37, 21, 2, 02, 06, 07, 2, 013, 130, 156, 235),
(027, 'Mano Magnética Azul', 'la Realización Magnética', 'Yo unifico con el fin de Conocer, atrayendo la Curación. Sello el Almacén de la Realización con el tono Magnético del Propósito. Me guía mi propio Poder duplicado. ', 'Synchronotron es el compendio y tablero de juego del espectro completo de las armónicas celestes que definen la ascensión evolutiva de la consciencia cósmica. Las armónicas celestes son el sistema de coordenadas que establecen el orden sincrónico del universo en un momento dado.', 'El orden sincrónico del universo regulado por la frecuencia del tiempo común universal 13:20, está organizado como sistemas de armónicas celestes. La coordinación de las armónicas celestes sólo es factible con las herramientas correctas del Calendario de Trece Lunas, el Telektonon, y el Encantamiento del Sueño.', '02.14', 0, 0, 2, 194400, -2601, -2581, '2.601 - 2.581 A.C.', 2, 05, NULL, 0, 0, 1, 27, 2, 01, 1, 27, 03, 01, 2, 38, 21, 3, 02, 07, 07, 3, 092, 027, 157, 234),
(028, 'Estrella Lunar Amarilla', 'la Elegancia Lunar', 'Yo polarizo con el fin de Embellecer, estabilizando el Arte. Sello el Almacén de la Elegancia con el tono Lunar del Desafío. Me guía el poder del Fuego Universal.', 'El Ser Galáctico es tanto un orden sintetizado de consciencia como la estructura de la galaxia misma; es el ser unitario que resume todos los aspectos de la vida de la galaxia entera –un ser monumental de escala inimaginable.', 'El período del ajuste crítico está definido por la transición biosfera-noosfera. La causa principal que provoca la crisis de la transición biosfera-noosfera es la separación de la función AC de la función CA, agravada por la desviación del tiempo artificial 12:60 de la norma biosférica 13:20.', '02.15', 0, 0, 2, 201600, -2581, -2561, '2.581 - 2.561 A.C.', 2, 05, NULL, 0, 0, 1, 28, 2, 02, 1, 28, 03, 02, 2, 39, 21, 4, 02, 08, 07, 4, 171, 080, 158, 233),
(029, 'Luna Eléctrica Roja', 'el Agua Universal Eléctrica', 'Yo activo con el fin de Purificar, vinculando el Flujo. Sello el Proceso del Agua Universal con el tono Eléctrico del Servicio. Me guía el poder del Espacio.', 'La matriz 441 contiene nueve dimensiones del tiempo, cada una con 49 unidades (7x7). El 441, está en el centro de la novena dimensión del tiempo, y es el lugar del Consejo Estelar Omnigaláctico desde el cual se origina todo el sistema de cubo 11-dimensional de los patrones de vida y pensamiento galáctico.', 'El cultivo de la teleportación sensorial a través de mantener una geometría proyectiva coordinada de acuerdo a los conjuntos potenciales del vector tiempo, organizada por una multiplicidad colectiva de estaciones o puntos planetarios, establece un campo consciente continuo conocido como la matriz telepática. La matriz telepática no se crea como una función abstracta, sino que es la necesidad evolutiva de la transición biosfera-noosfera.', '02.16', 0, 0, 2, 208800, -2561, -2541, '2.561 - 2.541 A.C.', 2, 06, NULL, 0, 0, 1, 29, 2, 03, 1, 29, 03, 03, 2, 40, 21, 5, 02, 09, 08, 1, 250, 133, 159, 232),
(030, 'Perro Autoexistente Blanco', 'el Corazón Autoexistente', 'Yo defino con el fin de Amar, midiendo la Lealtad. Sello el Proceso del Corazón con el tono Autoexistente de la Forma. Me guía el poder de la Muerte. Soy un Kin Polar, convierto el Espectro Galáctico Blanco. ', 'El circuito 1, contiene 80 unidades; es el circuito exterior integral de la unidad. Coordina los cambios en la manifestación de la forma exterior. Arquetipos: Compasivo y Sanadora. Entra en el Consejo Mercurial del Corazón Purificado.', 'El reordenamiento armónico del orden sincrónico a través de las transducciones biogeoquímicas son casos especiales de ejercicios de teleportación sensorial en los que la geometría pulsar del tiempo de la onda encantada es utilizada conscientemente para revertir el giro atómico y molecular. Las potencialidades del vector tiempo están coordinadas desde el interior del banco psi, y colocadas de forma biogeoquímica dentro de un campo telepático. Al utilizar técnicas de teleportación sensorial colectiva, una corrupción particular puede diluirse de nuevo a su condición original de potencialidad no-existente y/o ser liberada como radiancia atmosférica.', '02.17', 1, 1, 2, 216000, -2541, -2522, '2.541 - 2.522 A.C.', 2, 06, NULL, 0, 0, 1, 30, 2, 04, 1, 30, 03, 04, 2, 41, 22, 1, 02, 10, 08, 2, 069, 186, 160, 231),
(031, 'Mono Entonado Azul', 'la Magia Entonada', 'Yo confiero poder con el fin de Jugar, comandando la Ilusión. Sello el Proceso de la Magia con el tono Entonado de la Radiancia. Me guía el poder de la Autogeneración.', 'Todo el conocimiento místico se abre mediante la llave del 11. El conocimiento místico es la fuerza invisible y matriz que subyace al aparente orden de realidad.', 'La inteligencia que opera por la Ley del Tiempo finalmente tiene la base de conocimiento correcta para identificar al holón. Cuando el holón es adecuadamente entendido como un patrón psicogenético cuatridimensional, o como el doble de la entidad tridimensional, el conocimiento espiritual preciso es restablecido y el ego es reducido o reemplazado en favor del desarrollo del holón.', '02.18', 0, 0, 2, 223200, -2522, -2502, '2.522 - 2.502 A.C.', 2, 07, NULL, 0, 0, 1, 31, 2, 05, 1, 31, 03, 05, 2, 42, 22, 2, 02, 11, 08, 3, 148, 239, 161, 230),
(032, 'Humano Rítmico Amarillo', 'la Libre Voluntad Rítmica', 'Yo organizo con el fin de Influenciar, equilibrando la Sabiduría. Sello el Proceso de la Libre Voluntad con el tono Rítmico de la Igualdad. Me guía mi propio Poder duplicado. ', 'Hunab Ku es el poder de auto-creación. Hunab Ku 21 es el gran Telektonon (Tubo parlante del Espíritu de la Tierra) de la que se deriva la Profecía del Telektonon de Pacal Votan.', 'La construcción del vehículo de transporte es a través de un proceso de visualización totalmente holográfico, la energía mental se incorpora en el volumen hexagonal de la forma, punto de partida de la potencialidad del vector tiempo que define una de las terminaciones del cristal, el punto del objetivo en el tiempo que define el otro punto de terminación del cristal. La propulsión telepática del cristal es proporcional al total de claridad mental.', '02.19', 0, 0, 2, 230400, -2502, -2482, '2.502 - 2.482 A.C.', 2, 07, NULL, 0, 0, 1, 32, 2, 06, 1, 32, 03, 06, 2, 43, 22, 3, 02, 12, 08, 4, 227, 032, 162, 229),
(033, 'Caminante del Cielo Resonante Rojo', 'el Espacio Resonante', 'Yo canalizo con el fin de Explorar, inspirando la Vigilancia. Sello la Salida del Espacio con el tono Resonante de la Sintonización. Me guía el poder de la Fuerza Vital.', 'El tiempo-espacio de la noosfera está informado por una estructura universal subyacente de organizadores del campo telepático que son las funciones de una matriz matemática 21x21, el 441, que incluye las plantillas de frecuencia 13:20 de los códigos sincrónicos.', 'La personalidad alternativa junto a otras personalidades alternativas entra al tubo de flujo el cual es captado por la proyección de los electrones mentales y electrones-neutrones mentales (cultivados a través de la creación del Heptágono de la Mente/Partón Cúbico Primario). La interacción del patrón de los electrones-neutrones mentales focalizada dentro del campo electromagnético del sistema de tubo de flujo, establece un patrón de onda que proporciona los medios de transporte para la \'tripulación\' telepática del viaje en el tiempo.', '02.20', 0, 0, 2, 237600, -2482, -2463, '2.482 - 2.463 A.C.', 2, 08, NULL, 0, 0, 1, 33, 2, 07, 1, 33, 03, 07, 2, 44, 22, 4, 02, 13, 09, 1, 046, 085, 163, 228),
(034, 'Mago Galáctico Blanco', 'la Atemporalidad Galáctica', 'Yo armonizo con el fin de Encantar, modelando la Receptividad. Sello la Salida de la Atemporalidad con el tono Galáctico de la Integridad. Me guía el poder del Sin-Fín.', 'El recíproco de 7 (142 857) es el número cíclico perfecto, donde la misma secuencia se recicla a través de diferentes permutaciones. El siete es la llave a la ley y cosmología del tiempo y del número: la llave para viajar en el tiempo.', 'La solarización radial de las funciones sensoriales hiperorgánicas constituye un cambio evolutivo biopsíquico según el cual una versión análoga superior de la fotosíntesis de las plantas ocurre ahora como un tipo de fotosíntesis multisensorial en la que los órganos sensoriales son hiperextendidos radiosónicamente. La hiperextensión radiosónica de los órganos sensoriales da lugar a la creación espontánea de conjuntos de electrones mentales, electrones neutrones mentales y fotones mentales, que corresponden a las diferentes funciones sensoriales, es decir, electrones mentales auditivos, etc.', '02.21', 0, 0, 2, 244800, -2463, -2443, '2.463 - 2.443 A.C.', 2, 08, NULL, 0, 0, 1, 34, 2, 08, 1, 34, 03, 08, 2, 45, 22, 5, 02, 14, 09, 2, 125, 138, 164, 227),
(035, 'Águila Solar Azul', 'la Visión Solar', 'Yo pulso con el fin de Crear, realizando la Mente. Sello la Salida de la Visión con el tono Solar de la Intención. Me guía el poder de la Magia.', 'Operando la información por una simultaneidad radial, se ‘superponen’ de modo que los conjuntos de correspondencias se establecen entre unidades análogas de diferentes matrices de forma simultánea.', 'La inteligencia coordinada de la masa radiosónica colectiva aumenta las exploraciones de investigación en las funciones conscientes subliminales postorgánicas. Las funciones vitales análogas superiores son ahora experimentadas como episodios de transacciones de energías elevadas cuyas características puntuales se asemejan a la animación de entidades de dimensiones superiores hasta ahora indetectables o desconocidas.', '02.22', 0, 0, 2, 252000, -2443, -2423, '2.443 - 2.423 A.C.', 1, 03, NULL, 0, 0, 1, 35, 2, 09, 1, 35, 03, 09, 2, 46, 23, 1, 02, 15, 09, 3, 204, 191, 165, 226),
(036, 'Guerrero Planetario Amarillo', 'la Inteligencia Planetaria', 'Yo perfecciono con el fin de Cuestionar, produciendo la Intrepidez. Sello la Salida de la Inteligencia con el tono Planetario de la Manifestación. Me guía el poder del Florecimiento.', 'El Sistema del Cubo es el Orden Universal, una nueva espiritualidad galáctica más allá de la ciencia y la religión. La radiancia es la clave; es lo que hace que la inteligencia humana sea como la de las ballenas y los delfines.', 'El compostaje radiosónico transduce en luz la identidad tridimensional restante. Este momento de excitación estelar libera la evolución final de los conjuntos del holón cuatridimensional de la personalidad alternativa, la masa radiosónica colectiva, hacia una condición pura de encuentros transmigratorios de súper a subliminal de la nave del alma. La llegada a esta condición representa el límite de la aplicación de las armónicas celestes como el índice de las potencialidades del vector tiempo dentro de un determinado macro orden, la galaxia.', '03.07', 0, 0, 2, 259200, -2423, -2404, '2.423 - 2.404 A.C.', 1, 03, NULL, 0, 0, 1, 36, 2, 10, 1, 36, 03, 10, 2, 47, 23, 2, 02, 16, 09, 4, 023, 244, 166, 225),
(037, 'Tierra Espectral Roja', 'la Navegación Espectral', 'Yo disuelvo con el fin de Evolucionar, divulgando la Sincronía. Sello la Matriz de la Navegación con el tono Espectral de la Liberación. Me guía mi propio Poder duplicado. ', 'El 8º circuito dentro de la 9ª dimensión del tiempo (tiempo interior) define y describe el hiperpartón, una partícula hiperdimensional que contiene todas las cargas de energía eléctrica primaria del universo.', 'El retorno de la masa colectiva radiosónica en el tiempo hiperdimensional post-orgánico, el \'futuro absoluto\', representa una liberación resonante de la masa estelar en excitación de la supernova proyectando nuevamente el tiempo en la materia como forma inorgánica del pensamiento preconsciente. Una vez registrada en el consciente subliminal post-orgánico, la masa colectiva resonante asume su rol o posición en los órdenes angélicos como un programa angélico piloto.', '03.08', 0, 0, 2, 266400, -2404, -2384, '2.404 - 2.384 A.C.', 1, 03, NULL, 0, 0, 1, 37, 2, 11, 1, 37, 03, 11, 2, 48, 23, 3, 02, 17, 10, 1, 102, 037, 167, 224),
(038, 'Espejo Cristal Blanco', 'el Sin-Fín Cristal', 'Yo me dedico a con el fin de Reflejar, universalizando el Orden. Sello la Matriz del Sin-Fín con el tono Cristal de la Cooperación. Me guía el poder del Corazón.', 'En las estaciones del arca puedes concentrarte a través de la mente meditativa en los puntos clave de transmisión. Las instrucciones están inscritas ya, lo que evoluciona es el descubrimiento de las instrucciones que a continuación deben ser aprendidas e incorporadas.', 'Para cualquier universo paralelo, la evolución del tiempo como consciencia procede en el mismo orden que para el universo primario o cerebro galáctico. El orden holonómico de Dios no hace distinción entre universos paralelos, pero lleva un registro de cada tipo que existe, así como la fase del tiempo que está manifestando en cualquier punto del orden sincrónico. El Cerebro Galáctico, del que nuestra Tierra y Sol son un orden planetario estelar, puede ser un universo paralelo para uno o cualquier cantidad de cerebros galácticos.', '03.09', 0, 0, 2, 273600, -2384, -2364, '2.384 - 2.364 A.C.', 1, 03, NULL, 0, 0, 1, 38, 2, 12, 1, 38, 03, 12, 2, 49, 23, 4, 02, 18, 10, 2, 181, 090, 168, 223),
(039, 'Tormenta Cósmica Azul', 'la Autogeneración Cósmica', 'Yo perduro con el fin de Catalizar, trascendiendo la Energía. Sello la Matriz de la Autogeneración con el tono Cósmico de la Presencia. Me guía el poder de la Abundancia. Soy un Portal de Activación Galáctica, entra en mí.', 'Telektonon es el nombre de la bendición recibida por aquellos que dominan la Ley del Cubo.', 'Todo es número. Dios es un número. Dios está en todo.', '02.04', 0, 0, 1, 280800, -2364, -2345, '2.364 - 2.345 A.C.', 1, 03, NULL, 0, 0, 1, 39, 2, 13, 1, 39, 03, 13, 2, 50, 23, 5, 02, 19, 10, 3, 260, 143, 169, 222),
(040, 'Sol Magnético Amarillo', 'el Fuego Universal Magnético', 'Yo unifico con el fin de Iluminar, atrayendo la Vida. Sello la Matriz del Fuego Universal con el tono Magnético del Propósito. Me guía mi propio Poder duplicado. ', 'El 441 es un programa de entrenamiento del lenguaje telepático Siriano. El método para aprender este lenguaje es el del orden sincrónico.', 'La Ley del Tiempo cuatridimensional gobierna el orden sincrónico del mundo de las apariencias tridimensionales. El orden sincrónico es un principio cuatridimensional que se conforma a la frecuencia 13:20 en todas y cada una de sus posibilidades variables.', '03.10', 1, 0, 2, 288000, -2345, -2325, '2.345 - 2.325 A.C.', 1, 03, NULL, 0, 0, 1, 40, 2, 14, 1, 40, 04, 01, 2, 51, 24, 1, 02, 20, 10, 4, 079, 040, 170, 221),
(041, 'Dragón Lunar Rojo', 'el Nacimiento Lunar', 'Yo polarizo con el fin de Nutrir, estabilizando el Ser. Sello la Entrada del Nacimiento con el tono Lunar del Desafío. Me guía el poder del Espacio.', 'Toda realidad está unificada por la sincronicidad. Esta es la enseñanza fundamental de la Ley del Tiempo. Los patrones de la sincronicidad son funciones de ciertas matrices matemáticas que pueden ser definidas, demostradas y fácilmente aprendidas.', 'La fuente de la frecuencia del tiempo es Dios, quien es visualizado en el centro del Cerebro Galáctico. Desde este centro, la suprema inteligencia coordinadora de Dios irradia simultáneamente a los puntos del Cerebro Galáctico en todos los Cerebros Galácticos que constituyen el orden universal del diseño de Dios. El movimiento del tiempo como evolución de la consciencia es liberado desde el centro como energía y retorna al centro como mente.', '03.11', 0, 0, 2, 295200, -2325, -2305, '2.325 - 2.305 A.C.', 1, 01, NULL, 0, 0, 1, 41, 2, 15, 1, 41, 04, 02, 2, 52, 24, 2, 03, 01, 11, 1, 158, 093, 171, 220),
(042, 'Viento Eléctrico Blanco', 'el Espíritu Eléctrico', 'Yo activo con el fin de Comunicar, vinculando el Aliento. Sello la Entrada del Espíritu con el tono Eléctrico del Servicio. Me guía el poder de la Muerte.', 'El Perceptor Holomental es una matriz del cubo 441 (21x21). Sus circuitos son resoluciones de las nueve dimensiones del tiempo, inclusive de los cuatro cuadrantes de espacio. Las interacciones entre los cuadrantes de los canales principales del tiempo y el espacio crean diferentes puntos eventos dentro del Perceptor Holomental.', 'El compuesto de las diferencias de la evolución en el tiempo entre las masas estelares en un momento dado, con el tiempo, crean el espectro de la gama completa de posibilidades en la progresión de la energía-mente que define el flujo continuo del tiempo y de la consciencia que constituye el Cerebro Galáctico.', '03.12', 0, 0, 2, 302400, -2305, -2285, '2.305 - 2.285 A.C.', 1, 01, NULL, 0, 0, 1, 42, 2, 16, 1, 42, 04, 03, 2, 53, 24, 3, 03, 02, 11, 2, 237, 146, 172, 219),
(043, 'Noche Autoexistente Azul', 'la Abundancia Autoexistente', 'Yo defino con el fin de Soñar, midiendo la Intuición. Sello la Entrada de la Abundancia con el tono Autoexistente de la Forma. Me guía el poder de la Autogeneración. Soy un Portal de Activación Galáctica, entra en mí.', 'El número es Eterno. Su cosmología es auto-existente y siempre presente; la iluminación eterna de la simultaneidad del orden cósmico.', 'En el Cerebro Galáctico, la vida es un reflejo secundario. En su condición inconsciente, la vida está informada por el orden y las estructuras preconscientes del reino inorgánico. En su condición superconsciente, la vida está informada por el consciente subliminal y los órdenes del reino post-orgánico o post-vida.', '03.01', 0, 0, 1, 309600, -2285, -2266, '2.285 - 2.266 A.C.', 1, 01, NULL, 0, 0, 1, 43, 2, 17, 1, 43, 04, 04, 2, 54, 24, 4, 03, 03, 11, 3, 056, 199, 173, 218),
(044, 'Semilla Entonada Amarilla', 'el Florecimiento Entonado', 'Yo confiero poder con el fin de Atinar, comandando la Atención. Sello la Entrada del Florecimiento con el tono Entonado de la Radiancia. Me guía el poder de la Libre Voluntad.', 'La Matriz Tiempo contiene el calendario de 13 Lunas o el tiempo secuencial ubicado en las cuatro dimensiones del tiempo exterior. La radialización de todas las funciones mentales y sensoriales también se producen en estas cuatro dimensiones del tiempo exterior, cada una gobernada por una esfera mental y un hiperplasma.', 'Una vez que el elemento agua ha sido inducido termoeléctricamente, la condición primordial para el reflejo secundario, la vida, es establecida en el orden planetario en evolución como la interacción auto-generadora de las funciones químicas lumínicas y térmicas. La síntesis de la luz en las plantas es directamente proporcional a la capacidad del procesamiento del agua regulado térmicamente del sistema radicular.', '03.13', 0, 0, 2, 316800, -2266, -2246, '2.266 - 2.246 A.C.', 1, 01, NULL, 0, 0, 1, 44, 2, 18, 1, 44, 04, 05, 2, 55, 24, 5, 03, 04, 11, 4, 135, 252, 174, 217),
(045, 'Serpiente Rítmica Roja', 'la Fuerza Vital Rítmica', 'Yo organizo con el fin de Sobrevivir, equilibrando el Instinto. Sello el Almacén de la Fuerza Vital con el tono Rítmico de la Igualdad. Me guía mi propio Poder duplicado. ', 'Lo que los humanos llamamos memoria es simplemente lo que sus órganos de los sentidos tienen registrados y reportados. Cuando el aparato humano se retira de los estímulos de la experiencia física condicionada 3D de los órganos de los sentidos, y se conecta con el aparato extrasensorial 5D, experimenta otra realidad.', 'El banco psi es el cerebro de la biosfera, la fuerza motriz de la evolución del tiempo y la consciencia que regula las etapas evolutivas de la biosfera. Como el repositorio de todos los pensamientos, inconscientes y conscientes, el banco psi permanece en el inconsciente instintivo hasta el advenimiento del pensamiento auto-reflexivo. La noosfera es el banco psi convertido en el regulador consciente continuo de la vida.', '03.14', 0, 0, 2, 324000, -2246, -2226, '2.246 - 2.226 A.C.', 1, 01, NULL, 0, 0, 1, 45, 2, 19, 1, 45, 04, 06, 2, 56, 25, 1, 03, 05, 12, 1, 214, 045, 175, 216),
(046, 'Enlazador de Mundos Resonante Blanco', 'la Muerte Resonante', 'Yo canalizo con el fin de Igualar, inspirando la Oportunidad. Sello el Almacén de la Muerte con el tono Resonante de la Sintonización. Me guía el poder del Sin-Fín.', 'La primera esfera mental, Preconsciente, es la base de la creación cósmica; lo insondable puro, la mente sin dirección desde la cual todo surge. Se activa por los estados de samadhi profundo.', 'El Encantamiento del Sueño, el Viaje de la Nave Tiempo Tierra 2013, es el repositorio de la suma del conocimiento de la Ley del Tiempo como un conjunto completo de códigos que demuestran la matemática radial de la cuarta dimensión. Tanto el Calendario de Trece Lunas, como el Telektonon, están derivados e integrados en los códigos del Encantamiento del Sueño.', '03.15', 0, 0, 2, 331200, -2226, -2207, '2.226 - 2.207 A.C.', 1, 01, NULL, 0, 0, 1, 46, 2, 20, 1, 46, 04, 07, 2, 57, 25, 2, 03, 06, 12, 2, 033, 098, 176, 215),
(047, 'Mano Galáctica Azul', 'la Realización Galáctica', 'Yo armonizo con el fin de Conocer, modelando la Curación. Sello el Almacén de la Realización con el tono Galáctico de la Integridad. Me guía el poder de la Magia.', 'Los siete chacras son portales al sistema del Cubo 441. Los chacras son vórtices de energía y conductores de energía electromagnética que sirven como centros de control para la transformación de las energías etéricas y sutiles.', 'La conclusión exitosa del Telektonon-Proyecto Rinri es el restablecimiento de la primacía de la AC y la reintegración de la CA, ahora definida como Consciencia Cósmica. La fusión (13:20) de la Continuidad Aborigen (32) y la Consciencia Cósmica (64) define la condición simbiótica de la escala humano-biosfera-noosfera que caracteriza la era Psicozoica.', '03.16', 0, 0, 2, 338400, -2207, -2187, '2.207 - 2.187 A.C.', 3, 13, 16, 0, 0, 1, 47, 2, 21, 1, 47, 04, 08, 2, 58, 25, 3, 03, 07, 12, 3, 112, 151, 177, 214);
INSERT INTO `kin` (`ide`, `nom`, `pod`, `des`, `des_umb`, `des_tie`, `psi`, `tel_pak`, `val_est`, `pag`, `fac`, `fac_ini`, `fac_fin`, `fac_ran`, `ene`, `ene_cam`, `chi`, `enc_ini`, `enc_fin`, `gen_enc`, `gen_enc_dia`, `gen_cel`, `gen_cel_dia`, `nav_cas`, `nav_cas_dia`, `nav_ond`, `nav_ond_dia`, `cro_est`, `cro_est_dia`, `cro_ele`, `cro_ele_dia`, `arm_tra`, `arm_tra_dia`, `arm_cel`, `arm_cel_dia`, `par_ana`, `par_gui`, `par_ant`, `par_ocu`) VALUES
(048, 'Estrella Solar Amarilla', 'la Elegancia Solar', 'Yo pulso con el fin de Embellecer, realizando el Arte. Sello el Almacén de la Elegancia con el tono Solar de la Intención. Me guía el poder del Florecimiento.', '441 es la matriz de todas las frecuencias de resonancia y sonido subyacentes, mantenidas unidas por una gama de tonalidades de 55 octavas (440 = \'Do 55\'). En el centro de esta matriz está el tono maestro 441, \'Do 56\': La reverberación del RANG primordial desde donde el universo fue constituido y surgió.', 'La práctica del yoga, genéricamente entendida, es un requisito previo para cualquier consideración del viaje en el tiempo. El viaje en el tiempo es la función de una sensación corporal interna del circuito biopsíquico integrado AC-CA, que puede ser experimentada y afianzada uniformemente en una directriz única o forma de energía concentrada.', '03.17', 0, 0, 2, 345600, -2187, -2167, '2.187 - 2.167 A.C.', 3, 13, 01, 0, 0, 1, 48, 2, 22, 1, 48, 04, 09, 2, 59, 25, 4, 03, 08, 12, 4, 191, 204, 178, 213),
(049, 'Luna Planetaria Roja', 'el Agua Universal Planetaria', 'Yo perfecciono con el fin de Purificar, produciendo el Flujo. Sello el Proceso del Agua Universal con el tono Planetario de la Manifestación. Me guía el poder de la Navegación.', 'El 252 es una frecuencia suprema (21x12, 36x7, 28x9) y establece el poder de la esfera cósmica supermental/superconsciente en la quinta dimensión del tiempo. Desde este punto, el corazón radiante del cuerpo etérico del destino, holón 4-D, se activa estableciendo el plano electromagnético. El calor Rojo de la divinidad masculina despierta en el campo de fuerza de la Estación Intermedia AA.', 'El Puente Arco Iris Circumpolar sintetiza las funciones análogas de los campos de resonancia biopsíquico, electromagnético y geomagnético, en una correspondencia entre la identificación axial del cuerpo planetario y humano, y la proyección telepática colectiva simultánea.', '03.18', 0, 0, 2, 352800, -2167, -2147, '2.167 - 2.147 A.C.', 3, 13, 64, 0, 0, 1, 49, 2, 23, 1, 49, 04, 10, 2, 60, 25, 5, 03, 09, 13, 1, 010, 257, 179, 212),
(050, 'Perro Espectral Blanco', 'el Corazón Espectral', 'Yo disuelvo con el fin de Amar, divulgando la Lealtad. Sello el Proceso del Corazón con el tono Espectral de la Liberación. Me guía mi propio Poder duplicado. Soy un Kin Polar, transporto el Espectro Galáctico Blanco. Soy un Portal de Activación Galáctica, entra en mí.', 'El circuito 8, contiene 24 unidades y es el circuito eléctrico del hiperpartón. Coordina la electricidad cósmica de cualquier cuerpo celeste determinado. Arquetipos: Suma Sacerdotisa y Navegante. Entra en el Consejo Uraniano de las Comunicaciones Evolutivas.', 'La reorganización armónica del orden sincrónico es múltiplemente estética: las reorganizaciones genéticas atómico-celulares son intrínsecamente estéticas; las técnicas y las armónicas celestes de reorganización son estéticas por diseño; las formas sociales requeridas para evolucionar las técnicas son biológicamente estéticas. Por la ley T(E)=Arte, la RAP abarca todas y cada una de las cosas como un orden de sistemas enteros elevando la consciencia instintiva hacia órdenes telepáticos del consciente continuo y superconsciente.', '04.01', 0, 1, 1, 360000, -2147, -2128, '2.147 - 2.128 A.C.', 3, 13, 49, 0, 0, 1, 50, 2, 24, 1, 50, 04, 11, 2, 61, 26, 1, 03, 10, 13, 2, 089, 050, 180, 211),
(051, 'Mono Cristal Azul', 'la Magia Cristal', 'Yo me dedico a con el fin de Jugar, universalizando la Ilusión. Sello el Proceso de la Magia con el tono Cristal de la Cooperación. Me guía el poder de la Abundancia. Soy un Portal de Activación Galáctica, entra en mí.', 'La novena dimensión del tiempo, tiempo interior, está coordinada por el Consejo Estelar de Sirio quien radializa las órdenes del tiempo en una única lente de la totalidad. A través de esta lente múltiples reflexiones son reunidas y comunicadas como frecuencias telepáticas decodificadas diariamente sobre la matriz 441 y absorbidas en el Perceptor Holomental.', 'Debido a que el predominio CA del ciclo histórico 12:60 está absolutamente orientado y dirigido por lo masculino da lugar por tanto a una distorsión de los roles femeninos, la energía psíquica reprimida canalizada hacia la personalidad secundaria del doble holón tiende a tipos andróginos donde las características de la personalidad masculina y femenina se combinan en diversos grados de poder expresivo.', '04.04', 0, 0, 1, 367200, -2128, -2108, '2.128 - 2.108 A.C.', 3, 13, 48, 0, 0, 1, 51, 2, 25, 1, 51, 04, 12, 2, 62, 26, 2, 03, 11, 13, 3, 168, 103, 181, 210),
(052, 'Humano Cósmico Amarillo', 'la Libre Voluntad Cósmica', 'Yo perduro con el fin de Influenciar, trascendiendo la Sabiduría. Sello el Proceso de la Libre Voluntad con el tono Cósmico de la Presencia. Me guía el poder de la Inteligencia.', 'Los 21 nodos diferentes de Hunab Ku 21 definen 52 intervalos que establecen los circuitos de transición del campo de fuerza vulom. La comprensión de la estructura subyacente y sus principios interactivos transformativos, así como su localización en la cubierta etérica harán posible el viaje astral (tiempo), y la comunicación y transporte intergaláctico.', 'El lanzamiento y navegación del vehículo de transporte del tiempo es una función de la representación a través del tablero de viaje del Encantamiento del Sueño y el tablero de juego del Telektonon, donde las potencialidades del vector tiempo organizadas en el cuerpo de tiempo (el agente o agentes que inician el viaje) están coordinadas con las geometrías de las armónicas celestes. El Tablero del Oráculo del Encantamiento del Sueño sirve para establecer los paquetes, o naves de almas potenciales del vector tiempo de la quinta fuerza consolidadas para organizar el contacto con entidades del consciente subliminal.', '03.19', 0, 0, 2, 374400, -2108, -2087, '2.108 - 2.087 A.C.', 3, 13, 33, 0, 0, 1, 52, 2, 26, 1, 52, 04, 13, 2, 63, 26, 3, 03, 12, 13, 4, 247, 156, 182, 209),
(053, 'Caminante del Cielo Magnético Rojo', 'el Espacio Magnético', 'Yo unifico con el fin de Explorar, atrayendo la Vigilancia. Sello la Salida del Espacio con el tono Magnético del Propósito. Me guía mi propio Poder duplicado. ', 'Synchronotron es un calibrador del paso del tiempo basado en la ley del 13 y del 7 codificados en el estándar armónico 13:20/13:28. El paso del tiempo se refiere a un sistema de comunicación por el cual el universo se informa a sí mismo de diferentes potencialidades creativas.', 'En el Dominio del Tiempo, todo procede de un sentido natural de apertura al ahora. La inteligencia superior no habita otro lugar que el ahora. En el ahora está la experiencia sincrónica de la unión de la entidad tridimensional y su holón/doble cuatridimensional o personalidad alternativa.', '03.20', 0, 0, 2, 381600, -2087, -2068, '2.087 - 2.068 A.C.', 3, 13, 32, 0, 0, 1, 53, 3, 01, 2, 01, 05, 01, 2, 64, 26, 4, 03, 13, 14, 1, 066, 053, 183, 208),
(054, 'Mago Lunar Blanco', 'la Atemporalidad Lunar', 'Yo polarizo con el fin de Encantar, estabilizando la Receptividad. Sello la Salida de la Atemporalidad con el tono Lunar del Desafío. Me guía el poder de la Muerte.', 'Hay una matriz de comprensión lineal más allá de la ideología y el pensamiento dialéctico. Cuando operas las matrices del cubo 441, estás operando en el tiempo de los maestros estelares galácticos. Sintoniza y escucha.', 'La sincronización del sistema de tubo de flujo interplanetario, 2013 DA, marca el advenimiento de la ‘consciencia solar’, la estabilización de la evolución hiperorgánica superconsciente de la espora de arte planetario terrestre dentro del heliocosmos entero.', '03.21', 0, 0, 2, 388800, -2068, -2048, '2.068 - 2.048 A.C.', 3, 13, 17, 0, 0, 1, 54, 3, 02, 2, 02, 05, 02, 2, 65, 26, 5, 03, 14, 14, 2, 145, 106, 184, 207),
(055, 'Águila Eléctrico Azul', 'la Visión Eléctrica', 'Yo activo con el fin de Crear, vinculando la Mente. Sello la Salida de la Visión con el tono Eléctrico del Servicio. Me guía el poder de la Autogeneración. Soy un Kin Polar, establezco el Espectro Galáctico Azul. ', 'El Synchronotron es una base de conocimiento dimensional superior y medio de cultivo de la conciencia discriminativa, la intuición y la facilidad en la comunicación telepática.', 'La coordinación de los pulsos solar (estelar) y planetario produce una animación de funciones de vida análoga superior en el teatro de la arquitectura radiosónica. Las funciones de vida análoga superior representan un descenso de patrones de energía e información consciente subliminal post-orgánico en programas discretos del superconsciente hiperorgánico.', '03.22', 0, 1, 2, 396000, -2048, -2028, '2.048 - 2.028 A.C.', 1, 03, NULL, 0, 0, 1, 55, 3, 03, 2, 03, 05, 03, 3, 01, 27, 1, 03, 15, 14, 3, 224, 159, 185, 206),
(056, 'Guerrero Autoexistente Amarillo', 'la Inteligencia Autoexistente', 'Yo defino con el fin de Cuestionar, midiendo la Intrepidez. Sello la Salida de la Inteligencia con el tono Autoexistente de la Forma. Me guía el poder de la Libre Voluntad.', 'La proyección holográfica del Universo se transmite radialmente en todas partes al mismo tiempo. Todo es un fractal múltiple correspondiente a todo lo demás.', 'La evolución de la forma en la naturaleza es la evolución del arte desde lo pre-orgánico del inconsciente espontáneo al post-orgánico del consciente subliminal auto-reflexivo. Las diferencias variables en la evolución de la masa estelar, sincronizada en el tiempo por T(E)=Arte, son experimentadas auto-reflexivamente como momentos de excitación estelar diferentes.', '04.07', 0, 0, 2, 403200, -2028, -2009, '2.028 - 2.009 A.C.', 1, 03, NULL, 0, 0, 1, 56, 3, 04, 2, 04, 05, 04, 3, 02, 27, 2, 03, 16, 14, 4, 043, 212, 186, 205),
(057, 'Tierra Entonada Roja', 'la Navegación Entonada', 'Yo confiero poder con el fin de Evolucionar, comandando la Sincronía. Sello la Matriz de la Navegación con el tono Entonado de la Radiancia. Me guía el poder de la Fuerza Vital.', 'El cuerpo 4-D de la Tierra (V.24.3) se conoce como el ‘Holón Planetario’, una emanación o proyección holográfica del holón resonante universal.', 'La suma de actividades del orden angélico informada por el fractal de ondas libres de los patrones de inteligencia de Dios, es hiperdimensionalmente moldeada por la entrada de los niveles orgánico e hiperorgánico que le da forma a la zona fractal de onda libre del orden angélico. Esta forma se llama la Federación Galáctica.', '04.08', 1, 0, 2, 410400, -2009, -1989, '2.009 - 1.989 A.C.', 1, 03, NULL, 0, 0, 1, 57, 3, 05, 2, 05, 05, 05, 3, 03, 27, 3, 03, 17, 15, 1, 122, 005, 187, 204),
(058, 'Espejo Rítmico Blanco', 'el Sin-Fín Rítmico', 'Yo organizo con el fin de Reflejar, equilibrando el Orden. Sello la Matriz del Sin-Fín con el tono Rítmico de la Igualdad. Me guía mi propio Poder duplicado. Soy un Portal de Activación Galáctica, entra en mí.', 'Los campos de fuerza de unidad que mantienen todas las dimensiones del orden cósmico en una armonía de simultaneidad de todas las posibilidades creadoras están sincronizadas por tu propia mente participando en la presente frecuencia de creación.', 'Los universos paralelos son momentos de pensamiento coexistentes con cualquiera de los momentos de pensamiento que los cuerpos en evolución en el tiempo pueden elegir para experimentar y actuar sobre ellos. Así pues, los universos paralelos son capaces de ser experimentados fugazmente en el estado consciente, como una visualización prolongada en el consciente continuo, y como un almacén de memoria de presencias alternativas imaginarias para el superconsciente.', '03.04', 1, 0, 1, 417600, -1989, -1969, '1.989 - 1.969 A.C.', 1, 03, NULL, 0, 0, 1, 58, 3, 06, 2, 06, 05, 06, 3, 04, 27, 4, 03, 18, 15, 2, 201, 058, 188, 203),
(059, 'Tormenta Resonante Azul', 'la Autogeneración Resonante', 'Yo canalizo con el fin de Catalizar, inspirando la Energía. Sello la Matriz de la Autogeneración con el tono Resonante de la Sintonización. Me guía el poder de la Magia.', 'Observar a DIOS = habitar en la mente meditativa en un estado fractal no conceptual libre totalmente inmerso en el Momento Presente. Desde el momento Presente se abren las puertas y canales a otros tiempos y dimensiones.', 'El descubrimiento de la Ley del Tiempo distingue entre el dominio potencial del inconsciente cósmico, y el Dominio del Tiempo del consciente cósmico. Con el descubrimiento de la Ley del Tiempo, el plan divino se vuelve cósmicamente consciente; el orden sincrónico, articulado por las armónicas celestes, es ahora evidente y matemáticamente coherente en todo momento.', '04.09', 0, 0, 2, 424800, -1969, -1950, '1.969 - 1.950 A.C.', 1, 03, NULL, 0, 0, 1, 59, 3, 07, 2, 07, 05, 07, 3, 05, 27, 5, 03, 19, 15, 3, 020, 111, 189, 202),
(060, 'Sol Galáctico Amarillo', 'el Fuego Universal Galáctico', 'Yo armonizo con el fin de Iluminar, modelando la Vida. Sello la Matriz del Fuego Universal con el tono Galáctico de la Integridad. Me guía el poder del Florecimiento.', '441 es un mapa telepático fractal del campo del cuanto básico subyacente al meta-universo. Noosfera es el fractal planetario localizado del campo de información que penetra el universo.', 'La frecuencia del tiempo 13:20 mantiene el orden de los cuerpos en movimiento como el orden universal de los cuerpos en relación sincrónica entre si. Este orden sincrónico del universo es absoluto, el principio supremo que gobierna todas las relaciones de los cuerpos en el espacio entre si, ya sea estén en movimiento o estables. Ya que este orden es consciente y mentalmente perceptible, es también el orden determinante mental y telepático del universo.', '04.10', 0, 0, 2, 432000, -1950, -1930, '1.950 - 1.930 A.C.', 1, 03, NULL, 0, 0, 1, 60, 3, 08, 2, 08, 05, 08, 3, 06, 28, 1, 03, 20, 15, 4, 099, 164, 190, 201),
(061, 'Dragón Solar Rojo', 'el Nacimiento Solar', 'Yo pulso con el fin de Nutrir, realizando el Ser. Sello la Entrada del Nacimiento con el tono Solar de la Intención. Me guía el poder de la Navegación.', 'Synchronotron es un sistema del hipercubo interdimensional que engloba 7 galaxias o 7 sistemas de mundos en una simultaneidad sincrónica de consciencia telepática intergaláctica. La conexión directa se establece por el sistema vulom.', 'La consciencia continua genuina basada en el conocimiento auto-reflexivo de la Ley del Tiempo y sus matrices radiales operando en forma y número, da lugar a la creación de estructuras mentales de duración prolongada, análogas a la creación de los cristales en el reino inorgánico. El cultivo de estas estructuras mentales de duración prolongada constituye la esencia de la cultura galáctica, que se entiende como el cultivo del Cerebro Galáctico.', '04.11', 0, 0, 2, 439200, -1930, -1910, '1.930 - 1.910 A.C.', 1, 01, NULL, 0, 0, 1, 61, 3, 09, 2, 09, 05, 09, 3, 07, 28, 2, 04, 01, 16, 1, 178, 217, 191, 200),
(062, 'Viento Planetario Blanco', 'el Espíritu Planetario', 'Yo perfecciono con el fin de Comunicar, produciendo el Aliento. Sello la Entrada del Espíritu con el tono Planetario de la Manifestación. Me guía el poder del Corazón.', 'La manifestación del Perceptor Holomental es un acto de noogénesis creativa: el nacimiento a través de la mente. La consciencia telepática tiene el poder de alterar y mejorar la biología.', 'En cambio, la inteligencia telepática en los sistemas menos evolucionados puede buscar y establecer comunicación con los sistemas superiores más evolucionados. Toda la información impartida o compartida por este proceso, puede ser útil o funcionar solamente dentro de una comprensión de sistema entero del orden universal.', '04.12', 0, 0, 2, 446400, -1910, -1890, '1.910 - 1.890 A.C.', 1, 01, NULL, 0, 0, 1, 62, 3, 10, 2, 10, 05, 10, 3, 08, 28, 3, 04, 02, 16, 2, 257, 010, 192, 199),
(063, 'Noche Espectral Azul', 'la Abundancia Espectral', 'Yo disuelvo con el fin de Soñar, divulgando la Intuición. Sello la Entrada de la Abundancia con el tono Espectral de la Liberación. Me guía mi propio Poder duplicado. ', 'El espacio representa la materia; el tiempo representa la energía; el número representa la medida; el cubo representa la consciencia. El espacio se convierte en cantidad/medida; el tiempo se convierte en telepatía.', 'Todas las geometrías son momentos del pensamiento del Cerebro Galáctico, mandatos coordinados de Dios, incorporadas en las formas más eficientes posibles para ser moldeadas por el tiempo en las formas progresivas del orden consciente en evolución. Por lo tanto, todas las geometrías son, en última instancia, manifestaciones del orden sagrado.', '04.13', 0, 0, 2, 453600, -1890, -1871, '1.890 - 1.871 A.C.', 1, 01, NULL, 0, 0, 1, 63, 3, 11, 2, 11, 05, 11, 3, 09, 28, 4, 04, 03, 16, 3, 076, 063, 193, 198),
(064, 'Semilla Cristal Amarilla', 'el Florecimiento Cristal', 'Yo me dedico a con el fin de Atinar, universalizando la Atención. Sello la Entrada del Florecimiento con el tono Cristal de la Cooperación. Me guía el poder de la Inteligencia. Soy un Portal de Activación Galáctica, entra en mí.', 'La Sincronización Cósmica gobierna la tercera dimensión del tiempo. La sincronicidad activa el inconsciente. La Ley del Tiempo hace consciente lo que antes estaba inconsciente. La tercera dimensión del tiempo es una función de la segunda esfera mental: inconsciente, hiperplasma alfa-beta del samadhi informativo.', 'El aumento en la complejidad de los procesos biogeoquímicos se caracteriza por la aceleración de la migración biogénica de los átomos y la incidencia de niveles cada vez más complejos de vida induciendo la transición desde los órdenes de existencia inconsciente al consciente.', '05.01', 0, 0, 1, 460800, -1871, -1851, '1.871 - 1.851 A.C.', 1, 01, NULL, 0, 0, 1, 64, 3, 12, 2, 12, 05, 12, 3, 10, 28, 5, 04, 04, 16, 4, 155, 116, 194, 197),
(065, 'Serpiente Cósmica Roja', 'la Fuerza Vital Cósmica', 'Yo perduro con el fin de Sobrevivir, trascendiendo el Instinto. Sello el Almacén de la Fuerza Vital con el tono Cósmico de la Presencia. Me guía el poder del Agua Universal.', 'Los factores psi, \'coincidencia\' y las sincronicidades son las chispas del Synchronotron. El Synchronotron presagia la aplicación de la sincronotrónica, la tecnología de la radiosónica: la síntesis del ser humano y la naturaleza.', 'La evolución de los cuerpos planetarios de la biosfera a la noosfera, son funciones holonómicas de la evolución estelar. La sincronización de la noosfera planetaria con la programación evolutiva estelar, marca el advenimiento de la próxima era geológica, la Psicozoica. La Era Psicozoica, está definida como la secuencia normativa de la evolución del superconsciente hiperorgánico de una noosfera unificada telepáticamente.', '04.14', 0, 0, 2, 468000, -1851, -1831, '1.851 - 1.831 A.C.', 1, 01, NULL, 0, 0, 1, 65, 3, 13, 2, 13, 05, 13, 3, 11, 29, 1, 04, 05, 17, 1, 234, 169, 195, 196),
(066, 'Enlazador de Mundos Magnético Blanco', 'la Muerte Magnética', 'Yo unifico con el fin de Igualar, atrayendo la Oportunidad. Sello el Almacén de la Muerte con el tono Magnético del Propósito. Me guía mi propio Poder duplicado. ', 'El sistema 441 Synchronotron es un sistema subliminal de conocimiento con la intención de incrementar las frecuencias cerebrales y abrir la mente humana a nuevos dominios de pensamiento y reflexión en niveles cada vez más sutiles.', '2013 DA es el punto real de la sincronización del heliocosmos de la estrella local en funciones cromáticas de la quinta fuerza. Este punto, 2013 DA, define el límite de la posible aplicación de la Ley del Tiempo para lograr la máxima sincronización y restauración del sistema de tubo de flujo interplanetario, en sí dependiente de la activación de los anillos circumpolares precisamente en el 2000 DA.', '04.15', 0, 0, 2, 475200, -1831, -1812, '1.831 - 1.812 A.C.', 1, 01, NULL, 0, 0, 1, 66, 3, 14, 2, 14, 06, 01, 3, 12, 29, 2, 04, 06, 17, 2, 053, 066, 196, 195),
(067, 'Mano Lunar Azul', 'la Realización Lunar', 'Yo polarizo con el fin de Conocer, estabilizando la Curación. Sello el Almacén de la Realización con el tono Lunar del Desafío. Me guía el poder de la Autogeneración.', 'Las Matrices del Cubo 441 muestran el universo como un conjunto de numerosas dimensiones con constantes formas similares. Todas las dimensiones son unificadas y penetradas a través del eje del Eterno Ahora.', 'Las armónicas celestes representan un orden de significado intencional que sólo puede accederse por potenciales puntos vector emanando de un punto intencional en el espacio, el cuerpo en evolución de la consciencia.', '04.16', 0, 0, 2, 482400, -1812, -1792, '1.812 - 1.792 A.C.', 3, 13, 50, 0, 0, 1, 67, 3, 15, 2, 15, 06, 02, 3, 13, 29, 3, 04, 07, 17, 3, 132, 119, 197, 194),
(068, 'Estrella Eléctrica Amarilla', 'la Elegancia Eléctrica', 'Yo activo con el fin de Embellecer, vinculando el Arte. Sello el Almacén de la Elegancia con el tono Eléctrico del Servicio. Me guía el poder de la Libre Voluntad.', 'El holograma galáctico en sus ciclos evolutivos se transmite a través de rayos del tiempo desde el interior del campo de inteligencia del agujero negro en el centro de la galaxia, Hunab Ku. Los rayos son ondas de densidad que se extienden a través de la galaxia afectando a la evolución galáctica.', 'Desviación de la norma implica separación tanto dentro del aparato operativo y los procedimientos operativos del organismo desviado como entre el organismo y la propia biosfera.', '04.17', 0, 0, 2, 489600, -1792, -1772, '1.792 - 1.772 A.C.', 3, 13, 63, 0, 0, 1, 68, 3, 16, 2, 16, 06, 03, 3, 14, 29, 4, 04, 08, 17, 4, 211, 172, 198, 193),
(069, 'Luna Autoexistente Roja', 'el Agua Universal Autoexistente', 'Yo defino con el fin de Purificar, midiendo el Flujo. Sello el Proceso del Agua Universal con el tono Autoexistente de la Forma. Me guía el poder de la Fuerza Vital. Soy un Portal de Activación Galáctica, entra en mí.', 'Para cada una de las nueve dimensiones del tiempo hay una unidad coordinadora central, 4 unidades del tiempo exterior, cuatro unidades del tiempo radial y la unidad central 441. Las cuatro coordinadoras del tiempo exterior son: 245, 231, 259, 217; las cuatro coordinadoras del tiempo radial son 252, 224, 238, 266. Estudia.', 'A través de la visualización de la matriz guía de los potenciales del vector tiempo, codificada como el Telar Maya/tejido del banco psi de tripletas binarias, el consciente continuo del pulsar proyectivo y las geometrías radiativas dentro de la matriz telepática restablece la condición original de las funciones AC (cristal) CA (reflejo de la vida) en el banco psi. El reflejo de la condición original de las funciones AC-CA realizada en el organismo biopsíquico, activa la liberación del radión.', '06.01', 0, 0, 1, 496800, -1772, -1752, '1.772 - 1.752 A.C.', 3, 13, 02, 0, 0, 1, 69, 3, 17, 2, 17, 06, 04, 3, 15, 29, 5, 04, 09, 18, 1, 030, 225, 199, 192),
(070, 'Perro Entonado Blanco', 'el Corazón Entonado', 'Yo confiero poder con el fin de Amar, comandando la Lealtad. Sello el Proceso del Corazón con el tono Entonado de la Radiancia. Me guía el poder del Sin-Fín.', 'El circuito 2, contiene 72 unidades, el poder del 9 (x8). Coordina los despertares del cuerpo del destino/kármico. Arquetipos: Artista e Ilusionista. Entra en el consejo Venusino de las Artes Mágicas.', 'El giro cuatridimensional va en sentido contrario a las agujas del reloj. El giro tridimensional sigue el sentido de las agujas del reloj. En la geometría pulsar, las armónicas celestes son la coordinación de potencialidades del vector tiempo durante un periodo limitado, en la que la geometría es pulsada ‘hacia atrás’ o en sentido contrario a las agujas del reloj a través del tiempo. Telepáticamente, este movimiento hacia atrás a través del tiempo se coordina con el giro en sentido de las agujas del reloj de la estructura atómica y molecular del objeto de restauración, y se genera un giro inverso inducido mentalmente neutralizando o incluso eliminando el orden corrupto o negativo.', '04.18', 0, 0, 2, 504000, -1752, -1733, '1.752 - 1.733 A.C.', 3, 13, 15, 0, 0, 1, 70, 3, 18, 2, 18, 06, 05, 3, 16, 30, 1, 04, 10, 18, 2, 109, 018, 200, 191),
(071, 'Mono Rítmico Azul', 'la Magia Rítmica', 'Yo organizo con el fin de Jugar, equilibrando la Ilusión. Sello el Proceso de la Magia con el tono Rítmico de la Igualdad. Me guía mi propio Poder duplicado. ', 'La representación del canal 11º dimensional activa el conocimiento de todas las posibilidades de los códigos de la creación cósmica que están basados en cuatro elementos principales: número, mente, tiempo y espacio.', 'El desarrollo del holón es el instrumento principal de auto-cultivo en el tiempo cuatridimensional de la cultura galáctica. Esta forma de auto-cultivo se lleva a cabo a través de la aplicación consciente de las potencialidades del vector tiempo y la construcción de las geometrías del tiempo a través de los diseños de las armónicas celestes.', '04.19', 0, 0, 2, 511200, -1733, -1713, '1.733 - 1.713 A.C.', 3, 13, 18, 0, 0, 1, 71, 3, 19, 2, 19, 06, 06, 3, 17, 30, 2, 04, 11, 18, 3, 188, 071, 201, 190),
(072, 'Humano Resonante Amarillo', 'la Libre Voluntad Resonante', 'Yo canalizo con el fin de Influenciar, inspirando la Sabiduría. Sello el Proceso de la Libre Voluntad con el tono Resonante de la Sintonización. Me guía el poder del Florecimiento. Soy un Portal de Activación Galáctica, entra en mí.', 'Tollan es una Plantilla Estelar Maestra, un modelo de tiempo-espacio cósmico incrustada en Hunab Ku 21. En esta plantilla hay 21 estaciones o articulaciones de los flujos de energía que forman la red etérica interna de Tollan.', 'Los instrumentos de geometría radiativa floral son construcciones proyectadas de una rosa en espiral (tipo cinco pétalos), y son utilizados para exploraciones colectivas más complejas. La visualización del vehículo de transporte es totalmente holográfica, incorporándose las energías mentales dentro de la estructura floral radial, cinco puntos vectores potenciales coordinados por los cinco pétalos, estando definido el punto de partida por el estambre, y el punto del objetivo por el sistema del tallo y raíz. La proyección radiativa floral puede utilizar la intención telepática de un colectivo de personas, dependiendo de una condición de claridad mental total.', '06.04', 0, 0, 1, 518400, -1713, -1693, '1.713 - 1.693 A.C.', 3, 13, 31, 0, 0, 1, 72, 3, 20, 2, 20, 06, 07, 3, 18, 30, 3, 04, 12, 18, 4, 007, 124, 202, 189),
(073, 'Caminante del Cielo Galáctico Rojo', 'el Espacio Galáctico', 'Yo armonizo con el fin de Explorar, modelando la Vigilancia. Sello la Salida del Espacio con el tono Galáctico de la Integridad. Me guía el poder de la Navegación.', 'La cosmología del cubo 441 contiene las llaves para comprender la naturaleza de la noosfera como la siguiente etapa de la evolución humana. La noosfera es el agregado colectivo acumulado de los hologramas de los campos de información humana organizados de acuerdo a las estructuras matemáticas intrínsecas del ADN y la Ley del Tiempo.', 'La capacidad de la suma de personalidades alternativas para mantener un campo común es proporcional a la ecuanimidad de los cuerpos portadores en relación entre sí.', '04.20', 0, 0, 2, 525600, -1693, -1674, '1.693 - 1.674 A.C.', 3, 13, 34, 0, 0, 1, 73, 3, 21, 2, 21, 06, 08, 3, 19, 30, 4, 04, 13, 19, 1, 086, 177, 203, 188),
(074, 'Mago Solar Blanco', 'la Atemporalidad Solar', 'Yo pulso con el fin de Encantar, realizando la Receptividad. Sello la Salida de la Atemporalidad con el tono Solar de la Intención. Me guía el poder del Corazón.', 'Los primeros seis factores del recíproco de 7 (142 857, 285 714, 428 571, 571 428, 714 285, y 857 142) refieren a todas las permutaciones o posibilidades de la Creación conformando los 6 primeros días de la Creación. La séptima permutación (142 857 x7 = número mágico: 999 999) refiere al Nuevo Tiempo-Espacio de la Creación.', 'La arquitectura radiosónica, como la máquina de la era de la tecnosfera, es un fenómeno biogénicamente inducido, y asume las propiedades biológicas de multiplicación y propagación del organismo portador. Regulada por T(E)=Arte, la arquitectura radiosónica radializa el mundo fenoménico como pulsaciones solares coordinadas de funciones análogas superiores.', '04.21', 0, 0, 2, 532800, -1674, -1654, '1.674 - 1.654 A.C.', 3, 13, 47, 0, 0, 1, 74, 3, 22, 2, 22, 06, 09, 3, 20, 30, 5, 04, 14, 19, 2, 165, 230, 204, 187),
(075, 'Águila Planetario Azul', 'la Visión Planetaria', 'Yo perfecciono con el fin de Crear, produciendo la Mente. Sello la Salida de la Visión con el tono Planetario de la Manifestación. Me guía el poder de la Abundancia. Soy un Kin Polar, extiendo el Espectro Galáctico Azul. ', 'En la dedicación del sistema del cubo, uno no está dejando la vida, sino que evoluciona hacia el orden galáctico. La vida tal como la conocemos, ya no es válida, ya que sus frecuencias de negatividad exceden las frecuencias de su excitación sintrópica.', 'Las \'conversaciones\' post-orgánicas subliminales se realizan como la fuente de las cromáticas de la quinta fuerza, los conjuntos entonados electrónicos cósmicos puramente pentadimensionales. La naturaleza retroalimentadora de las cromáticas de la quinta fuerza induce niveles más refinados de geometrías proyectivas, las que a su vez son retroalimentadas como niveles superiores y más refinados de armónicas celestes.', '04.22', 0, 1, 2, 540000, -1654, -1634, '1.654 - 1.634 A.C.', 1, 03, NULL, 0, 0, 1, 75, 3, 23, 2, 23, 06, 10, 3, 21, 31, 1, 04, 15, 19, 3, 244, 023, 205, 186),
(076, 'Guerrero Espectral Amarillo', 'la Inteligencia Espectral', 'Yo disuelvo con el fin de Cuestionar, divulgando la Intrepidez. Sello la Salida de la Inteligencia con el tono Espectral de la Liberación. Me guía mi propio Poder duplicado. ', 'En la espiritualidad galáctica a través de la consciencia cósmica, la organización normal de la comprensión perceptiva recapitula la cosmología del universo plásmico eléctrico, todo lo cual se puede trazar en la matriz del cubo 441. 1) El átomo único = 441 RANG; 2) Los 7 plasmas radiales.', 'A través de la psicosincronización superconsciente de incidencias de excitación estelar en su suma radial completa, el Cerebro Galáctico concluye inevitablemente en la ingravidez pura del tiempo hiperdimensional, la zona del fractal de onda libre de la mente pura o consciencia subliminal. Como el campo de proyección de retroalimentación pura del superconsciente, el tiempo consciente subliminal o hiperdimensional está definido como el arco de descenso luminoso del ciclo de retorno. El punto cero de toda medida y masa radial, está definido por y como Dios.', '05.07', 0, 0, 2, 547200, -1634, -1615, '1.634 - 1.615 A.C.', 1, 03, NULL, 0, 0, 1, 76, 3, 24, 2, 24, 06, 11, 3, 22, 31, 2, 04, 16, 19, 4, 063, 076, 206, 185),
(077, 'Tierra Cristal Roja', 'la Navegación Cristal', 'Yo me dedico a con el fin de Evolucionar, universalizando la Sincronía. Sello la Matriz de la Navegación con el tono Cristal de la Cooperación. Me guía el poder del Agua Universal. Soy un Portal de Activación Galáctica, entra en mí.', 'La novena dimensión del tiempo es completamente una función del hiperpartón. La polaridad se expresa por el hiperneutrón y el hiperelectrón en el eje central, el tubo Mauri. Polo Norte = Polo Marka. Polo Sur = Polo Darka.', 'Involucrada en la Federación Galáctica como un programa angélico piloto, la masa colectiva radiosónica se reforma espontáneamente dentro de las coordenadas del diseño de la inteligencia de la mente de Dios, como una forma del fractal de onda libre lista para una reasignación de las nuevas funciones guías.', '05.04', 0, 0, 1, 554400, -1615, -1595, '1.615 - 1.595 A.C.', 1, 03, NULL, 0, 0, 1, 77, 3, 25, 2, 25, 06, 12, 3, 23, 31, 3, 04, 17, 20, 1, 142, 129, 207, 184),
(078, 'Espejo Cósmico Blanco', 'el Sin-Fín Cósmico', 'Yo perduro con el fin de Reflejar, trascendiendo el Orden. Sello la Matriz del Sin-Fín con el tono Cósmico de la Presencia. Me guía el poder del Espíritu.', 'La Estación Intermedia AA supervisa y almacena datos y se correlaciona con los niveles simultáneos de información para transmitir los principios de una comprehensiva espiritualidad galáctica –un índice exhaustivo de los reinos del conocimiento físico y espiritual.', 'Todo tiempo es ahora. El orden sincrónico de T(E)=Arte refleja holonómicamente en el ahora todo el espectro evolutivo energía-mente. La normalización de funciones, ya sean inorgánicas, orgánicas, hiperorgánicas o post-orgánicas, iguala todos los órdenes en el ahora. Dios está siempre presente en el ahora.', '05.08', 0, 0, 2, 561600, -1595, -1575, '1.595 - 1.575 A.C.', 1, 03, NULL, 0, 0, 1, 78, 3, 26, 2, 26, 06, 13, 3, 24, 31, 4, 04, 18, 20, 2, 221, 182, 208, 183),
(079, 'Tormenta Magnética Azul', 'la Autogeneración Magnética', 'Yo unifico con el fin de Catalizar, atrayendo la Energía. Sello la Matriz de la Autogeneración con el tono Magnético del Propósito. Me guía mi propio Poder duplicado. ', 'El Synchronotron abre la puerta a las matrices congeladas de luz, donde los programas de pensamiento Eterno conservados como una matriz del número permanecen disponible a la mente y la consciencia lista para trascender a las siguientes etapas de la evolución cósmica.', 'Sólo hay un Dios, y un sólo Dios para ser reconocido y reverenciado.', '05.09', 0, 0, 2, 568800, -1575, -1556, '1.575 - 1.556 A.C.', 1, 03, NULL, 0, 0, 1, 79, 4, 01, 2, 27, 07, 01, 3, 25, 31, 5, 04, 19, 20, 3, 040, 079, 209, 182),
(080, 'Sol Lunar Amarillo', 'el Fuego Universal Lunar', 'Yo polarizo con el fin de Iluminar, estabilizando la Vida. Sello la Matriz del Fuego Universal con el tono Lunar del Desafío. Me guía el poder de la Libre Voluntad.', 'El sistema de la matriz del cubo es un orden vivo, enraizado en la magia del tiempo como la capacidad para extender el Uno en todas las cosas y todas las aventuras. Esta es la raíz de la unidad viva.', 'En la tercera dimensión, la ley de la gravedad es la que mantiene unidos los cuerpos físicos en el espacio. La cinética, la mecánica celestial y la dinámica del espacio son las ciencias del espacio tridimensional que describen el movimiento de los cuerpos en el espacio.', '05.10', 1, 0, 2, 576000, -1556, -1536, '1.556 - 1.536 A.C.', 1, 03, NULL, 0, 0, 1, 80, 4, 02, 2, 28, 07, 02, 3, 26, 32, 1, 04, 20, 20, 4, 119, 132, 210, 181),
(081, 'Dragón Eléctrico Rojo', 'el Nacimiento Eléctrico', 'Yo activo con el fin de Nutrir, vinculando el Ser. Sello la Entrada del Nacimiento con el tono Eléctrico del Servicio. Me guía el poder de la Fuerza Vital.', 'Como un sistema intergaláctico vivo, el Synchronotron describe y define el compendio de leyes y principios que definen la sincronicidad. La Ley del Tiempo, el Calendario de 13 lunas, Encantamiento del Sueño y Telektonon, son parte del sistema Synchronotron.', 'La frecuencia del tiempo, 13:20, permanece constante a lo largo de todas las fases del espectro evolutivo, manteniendo el orden sincrónico a través de todas las fases simultáneamente.', '05.11', 0, 0, 2, 583200, -1536, -1516, '1.536 - 1.516 A.C.', 1, 01, NULL, 0, 0, 1, 81, 4, 03, 2, 29, 07, 03, 3, 27, 32, 2, 05, 01, 21, 1, 198, 185, 211, 180),
(082, 'Viento Autoexistente Blanco', 'el Espíritu Autoexistente', 'Yo defino con el fin de Comunicar, midiendo el Aliento. Sello la Entrada del Espíritu con el tono Autoexistente de la Forma. Me guía el poder del Sin-Fín.', 'El Perceptor Holomental es el sistema del cubo proyectado sobre el cuerpo calloso que conecta los dos hemisferios del cerebro. Su propósito es radializar tus percepciones. Es por ello que su lado izquierdo es el lado derecho de tu cerebro, y su lado derecho es el lado izquierdo de tu cerebro.', 'El propósito de la variabilidad de las diferencias en la evolución en el tiempo entre las masas estelares es proporcionar, en un momento dado, a cualquier nivel de desarrollo evolutivo estelar, la oportunidad de evaluarse a sí mismo en relación al resto del Cerebro Galáctico, tanto en términos de las etapas de menos como de más avanzadas. Esto describe la continuidad de incidencias simultáneas del orden sincrónico, o la experiencia integral del sistema entero.', '05.12', 0, 0, 2, 590400, -1516, -1496, '1.516 - 1.496 A.C.', 1, 01, NULL, 0, 0, 1, 82, 4, 04, 2, 30, 07, 04, 3, 28, 32, 3, 05, 02, 21, 2, 017, 238, 212, 179),
(083, 'Noche Entonada Azul', 'la Abundancia Entonada', 'Yo confiero poder con el fin de Soñar, comandando la Intuición. Sello la Entrada de la Abundancia con el tono Entonado de la Radiancia. Me guía el poder de la Magia.', 'A todos los servidores de la verdad se les prepara para hacer lo que hacen con el fin de ayudar a elevar a la mente humana a salir de la niebla de sus propias limitaciones auto-acondicionadas de creación propia hacia el mundo prístino donde podrían percibir las frecuencias más elevadas.', 'Dentro del Cerebro Galáctico está la matriz del tiempo cuatridimensional, por la que las formas de orden común a los cuatro cuadrantes del tiempo y la consciencia son proyectadas. Todas las formas de orden dentro del Cerebro Galáctico son proyecciones de geometrías radiativas.', '05.13', 0, 0, 2, 597600, -1496, -1477, '1.496 - 1.477 A.C.', 1, 01, NULL, 0, 0, 1, 83, 4, 05, 2, 31, 07, 05, 3, 29, 32, 4, 05, 03, 21, 3, 096, 031, 213, 178),
(084, 'Semilla Rítmica Amarilla', 'el Florecimiento Rítmico', 'Yo organizo con el fin de Atinar, equilibrando la Atención. Sello la Entrada del Florecimiento con el tono Rítmico de la Igualdad. Me guía mi propio Poder duplicado. ', 'La Matriz Espacio no es una superficie plana o plano unidimensional que se extiende infinitamente en todas las direcciones, sino que es un medio de coordinación interdimensional. La Matriz Sincrónica contiene la plantilla Tzolkin de 260 unidades (13x20).', 'La planta es al reino orgánico lo que el cristal es al inorgánico. Las geometrías radiativas del tiempo informan a la estructura y al poder procreador de todas las plantas. La duración de las plantas como una especie, y no sólo el ciclo de un elemento individual, mantiene el orden del tiempo dentro del reino orgánico inconsciente e instintivo de la vida. La duración de las plantas es el complemento a la duración de los cristales, ya que juntos crean la dialéctica del medio ambiente planetario de la vida llamado la biosfera.', '05.14', 0, 0, 2, 604800, -1477, -1457, '1.477 - 1.457 A.C.', 1, 01, NULL, 0, 0, 1, 84, 4, 06, 2, 32, 07, 06, 3, 30, 32, 5, 05, 04, 21, 4, 175, 084, 214, 177),
(085, 'Serpiente Resonante Roja', 'la Fuerza Vital Resonante', 'Yo canalizo con el fin de Sobrevivir, inspirando el Instinto. Sello el Almacén de la Fuerza Vital con el tono Resonante de la Sintonización. Me guía el poder de la Navegación. Soy un Portal de Activación Galáctica, entra en mí.', 'En el Perceptor Holomental cada uno de los cinco órganos de los sentidos está localizado en las cuatro dimensiones del tiempo exterior, mantenidas juntas por un núcleo radial de los sentidos que coordina los cinco sentidos externos, así como la información interna o sensorial del cuerpo etérico.', 'El descubrimiento de la Ley del Tiempo es el detonante auto-reflexivo preciso que inicia la transición biosfera-noosfera. La transición biosfera-noosfera representa la transición auto-reflexiva de un procedimiento de funcionamiento puramente tridimensional a una comprensión y un procedimiento de funcionamiento puramente cuatridimensional.', '07.01', 0, 0, 1, 612000, -1457, -1437, '1.457 - 1.437 A.C.', 1, 01, NULL, 0, 0, 1, 85, 4, 07, 2, 33, 07, 07, 3, 31, 33, 1, 05, 05, 22, 1, 254, 137, 215, 176),
(086, 'Enlazador de Mundos Galáctico Blanco', 'la Muerte Galáctica', 'Yo armonizo con el fin de Igualar, modelando la Oportunidad. Sello el Almacén de la Muerte con el tono Galáctico de la Integridad. Me guía el poder del Corazón.', 'La segunda esfera mental, Subconsciente, se activa a través del samadhi informativo, la mente-espacio primordial que experimenta los impulsos del poder formativo que establece la sincronización creativa dentro de la Realidad Universal. El samadhi informativo es la base de la sincronización cósmica haciendo consciente lo que estaba inconsciente.', 'Las fórmulas del tiempo del Encantamiento del Sueño, incluidas las armónicas, cromáticas, familias terrestres, ondas encantadas, castillos y geometrías pulsar, a la vez que demuestran la matemática holográfica radial pura de la Ley del Tiempo tienen una aplicación social inmediata en la creación del Dominio del Tiempo. El Dominio del Tiempo es el sistema auto-regulador y autónomo del gobierno telepático del orden de la realidad cuatridimensional.', '05.15', 0, 0, 2, 619200, -1437, -1418, '1.437 - 1.418 A.C.', 1, 01, NULL, 0, 0, 1, 86, 4, 08, 2, 34, 07, 08, 3, 32, 33, 2, 05, 06, 22, 2, 073, 190, 216, 175),
(087, 'Mano Solar Azul', 'la Realización Solar', 'Yo pulso con el fin de Conocer, realizando la Curación. Sello el Almacén de la Realización con el tono Solar de la Intención. Me guía el poder de la Abundancia.', 'Cada uno de los siete chacras del sistema biosíquico humano es un receptor para cada uno de los siete plasmas radiales. Los plasmas son partículas subatómicas electrónicamente cargadas que saturan el universo con electricidad, flujos eléctricos, campos electromagnéticos y líneas de fuerza radial.', 'El patrón de simetría binaria inversa de la matriz 13:20, extendido sobre cuatro placas o funciones de tiempo, establece el banco psi como el registro holonómico del Cerebro Galáctico totalmente codificado en una escala planetaria. Como resultado, el banco psi contiene todo el complejo potencial del vector tiempo que crea las armónicas celestes, accesibles a través de los códigos del Encantamiento del Sueño.', '05.16', 1, 0, 2, 626400, -1418, -1398, '1.418 - 1.398 A.C.', 3, 13, 09, 0, 0, 1, 87, 4, 09, 2, 35, 07, 09, 3, 33, 33, 3, 05, 07, 22, 3, 152, 243, 217, 174),
(088, 'Estrella Planetaria Amarilla', 'la Elegancia Planetaria', 'Yo perfecciono con el fin de Embellecer, produciendo el Arte. Sello el Almacén de la Elegancia con el tono Planetario de la Manifestación. Me guía el poder de la Inteligencia. Soy un Portal de Activación Galáctica, entra en mí.', 'El RANG es la ruptura cósmica primordial, que es la fuente y poder del sonido. A partir de esta ruptura, la creación se \'hace sonar\' en la existencia. En el modelo de universo radial, el RANG primordial es arquetípico y está registrado en el holograma universal como el factor necesario para la creación de cualquier fenómeno nuevo.', 'La meditación, la visión clara, sin apegos de pensamientos o del cuerpo de deseos, se practica con el yoga para la rehabilitación del orden sensorial, alterado por la secuencia del tiempo artificial. La sincronización del orden sensorial es la condición de la mente meditativa, que es el requisito previo para el viaje en el tiempo.', '08.01', 0, 0, 1, 633600, -1398, -1378, '1.398 - 1.378 A.C.', 3, 13, 08, 0, 0, 1, 88, 4, 10, 2, 36, 07, 10, 3, 34, 33, 4, 05, 08, 22, 4, 231, 036, 218, 173),
(089, 'Luna Espectral Roja', 'el Agua Universal Espectral', 'Yo disuelvo con el fin de Purificar, divulgando el Flujo. Sello el Proceso del Agua Universal con el tono Espectral de la Liberación. Me guía mi propio Poder duplicado. ', 'El 259 establece el poder resonante supremo (37x7) del número y la sincronización cósmica en la tercera dimensión del tiempo. Desde este punto, el chacra raíz del cuerpo etérico del destino, holón 4-D, establece el plano gravitacional.', 'La alineación de todos los planetas, excepto la Tierra, al otro lado del Sol, el día 4 de la Luna Espectral, Tierra Autoexistente Roja (el 5 de Mayo de 2000), proporciona una prueba telepática colectiva, para activar los reguladores de tubo de flujo polares electromagnéticos. El propósito es crear un campo telepático de resistencia magnética para estabilizar los polos planetarios.', '05.17', 0, 0, 2, 640800, -1378, -1358, '1.378 - 1.358 A.C.', 3, 13, 57, 0, 0, 1, 89, 4, 11, 2, 37, 07, 11, 3, 35, 33, 5, 05, 09, 23, 1, 050, 089, 219, 172),
(090, 'Perro Cristal Blanco', 'el Corazón Cristal', 'Yo me dedico a con el fin de Amar, universalizando la Lealtad. Sello el Proceso del Corazón con el tono Cristal de la Cooperación. Me guía el poder del Espíritu.', 'El circuito 9, contiene 16 unidades y es el contenedor de las memorias arquetípicas de la consciencia oceánica. Coordina el núcleo interno de la 9ª dimensión auto-existente del corazón radiante. Arquetipos: Fuerza Primordial y Yogui(ni). Entra en el Consejo Neptuniano de la Memoria Auto-Reflexiva.', 'La reordenación armónica del orden sincrónico es un requisito previo para la creación de los anillos circumpolares y la restauración del sistema de tubo de flujo interplanetario. Las funciones cromáticas restauradoras de tiempo son funciones tanto sociales como telepáticas o mentales. La restauración consciente de la biosfera crea un orden social armónico cuyos patrones cuatridimensionales se asemejan al orden orgánico armónicamente reordenado.', '05.18', 0, 0, 2, 648000, -1358, -1339, '1.358 - 1.339 A.C.', 3, 13, 56, 0, 0, 1, 90, 4, 12, 2, 38, 07, 12, 3, 36, 34, 1, 05, 10, 23, 2, 129, 142, 220, 171),
(091, 'Mono Cósmico Azul', 'la Magia Cósmica', 'Yo perduro con el fin de Jugar, trascendiendo la Ilusión. Sello el Proceso de la Magia con el tono Cósmico de la Presencia. Me guía el poder de la Visión.', 'El sistema 11º dimensional es el mecanismo de trabajo/vivo del Ser Galáctico, el circuito telepático evolutivo de la noosfera. A través de la apertura del 441 la puerta mística 11ª, abrimos nuestro canal central, atrayendo los flujos magnéticos de fotones y fuerzas eléctricas que informan a las ‘estaciones del arca’, las unidades compactas de los mensajeros que rodean el núcleo 441.', 'La personalidad cuatridimensional alternativa complementa a la configuración de la vida de la entidad tridimensional, y adquiere mayor importancia en el desarrollo de la cultura galáctica. En definitiva, la personalidad secundaria del holón es la ‘nave del alma’ que transmigra entre los cuadrantes superconsciente hiperorgánico y consciente subliminal postorgánico del Cerebro Galáctico.', '05.19', 0, 0, 2, 655200, -1339, -1319, '1.339 - 1.319 A.C.', 3, 13, 41, 0, 0, 1, 91, 4, 13, 2, 39, 07, 13, 3, 37, 34, 2, 05, 11, 23, 3, 208, 195, 221, 170),
(092, 'Humano Magnético Amarillo', 'la Libre Voluntad Magnética', 'Yo unifico con el fin de Influenciar, atrayendo la Sabiduría. Sello el Proceso de la Libre Voluntad con el tono Magnético del Propósito. Me guía mi propio Poder duplicado. ', 'Dentro de los parámetros del campo telepático 441 está inscrita la plantilla estelar de Hunab Ku 21, la estructura interna del nuevo cuerpo de radiancia.', 'El propósito del viaje en el tiempo es expandir y acelerar la clase y la calidad de la experiencia espiritual que acompaña a la evolución en el superconsciente hiper-orgánico. La calidad de la experiencia del viaje en el tiempo es directamente proporcional a su utilidad beneficiosa.', '05.20', 0, 0, 2, 662400, -1319, -1299, '1.319 - 1.299 A.C.', 3, 13, 40, 0, 0, 1, 92, 4, 14, 2, 40, 08, 01, 3, 38, 34, 3, 05, 12, 23, 4, 027, 092, 222, 169),
(093, 'Caminante del Cielo Lunar Rojo', 'el Espacio Lunar', 'Yo polarizo con el fin de Explorar, estabilizando la Vigilancia. Sello la Salida del Espacio con el tono Lunar del Desafío. Me guía el poder de la Fuerza Vital. Soy un Portal de Activación Galáctica, entra en mí.', 'La sincronicidad está organizada por su propio lenguaje o alfabeto de símbolos, conocidos como los códigos del orden sincrónico. Al igual que todo el lenguaje, los códigos sincrónicos se ajustan a sus conjuntos de reglas y formas de órdenes o de sintaxis.', 'El transporte en el tiempo del cuerpo entero es la capacidad de extenderse desde el ahora, al consciente continuo y al superconsciente. Esto se logra a través de la proyección holográfica total cuya calidad es proporcional a la intensidad e integridad de la personalidad alternativa cuatridimensional para incorporar la sensación del cuerpo interno tridimensional normalmente conocido como el ‘yo’.', '08.04', 0, 0, 1, 669600, -1299, -1280, '1.299 - 1.280 A.C.', 3, 13, 25, 0, 0, 1, 93, 4, 15, 2, 41, 08, 02, 3, 39, 34, 4, 05, 13, 24, 1, 106, 145, 223, 168),
(094, 'Mago Eléctrico Blanco', 'la Atemporalidad Eléctrica', 'Yo activo con el fin de Encantar, vinculando la Receptividad. Sello la Salida de la Atemporalidad con el tono Eléctrico del Servicio. Me guía el poder del Sin-Fín.', 'La telepatía es cómo se mantiene el orden del universo como un sistema de frecuencias matemáticas capaz de ordenarse de maneras infinitas a niveles infinitos. El espacio es el medio de unificación de todas las mentes.', 'Durante el ciclo 2000-2013 DA, tres niveles de incidencias se revelan y se sincronizan simultáneamente: la activación del sistema del tubo de flujo y la reestructuración armónica del orden sincrónico del heliocosmos; el desarrollo simultáneo de las formas de arquitectura radiosónica ‘anclan’ el viaje telepático del tiempo; y la coordinación sincronizada del banco psi con pulsaciones de frecuencia solar (completa el circuito AC).', '05.21', 0, 0, 2, 676800, -1280, -1260, '1.280 - 1.260 A.C.', 3, 13, 24, 0, 0, 1, 94, 4, 16, 2, 42, 08, 03, 3, 40, 34, 5, 05, 14, 24, 2, 185, 198, 224, 167);
INSERT INTO `kin` (`ide`, `nom`, `pod`, `des`, `des_umb`, `des_tie`, `psi`, `tel_pak`, `val_est`, `pag`, `fac`, `fac_ini`, `fac_fin`, `fac_ran`, `ene`, `ene_cam`, `chi`, `enc_ini`, `enc_fin`, `gen_enc`, `gen_enc_dia`, `gen_cel`, `gen_cel_dia`, `nav_cas`, `nav_cas_dia`, `nav_ond`, `nav_ond_dia`, `cro_est`, `cro_est_dia`, `cro_ele`, `cro_ele_dia`, `arm_tra`, `arm_tra_dia`, `arm_cel`, `arm_cel_dia`, `par_ana`, `par_gui`, `par_ant`, `par_ocu`) VALUES
(095, 'Águila Autoexistente Azul', 'la Visión Autoexistente', 'Yo defino con el fin de Crear, midiendo la Mente. Sello la Salida de la Visión con el tono Autoexistente de la Forma. Me guía el poder de la Magia. Soy un Kin Polar, convierto el Espectro Galáctico Azul. ', 'Todo lo que surge en la mente es tanto lo que es, como lo que no es simultáneamente. La mente original no se modifica por el mundo material. El cubo 441 es un salto cuántico hacia la experiencia directa de la realidad cósmica más allá de la personalidad.', 'A través de los nuevos programas del consciente subliminal, comienzan los experimentos de intercambio y desplazamiento mutuos, primero a un nivel terrestre, y luego a niveles interplanetario, solar/estelar y galáctico, iniciando la fase de expansión del viaje en el tiempo de la vida universal galáctica. El intercambio y el desplazamiento mutuo representa un nuevo nivel de evolución espiritual en el que la identidad-alma fusiona los holones en una masa radiosónica colectiva.', '05.22', 0, 1, 2, 684000, -1260, -1240, '1.260 - 1.240 A.C.', 1, 03, NULL, 0, 0, 1, 95, 4, 17, 2, 43, 08, 04, 3, 41, 35, 1, 05, 15, 24, 3, 004, 251, 225, 166),
(096, 'Guerrero Entonado Amarillo', 'la Inteligencia Entonada', 'Yo confiero poder con el fin de Cuestionar, comandando la Intrepidez. Sello la Salida de la Inteligencia con el tono Entonado de la Radiancia. Me guía el poder del Florecimiento. Soy un Portal de Activación Galáctica, entra en mí.', 'Las unidades en el Cubo son adaptaciones primordiales del Uno que crea el orden y el sistema de la matriz matemática que subyace a toda realidad – mente, tiempo, espacio y orden sincrónico de la consciencia evolucionada. Todo está contenido y generado desde estos números: 1, 21, 441, 9261.', 'El orden preorgánico inconsciente del T(E)=Arte (el dominio de potencialidad) resultante en la estructura proyectiva primaria del cristal se completa en la curva de ascenso donde el orden postorgánico subliminal de T(E)=Arte, resulta en la última estructura proyectiva auto-reflexiva de la ‘barca del alma’. La ‘barca del alma’ es una proyección cristalina radiosónica del orden del tiempo súper consciente auto-realizada.', '07.04', 0, 0, 1, 691200, -1240, -1221, '1.240 - 1.221 A.C.', 1, 03, NULL, 0, 0, 1, 96, 4, 18, 2, 44, 08, 05, 3, 42, 35, 2, 05, 16, 24, 4, 083, 044, 226, 165),
(097, 'Tierra Rítmica Roja', 'la Navegación Rítmica', 'Yo organizo con el fin de Evolucionar, equilibrando la Sincronía. Sello la Matriz de la Navegación con el tono Rítmico de la Igualdad. Me guía mi propio Poder duplicado. ', 'El holón resonante universal es un instrumento giroscópico cuatridimensional que recapitula holográficamente la estructura bipolar básica de cualquier forma coherente o unidad del ser galáctico. Es la base del diseño planetario de la Nave del Tiempo.', 'La Federación Galáctica de mente hiperdimensional es el orden y organización futura de toda consciencia inteligentemente ramificada en grados y rangos, almacenada de acuerdo a un conocimiento comprehensivo de todas las fases del espectro evolutivo que constituyen el cerebro galáctico. El único propósito de la Federación Galáctica es incrementar la consciencia de Dios y del orden divino que sólo puede efectuarse a través de la interacción subliminal que penetra desde los órdenes inferiores del tiempo.', '06.07', 0, 0, 2, 698400, -1221, -1201, '1.221 - 1.201 A.C.', 1, 03, NULL, 0, 0, 1, 97, 4, 19, 2, 45, 08, 06, 3, 43, 35, 3, 05, 17, 25, 1, 162, 097, 227, 164),
(098, 'Espejo Resonante Blanco', 'el Sin-Fín Resonante', 'Yo canalizo con el fin de Reflejar, inspirando el Orden. Sello la Matriz del Sin-Fín con el tono Resonante de la Sintonización. Me guía el poder del Corazón.', 'Todos los mensajeros fueron y son transmisiones de pensamiento codificado asumiendo la forma humana. Uno de los sentidos del 441 es poner al descubierto el constructo de los números subyacentes en los códigos de programa de los mensajeros, videntes, sabios, profetas y maestros como un todo sincronizado.', 'La opción de entrar a los universos paralelos depende de la evolución en la mente pura. La opción para continuar la experiencia del subliminal angélico es conferida por Dios como una recompensa por esforzarse. El empeño del angélico por una reasignación en un universo paralelo es una función del valor moral conocido como Boddhisattva, el ser iluminado.', '06.08', 0, 0, 2, 705600, -1201, -1181, '1.201 - 1.181 A.C.', 1, 03, NULL, 0, 0, 1, 98, 4, 20, 2, 46, 08, 07, 3, 44, 35, 4, 05, 18, 25, 2, 241, 150, 228, 163),
(099, 'Tormenta Galáctica Azul', 'la Autogeneración Galáctica', 'Yo armonizo con el fin de Catalizar, modelando la Energía. Sello la Matriz de la Autogeneración con el tono Galáctico de la Integridad. Me guía el poder de la Abundancia.', 'La mente humana puede cultivar la receptividad en el influjo de las nuevas energías y ondas de transmisión galáctica aplicando la comprensión de los vastos códigos del orden sincrónico.', 'Al hacer consciente lo que había sido previamente desconocido e inconsciente, el descubrimiento de la Ley del Tiempo sitúa a todos en Dios.', '06.09', 0, 0, 2, 712800, -1181, -1162, '1.181 - 1.162 A.C.', 1, 03, NULL, 0, 0, 1, 99, 4, 21, 2, 47, 08, 08, 3, 45, 35, 5, 05, 19, 25, 3, 060, 203, 229, 162),
(100, 'Sol Solar Amarillo', 'el Fuego Universal Solar', 'Yo pulso con el fin de Iluminar, realizando la Vida. Sello la Matriz del Fuego Universal con el tono Solar de la Intención. Me guía el poder de la Inteligencia.', 'La matriz 441 subyace y gobierna la coherencia matemática del campo de memoria holográfico. Este campo de información matemático está incrustado con una matriz espacio, una matriz tiempo, y la matriz unificadora sincrónica de la Ley del Tiempo.', 'La Ley del Tiempo sólo puede ser captada conscientemente como un índice de progresión evolutiva dentro del espectro que mide la incidencia de lo puramente biológico hasta las condiciones o estados mentales puros del ser. Antes de la comprensión consciente de la Ley del Tiempo, la Ley del Tiempo es incorporada como un factor preconsciente o inconsciente en la naturaleza.', '06.10', 0, 0, 2, 720000, -1162, -1142, '1.162 - 1.142 A.C.', 1, 03, NULL, 0, 0, 1, 100, 4, 22, 2, 48, 08, 09, 3, 46, 36, 1, 05, 20, 25, 4, 139, 256, 230, 161),
(101, 'Dragón Planetario Rojo', 'el Nacimiento Planetario', 'Yo perfecciono con el fin de Nutrir, produciendo el Ser. Sello la Entrada del Nacimiento con el tono Planetario de la Manifestación. Me guía el poder del Agua Universal.', 'Noosfera es la consecuencia de la inteligencia de las 7 \'Tierras\' entrando en sincronización en el mismo momento preestablecido resultando en la renovación de los sistemas de mundos.', 'La naturaleza supremamente mental del tiempo define el inminente estado evolutivo de la raza humana al trascender juntos los asuntos físicos tridimensionales que han dominado a la especie humana que opera inconsciente de la Ley del Tiempo. La preocupación de la humanidad que opera con la Ley del Tiempo será el cultivo de las estructuras mentales prolongadas del consciente continuo y la experiencia posterior del superconsciente hiperorgánico.', '06.11', 0, 0, 2, 727200, -1142, -1122, '1.142 - 1.122 A.C.', 1, 01, NULL, 0, 0, 1, 101, 4, 23, 2, 49, 08, 10, 3, 47, 36, 2, 06, 01, 26, 1, 218, 049, 231, 160),
(102, 'Viento Espectral Blanco', 'el Espíritu Espectral', 'Yo disuelvo con el fin de Comunicar, divulgando el Aliento. Sello la Entrada del Espíritu con el tono Espectral de la Liberación. Me guía mi propio Poder duplicado. ', 'El Perceptor Holomental es la matriz 441 telepáticamente inscrita en el cuerpo calloso para facilitar la integración del tiempo, el espacio y la mente como el principio de la sincronización radializada que ocasiona el \'Recuerdo Total\'.', 'El propósito de la evolución del tiempo en el orden estrictamente tridimensional o menos evolucionado es establecer la inteligencia de acuerdo con el instinto. El instinto es el conocimiento de la navegación tridimensional determinado por la necesidad de preservar la forma específica tridimensional y su perpetuación genética.', '06.12', 0, 0, 2, 734400, -1122, -1102, '1.122 - 1.102 A.C.', 1, 01, NULL, 0, 0, 1, 102, 4, 24, 2, 50, 08, 11, 3, 48, 36, 3, 06, 02, 26, 2, 037, 102, 232, 159),
(103, 'Noche Cristal Azul', 'la Abundancia Cristal', 'Yo me dedico a con el fin de Soñar, universalizando la Intuición. Sello la Entrada de la Abundancia con el tono Cristal de la Cooperación. Me guía el poder de la Visión.', 'Cada número tiene un significado en forma similar a cómo cada palabra tiene un significado. El número demuestra la inteligencia del diseño evolutivo del universo. DIOS existe en todas las etapas y niveles del ser simultáneamente.', 'Los cristales son las manifestaciones preconscientes primarias de la proyección de la geometría radiativa cuatridimensional, que toma de inmediato la forma tridimensional. El poder de la permanencia del cristal es igual a su primacía de forma/manifestación. Siendo los componentes principales de la proyección inorgánica preconsciente de la geometría radiativa en la tercera dimensión, en la forma, los cristales son lo más próximo a la intención original del momento pensamiento del Cerebro Galáctico. Los cristales incorporan la estructura de la forma preconsciente del tiempo, desde el cual el reflejo secundario, la vida, se deriva.', '06.13', 0, 0, 2, 741600, -1102, -1083, '1.102 - 1.083 A.C.', 1, 01, NULL, 0, 0, 1, 103, 4, 25, 2, 51, 08, 12, 3, 49, 36, 4, 06, 03, 26, 3, 116, 155, 233, 158),
(104, 'Semilla Cósmica Amarilla', 'el Florecimiento Cósmico', 'Yo perduro con el fin de Atinar, trascendiendo la Atención. Sello la Entrada del Florecimiento con el tono Cósmico de la Presencia. Me guía el poder de la Elegancia.', 'El Cubo Cósmico gobierna la cuarta dimensión del tiempo. La realización del Cubo Cósmico es una función de la actividad de la voluntad consciente. El Cubo Cósmico es una función de la tercera esfera mental: consciente, hiperplasma beta-beta de la mediumnidad del consciente despierto.', 'Dentro del orden evolutivo biosférico del planeta Tierra, la especie humana representa la máxima complejidad del proceso biogeoquímico, que resulta en un poder de auto-reflexión. En el orden humano, la transición del consciente al consciente continuo es el campo de sus poderes auto-reflexivos. El punto crítico de la creación de la consciencia continua sostenida, es dependiente del descubrimiento auto-reflexivo de la Ley del Tiempo, que marca el clímax de la evolución de la biosfera como un orden inconsciente, y comienza la evolución de la biosfera en el orden súper-consciente del ser o consciencia cósmica.', '06.14', 0, 0, 2, 748800, -1083, -1063, '1.083 - 1.063 A.C.', 1, 01, NULL, 0, 0, 1, 104, 4, 26, 2, 52, 08, 13, 3, 50, 36, 5, 06, 04, 26, 4, 195, 208, 234, 157),
(105, 'Serpiente Magnética Roja', 'la Fuerza Vital Magnética', 'Yo unifico con el fin de Sobrevivir, atrayendo el Instinto. Sello el Almacén de la Fuerza Vital con el tono Magnético del Propósito. Me guía mi propio Poder duplicado. ', 'Entrar en el campo de fuerza de la Supermente es acceder a través del método del Synchronotron. El Synchronotron/matriz del cubo 441 organiza el tiempo, el espacio y la sincronicidad, conectándolo al tablero del circuito del Perceptor Holomental, el nuevo órgano de percepción sensorial evolutivo.', 'La transición de la biosfera desde el orden inconsciente del instinto al orden súper consciente de la telepatía es una función de la Ley del Tiempo, y es referida como la transición biosfera-noosfera. La transición biosfera-noosfera es una consecuencia directa de la complejidad biogeoquímica exponencial y la consiguiente liberación de ‘energía libre’ debido a la aceleración de la transformación sin precedentes termoquímica-nuclear de los elementos.', '06.15', 0, 0, 2, 756000, -1063, -1043, '1.063 - 1.043 A.C.', 1, 01, NULL, 0, 0, 1, 105, 5, 01, 3, 01, 09, 01, 3, 51, 37, 1, 06, 05, 27, 1, 014, 105, 235, 156),
(106, 'Enlazador de Mundos Lunar Blanco', 'la Muerte Lunar', 'Yo polarizo con el fin de Igualar, estabilizando la Oportunidad. Sello el Almacén de la Muerte con el tono Lunar del Desafío. Me guía el poder del Sin-Fín. Soy un Portal de Activación Galáctica, entra en mí.', 'Aplicar el sistema Synchronotron a la biología 3D eleva el consciente a una identificación superconsciente auto-trascendente con el conjunto de la totalidad que desplaza de forma natural los apegos y emociones propias. El plan de unificación funciona de esta manera.', 'Para poder participar conscientemente en el momento evolutivo que se revela como la transición biosfera-noosfera y el advenimiento de la Era Psicozoica, las herramientas 13:20 en completa concordancia con la Ley del Tiempo son esenciales ambas para hacer la transición en los órdenes de funcionamiento cuatridimensional y para la construcción de los vehículos para el viaje en el tiempo.', '09.01', 1, 0, 1, 763200, -1043, -1024, '1.043 - 1.024 A.C.', 1, 01, NULL, 0, 0, 1, 106, 5, 02, 3, 02, 09, 02, 3, 52, 37, 2, 06, 06, 27, 2, 093, 158, 236, 155),
(107, 'Mano Eléctrica Azul', 'la Realización Eléctrica', 'Yo activo con el fin de Conocer, vinculando la Curación. Sello el Almacén de la Realización con el tono Eléctrico del Servicio. Me guía el poder de la Magia. Soy un Portal de Activación Galáctica, entra en mí.', 'Las relaciones mentales son factores que enlazan, por constructos imaginativos, diferentes esferas mentales, capas de pensamiento, y dimensiones de la realidad. Esta es la inteligencia de la potencialidad evolutiva.', 'Al regularizar el tiempo diario de acuerdo a los 28 días biológicos, el ciclo de 13 Lunas, establece las incidencias más comunes de las armónicas celestes. Estas armónicas celestes son funciones de los poderes del número cuatridimensional 4, 5, 7, 13, 14 y 20 (28). Al regularizar el orden biológico, el poder cíclico del tiempo se vuelve transparente e ilumina la consciencia continua con formas-patrones de significado de acuerdo con la autonomía de la consciencia que accede a las formas.', '10.01', 0, 0, 1, 770400, -1024, -1004, '1.024 - 1.004 A.C.', 3, 13, 55, 0, 0, 1, 107, 5, 03, 3, 03, 09, 03, 3, 53, 37, 3, 06, 07, 27, 3, 172, 211, 237, 154),
(108, 'Estrella Autoexistente Amarilla', 'la Elegancia Autoexistente', 'Yo defino con el fin de Embellecer, midiendo el Arte. Sello el Almacén de la Elegancia con el tono Autoexistente de la Forma. Me guía el poder del Florecimiento. Soy un Portal de Activación Galáctica, entra en mí.', 'La focalización solar modera los rayos del tiempo a través de secuencias de ciclos de manchas solares sintonizados con la frecuencia resonante del ADN planetario. GM108X: Transmisión de la Mente Maya Galáctica es la frecuencia del medio de transmisión de telepatía biosolar.', 'Con el inicio del dominio CA, en el 3.113 a.C. (-3.187 del Encantamiento del Sueño), la estructura de la red cristal de la corriente AC es asumida cada vez más como la red geométrica del centro urbano artificial. La transformación de la CA (64) en Avance Civilizacional, transfiere de forma progresiva desde el prototipo orgánico (plantas) a los patrones radiativos de poder material y adquisición llamados imperios.', '11.01', 0, 0, 1, 777600, -1004, -984, '1.004 - 984 A.C.', 3, 13, 58, 0, 0, 1, 108, 5, 04, 3, 04, 09, 04, 3, 54, 37, 4, 06, 08, 27, 4, 251, 004, 238, 153),
(109, 'Luna Entonada Roja', 'el Agua Universal Entonada', 'Yo confiero poder con el fin de Purificar, comandando el Flujo. Sello el Proceso del Agua Universal con el tono Entonado de la Radiancia. Me guía el poder de la Navegación. Soy un Portal de Activación Galáctica, entra en mí.', 'El 217 establece el poder unitivo del 7, y es el núcleo del cubo cósmico en la cuarta dimensión del tiempo (217= 31x7). Desde este punto, el chacra raíz del cuerpo del templo 3-D se activa, estableciendo el plano gravitacional.', 'El radión es el fluido eléctrico cuatridimensional contenido en los siete tipos de plasma radial almacenados en el interior de la Tierra. Una vez activados por la comprensión telepática de la función, los siete tipos de plasma radial que producen radión son liberados en el tiempo durante un ciclo de siete años, 1993-2000 DA. La liberación programada de los diferentes tipos de radión es para la restauración del equilibrio geoquímico y magnético.', '12.01', 0, 0, 1, 784800, -984, -964, '984 - 964 A.C.', 3, 13, 07, 0, 0, 1, 109, 5, 05, 3, 05, 09, 05, 3, 55, 37, 5, 06, 09, 28, 1, 070, 057, 239, 152),
(110, 'Perro Rítmico Blanco', 'el Corazón Rítmico', 'Yo organizo con el fin de Amar, equilibrando la Lealtad. Sello el Proceso del Corazón con el tono Rítmico de la Igualdad. Me guía mi propio Poder duplicado. Soy un Portal de Activación Galáctica, entra en mí.', 'El circuito 3, contiene 64 unidades, que codifican a cada uno de los 64 codones del ADN. Coordina el cuerpo de energía biosíquico sensorial y modula la radialización de los órganos de los sentidos humanos. Arquetipos: Avatar y Sabio. Entra en el Consejo de la Tierra de la Realización de la Sabiduría.', 'La restauración de la biohomeostasis de todas las especies, la corrección de los patrones sociales desequilibrados, incluidas las formas de enfermedades virulentas– también puede ser efectuada como forma de transducción biogeoquímica donde el reordenamiento armónico del orden sincrónico requiere de ejercicios de teleportación sensorial dentro de la estructura del ADN, tal como está codificada en el banco psi.', '13.01', 0, 0, 1, 792000, -964, -945, '964 - 945 A.C.', 3, 13, 10, 0, 0, 1, 110, 5, 06, 3, 06, 09, 06, 3, 56, 38, 1, 06, 10, 28, 2, 149, 110, 240, 151),
(111, 'Mono Resonante Azul', 'la Magia Resonante', 'Yo canalizo con el fin de Jugar, inspirando la Ilusión. Sello el Proceso de la Magia con el tono Resonante de la Sintonización. Me guía el poder de la Abundancia. Soy un Portal de Activación Galáctica, entra en mí.', 'La base del número, mente, tiempo y espacio forma un complejo de un hiper-hipercubo alrededor del sistema de los Consejos Intergalácticos de las Estrellas, desde el que se difunden los diferentes niveles de enseñanzas.', 'La coordinación de las potencialidades del vector tiempo en función de las variedades de las armónicas celestes de la teleportación sensorial y el viaje en el tiempo establece un sistema de puntos de enlace. Los puntos de enlace son los puntos donde el holón y la experiencia de la entidad tridimensional mantienen las puertas del flujo mutuo. A través del flujo de información y energía mutuas, los puntos de enlace evocan la estructura de una personalidad alternativa.', '13.04', 0, 0, 1, 799200, -945, -925, '945 - 925 A.C.', 3, 13, 23, 0, 0, 1, 111, 5, 07, 3, 07, 09, 07, 3, 57, 38, 2, 06, 11, 28, 3, 228, 163, 241, 150),
(112, 'Humano Galáctico Amarillo', 'la Libre Voluntad Galáctica', 'Yo armonizo con el fin de Influenciar, modelando la Sabiduría. Sello el Proceso de la Libre Voluntad con el tono Galáctico de la Integridad. Me guía el poder de la Inteligencia. Soy un Portal de Activación Galáctica, entra en mí.', 'La aplicación de Hunab Ku 21 vuelve a reunir la personalidad humana fragmentada en un todo unificado al adquirir una nueva serie de arquetipos que se corresponden a una totalidad consciente colectiva de la noosfera.', 'Los dos principales tipos de vehículos pueden ser ampliados en un tipo y estructura que incluyan formas aún más complejas de geometrías radiativas. Ya sea el simple cristal de doble terminación, o del tipo rosa floral, la dinámica del transporte telepático es mantenida por una identificación completa del eje vertebral del cuerpo tridimensional con el eje central coordinador del doble holón que mantiene la forma de transporte.', '12.04', 0, 0, 1, 806400, -925, -905, '925 - 905 A.C.', 3, 13, 26, 0, 0, 1, 112, 5, 08, 3, 08, 09, 08, 3, 58, 38, 3, 06, 12, 28, 4, 047, 216, 242, 149),
(113, 'Caminante del Cielo Solar Rojo', 'el Espacio Solar', 'Yo pulso con el fin de Explorar, realizando la Vigilancia. Sello la Salida del Espacio con el tono Solar de la Intención. Me guía el poder del Agua Universal. Soy un Portal de Activación Galáctica, entra en mí.', 'El lenguaje telepático del número es el medio de unión perfecto para la noosfera. Todas las capas y corrientes de pensamiento planetario y extra-planetario se indexan dentro de la noosfera. A través de la resonancia con la noosfera puedes comunicarte con cualquier persona en el pasado, presente o futuro.', 'La actividad del conjunto de personalidades alternativas está determinada por el acuerdo colectivo de los cuerpos receptores sobre el objetivo del viaje en el tiempo.', '11.04', 0, 0, 1, 813600, -905, -886, '905 - 886 A.C.', 3, 13, 39, 0, 0, 1, 113, 5, 09, 3, 09, 09, 09, 3, 59, 38, 4, 06, 13, 29, 1, 126, 009, 243, 148),
(114, 'Mago Planetario Blanco', 'la Atemporalidad Planetaria', 'Yo perfecciono con el fin de Encantar, produciendo la Receptividad. Sello la Salida de la Atemporalidad con el tono Planetario de la Manifestación. Me guía el poder del Espíritu. Soy un Portal de Activación Galáctica, entra en mí.', 'La telepatía es la función de la estructura de frecuencia auto-existente por la cual el universo se mantiene en resonancia consigo mismo.', 'A través de radializar las pulsaciones solares, la arquitectura radiosónica se convierte en un fenómeno evolutivo semi-independiente, por cuya cromática estructural de quinta fuerza se autogenera el radión. Como los siete plasmas electrónicos primarios, el radión generado radiosónicamente transforma el mantenimiento de la arquitectura radiosónica, a través de las experiencias hipersensoriales expandidas en la principal ocupación de los habitantes de la espora de arte planetario.', '10.04', 0, 0, 1, 820800, -886, -866, '886 - 866 A.C.', 3, 13, 42, 0, 0, 1, 114, 5, 10, 3, 10, 09, 10, 3, 60, 38, 5, 06, 14, 29, 2, 205, 062, 244, 147),
(115, 'Águila Espectral Azul', 'la Visión Espectral', 'Yo disuelvo con el fin de Crear, divulgando la Mente. Sello la Salida de la Visión con el tono Espectral de la Liberación. Me guía mi propio Poder duplicado. Soy un Kin Polar, transporto el Espectro Galáctico Azul. Soy un Portal de Activación Galáctica, entra en mí.', 'A través de nuestras seis (+1) esferas mentales estamos en contacto con los registros de ondas de pensamiento cósmico en todo momento, y la información de otros mundos y dimensiones está siempre a nuestro alcance. Somos capaces de abrir canales etéricos plasmáticos en nuestros centros cerebrales para recibir señales electrotelepáticas para la activación de diferentes capacidades y funciones de la consciencia.', 'Con la comprensión predominante de que la vida procede del futuro, la civilización galáctica súper consciente de la evolucionada espora del arte planetario, emprenderá aventuras en la barca de almas a través de la ahora hiperextendida arquitectura radiosónica. El propósito de las aventuras de la barca de almas –cruceros transmigratorios de la masa colectiva radiosónica que viajan entre el súper consciente y el consciente subliminal–, es implantar funciones post-orgánicas conscientes subliminales en el aparato auto-regulador de la espora del arte planetario.', '09.04', 0, 1, 1, 828000, -866, -846, '866 - 846 A.C.', 1, 03, NULL, 0, 0, 1, 115, 5, 11, 3, 11, 09, 11, 3, 61, 39, 1, 06, 15, 29, 3, 024, 115, 245, 146),
(116, 'Guerrero Cristal Amarillo', 'la Inteligencia Cristal', 'Yo me dedico a con el fin de Cuestionar, universalizando la Intrepidez. Sello la Salida de la Inteligencia con el tono Cristal de la Cooperación. Me guía el poder de la Elegancia.', 'Hay información matemática sistemática inteligente y códigos de evolución espiritual a lo largo de la estructura del Universo. El orden evolutivo es la ascensión supermental; el orden en sí es el sistema del cubo. Sirio es el mecanismo que proyecta este orden.', 'El viaje en el tiempo de la masa radiosonica colectiva en una proyección radiativa de barcas de almas unificadas en la forma del cristal de múltiples terminaciones, liberada de la referencia de la vida sensorial hyperorganica, entra libremente en el reino post-orgánico del tiempo hiperdimensional, fuente de las “conversaciones” y “entidades” arrastradas por las fases tempranas de desarrollo de la vida superconsciente como una espora del arte.', '06.16', 0, 0, 2, 835200, -846, -827, '846 - 827 A.C.', 1, 03, NULL, 0, 0, 1, 116, 5, 12, 3, 12, 09, 12, 3, 62, 39, 2, 06, 16, 29, 4, 103, 168, 246, 145),
(117, 'Tierra Cósmica Roja', 'la Navegación Cósmica', 'Yo perduro con el fin de Evolucionar, trascendiendo la Sincronía. Sello la Matriz de la Navegación con el tono Cósmico de la Presencia. Me guía el poder del Nacimiento.', 'Cada galaxia es como un carrete enrollado alrededor de su eje (tubo mauri), con un sinfín de disquetes de luz girando alrededor, archivando y liberando tanto energía como información a infinitos niveles de comprensión.', 'Al haber completado conscientemente la dinámica del tiempo como la lógica matemática del plan divino, el programa piloto angélico está sintonizado a todos los tiempos como el punto-ahora del orden sincrónico y, simultáneamente, a la eyección final de las propiedades radiativas térmico-lumínicas de la masa estelar de donde se había originado.', '06.17', 0, 0, 2, 842400, -827, -807, '827 - 807 A.C.', 1, 03, NULL, 0, 0, 1, 117, 5, 13, 3, 13, 09, 13, 3, 63, 39, 3, 06, 17, 30, 1, 182, 221, 247, 144),
(118, 'Espejo Magnético Blanco', 'el Sin-Fín Magnético', 'Yo unifico con el fin de Reflejar, atrayendo el Orden. Sello la Matriz del Sin-Fín con el tono Magnético del Propósito. Me guía mi propio Poder duplicado. ', 'La Mente del Universo Interdimensional opera con múltiples plantillas simultáneas de códigos de información como parte de un proceso de supervisión galáctica.', 'La expulsión de propiedades radiativas térmico-lumínicas en la excitación de la supernova es una función correlacionada de un programa de meditación superior de la Federación Galáctica. Este programa de meditación está coordinado por el programa piloto angélico de la inteligencia originalmente evolucionada por la masa estelar en su trayectoria hacia la conversión en una supernova.', '06.18', 0, 0, 2, 849600, -807, -787, '807 - 787 A.C.', 1, 03, NULL, 0, 0, 1, 118, 5, 14, 3, 14, 10, 01, 3, 64, 39, 4, 06, 18, 30, 2, 001, 118, 248, 143),
(119, 'Tormenta Lunar Azul', 'la Autogeneración Lunar', 'Yo polarizo con el fin de Catalizar, estabilizando la Energía. Sello la Matriz de la Autogeneración con el tono Lunar del Desafío. Me guía el poder de la Magia.', 'Los números definen el tiempo en que vivimos. Los números son los componentes de la consciencia cósmica. Trata de entender el número como frecuencia.', 'Sólo hay un artífice estelar y un maestro estelar, señor de todos los universos, y ese es Dios.', '06.19', 0, 0, 2, 856800, -787, -768, '787 - 768 A.C.', 1, 03, NULL, 0, 0, 1, 119, 5, 15, 3, 15, 10, 02, 3, 65, 39, 5, 06, 19, 30, 3, 080, 171, 249, 142),
(120, 'Sol Eléctrico Amarillo', 'el Fuego Universal Eléctrico', 'Yo activo con el fin de Iluminar, vinculando la Vida. Sello la Matriz del Fuego Universal con el tono Eléctrico del Servicio. Me guía el poder del Florecimiento. Soy un Kin Polar, establezco el Espectro Galáctico Amarillo. ', 'En el estado verdadero de la mente está solo el infinito en cada dirección. El cubo es la raíz finita del Infinito. Esta es la expresión de la Ley del Uno. El Infinito es una matriz radial de orden interminable.', 'Estas ciencias no describen realmente el efecto del tiempo que gobierna el orden del movimiento en el espacio. Por las coordenadas variables (x,y,z), la ciencia del espacio mide la duración del movimiento de los cuerpos en el espacio, pero duración no es tiempo. Duración es simplemente una medida relativa del movimiento entre tres puntos relativamente asignados en el espacio. El principio de la medida de la duración del espacio subyace, también, en los conceptos tridimensionales del tiempo. La medición del tiempo incorporada en el reloj mecánico mide la duración del movimiento de un cuerpo dentro de un arco o grados de un círculo en el espacio. Esto no tiene nada que ver con la verdadera naturaleza del tiempo.', '06.20', 0, 1, 2, 864000, -768, -748, '768 - 748 A.C.', 1, 03, NULL, 0, 0, 1, 120, 5, 16, 3, 16, 10, 03, 4, 01, 40, 1, 06, 20, 30, 4, 159, 224, 250, 141),
(121, 'Dragón Autoexistente Rojo', 'el Nacimiento Autoexistente', 'Yo defino con el fin de Nutrir, midiendo el Ser. Sello la Entrada del Nacimiento con el tono Autoexistente de la Forma. Me guía el poder de la Navegación.', 'EL Synchronotron es un sistema vivo de correspondencias telepáticas que representan específicamente las comunicaciones guiadas de una Mente Superior que abarca toda la realidad multidimensional y conecta ciertas inteligencias avanzadas entre sí en un orden de consciencia intergaláctico.', 'Al informar igual y uniformemente el espectro completo de posibilidades evolutivas de energía, masa y consciencia, la constante de la frecuencia del tiempo 13:20, funciona como la Ley del Tiempo: T(E)=Arte, energía factorizada por tiempo es igual a arte. La calidad de la belleza es el índice de eficacia de la ecuación de la Ley del Tiempo, perceptible como el orden sincrónico del universo en cualquier momento dado.', '06.21', 0, 0, 2, 871200, -748, -728, '748 - 728 A.C.', 4, 14, NULL, 0, 0, 1, 121, 5, 17, 3, 17, 10, 04, 4, 02, 40, 2, 07, 01, 31, 1, 238, 017, 251, 140),
(122, 'Viento Entonado Blanco', 'el Espíritu Entonado', 'Yo confiero poder con el fin de Comunicar, comandando el Aliento. Sello la Entrada del Espíritu con el tono Entonado de la Radiancia. Me guía el poder del Corazón.', 'El Perceptor Holomental es el factor escondido oculto latente que maneja nuestras facultades paranormales, el interruptor superconsciente que transforma nuestro ser entero –cuerpo, mente y holón– en un instrumento divino, libre y radiante, a diferencia de lo que ahora soñamos como posible.', 'La experiencia de todo el sistema integral del Cerebro Galáctico, en un momento dado, debido al espectro completo de variantes de la disposición de las masas estelares en todo el campo, es sumamente estética por naturaleza', '06.22', 0, 0, 2, 878400, -728, -708, '728 - 708 A.C.', 4, 14, NULL, 0, 0, 1, 122, 5, 18, 3, 18, 10, 05, 4, 03, 40, 3, 07, 02, 31, 2, 057, 070, 252, 139),
(123, 'Noche Rítmica Azul', 'la Abundancia Rítmica', 'Yo organizo con el fin de Soñar, equilibrando la Intuición. Sello la Entrada de la Abundancia con el tono Rítmico de la Igualdad. Me guía mi propio Poder duplicado. ', 'Estas frecuencias más elevadas pueden ser aprehendidas y se vuelven significativas a través del aprendizaje y la comprensión del número como la dimensión que integra mente, tiempo, espacio y consciencia.', 'El principio de la geometría radiativa es el modo común de proyección de la forma a través de las cuatro fases básicas del Cerebro Galáctico: preconsciente inorgánico; inconsciente orgánico; superconsciente hiper-orgánico; y consciente subliminal post-orgánico.', '07.07', 0, 0, 2, 885600, -708, -689, '708 - 689 A.C.', 4, 14, NULL, 0, 0, 1, 123, 5, 19, 3, 19, 10, 06, 4, 04, 40, 4, 07, 03, 31, 3, 136, 123, 253, 138),
(124, 'Semilla Resonante Amarilla', 'el Florecimiento Resonante', 'Yo canalizo con el fin de Atinar, inspirando la Atención. Sello la Entrada del Florecimiento con el tono Resonante de la Sintonización. Me guía el poder de la Inteligencia.', 'La evolución del espacio a través del tiempo se realiza a través del número. Todo número puede reducirse a su Unidad Matriz Base (UMB). La UMB es un entero psíquico de la Mente Superior que está conectado con el Perceptor Holomental donde se pueden leer varios niveles de información.', 'La vida misma es función de un código del programa que se origina en la matriz radial del tiempo cuatridimensional. En el planeta Tierra este código es conocido como el código ADN de 64 unidades. Es la interacción del código ADN con la Ley del Tiempo, T(E)=Arte, por cuya frecuencia de sincronización 13:20 son diseñados los órdenes evolutivos de la vida.', '07.08', 0, 0, 2, 892800, -689, -669, '689 - 669 A.C.', 4, 14, NULL, 0, 0, 1, 124, 5, 20, 3, 20, 10, 07, 4, 05, 40, 5, 07, 04, 31, 4, 215, 176, 254, 137),
(125, 'Serpiente Galáctica Roja', 'la Fuerza Vital Galáctica', 'Yo armonizo con el fin de Sobrevivir, modelando el Instinto. Sello el Almacén de la Fuerza Vital con el tono Galáctico de la Integridad. Me guía el poder del Agua Universal.', 'Dentro del núcleo radial de los sentidos, el estímulo sensorial queda registrado, almacenado y procesado, a continuación queda transformado en otra forma que es después enviada. Matriz se refiere a cuando esta expresión se convierte en una nueva unidad de información dentro de la matriz evolutiva maestra o noosfera.', 'El descubrimiento de la Ley del Tiempo y sus aplicaciones definen un programa para la reorganización del orden social humano y el consiguiente desarrollo de tecnologías telepáticas para la mejora del medio ambiente y la posibilidad del viaje en el tiempo o el transporte telepático.', '07.09', 0, 0, 2, 900000, -669, -649, '669 - 649 A.C.', 4, 14, NULL, 0, 0, 1, 125, 5, 21, 3, 21, 10, 08, 4, 06, 41, 1, 07, 05, 32, 1, 034, 229, 255, 136),
(126, 'Enlazador de Mundos Solar Blanco', 'la Muerte Solar', 'Yo pulso con el fin de Igualar, realizando la Oportunidad. Sello el Almacén de la Muerte con el tono Solar de la Intención. Me guía el poder del Espíritu.', 'La tercera esfera mental, Consciente, se activa por la mediumnidad del consciente despierto, una mente-espacio impasible a los mecanismos de esperanza o miedo 3D, receptiva a las ondas de mentación más elevadas. La mediumnidad del consciente despierto corresponde a y es la base del cubo cósmico donde se generan las nuevas estructuras forma.', 'En la cuarta dimensión del tiempo, la forma social y el orden telepático son una unidad. Los códigos del Encantamiento del Sueño informan completamente al Calendario de Trece Lunas y al Telektonon con matrices subliminales que sólo pueden ser accesibles completamente, cuando se haya renunciado por completo las formas artificiales de organización y comunicación social 12:60.', '07.10', 0, 0, 2, 907200, -649, -630, '649 - 630 A.C.', 4, 14, NULL, 0, 0, 1, 126, 5, 22, 3, 22, 10, 09, 4, 07, 41, 2, 07, 06, 32, 2, 113, 022, 256, 135),
(127, 'Mano Planetaria Azul', 'la Realización Planetaria', 'Yo perfecciono con el fin de Conocer, produciendo la Curación. Sello el Almacén de la Realización con el tono Planetario de la Manifestación. Me guía el poder de la Visión.', 'Como un chip de transducción energética, el ser humano está involucrado en un vasto pero altamente formalizado proceso de electrodinámica psico-cósmica. La desinhibida pero disciplinada liberación de energía electrodinámica (radión) desde el sistema humano es la clave para la transición evolutiva al superhumano.', 'Las armónicas celestes personales son las exploraciones telepáticas en el tiempo basadas en la fecha de nacimiento, que luego definen el punto-espacio personal y sus potencialidades del vector tiempo. A través de las armónicas celestes, los procesos de la vida que habían sido inconscientes pueden experimentarse en el orden consciente a través de su desarrollo sincrónico.', '07.11', 0, 0, 2, 914400, -630, -610, '630 - 610 A.C.', 4, 14, NULL, 0, 0, 1, 127, 5, 23, 3, 23, 10, 10, 4, 08, 41, 3, 07, 07, 32, 3, 192, 075, 257, 134),
(128, 'Estrella Espectral Amarilla', 'la Elegancia Espectral', 'Yo disuelvo con el fin de Embellecer, divulgando el Arte. Sello el Almacén de la Elegancia con el tono Espectral de la Liberación. Me guía mi propio Poder duplicado. ', 'Las 55 octavas ordenadas como 10 circuitos constituyen una gran partitura musical, la sinfonía cósmica telepática que subyace en la gama de frecuencias de posibilidades de los universos visibles e invisibles, a medida que pueden ser conocidos.', 'La teleportación sensorial es la práctica de la proyección telepática a través de un programa sensorial coordinado del sistema biopsíquico, integrado yógicamente y sin ningún pensamiento mental o apegos del cuerpo de deseos. Mantener una forma de geometría proyectiva en esta condición, cultiva la consciencia continua.', '07.12', 0, 0, 2, 921600, -610, -590, '610 - 590 A.C.', 4, 14, NULL, 0, 0, 1, 128, 5, 24, 3, 24, 10, 11, 4, 09, 41, 4, 07, 08, 32, 4, 011, 128, 258, 133),
(129, 'Luna Cristal Roja', 'el Agua Universal Cristal', 'Yo me dedico a con el fin de Purificar, universalizando el Flujo. Sello el Proceso del Agua Universal con el tono Cristal de la Cooperación. Me guía el poder del Nacimiento.', 'El 266 establece el poder (2x133) del Conocedor del Comando Divino en su ascensión cósmica evolutiva en la octava dimensión del tiempo. Desde este punto, el chacra raíz del cuerpo arco iris 5-D, establece el plano gravitacional en el campo de fuerza Arcturus.', 'El momento preciso del lanzamiento del Puente Arco Iris Circumpolar, el Día Fuera del Tiempo, Espejo Resonante Blanco (25 de Julio del 2000), restaura y activa los reguladores del tubo de flujo polar magnético latente del planeta. Su finalización exitosa augura el triunfo de la teleportación sensorial (la eyección del Puente Arco Iris Circumpolar) como una posibilidad evolutiva establecida que coloca a las especies y la biosfera, nuevamente en la trayectoria evolutiva espiritual del Cerebro Galáctico.', '07.13', 0, 0, 2, 928800, -590, -570, '590 - 570 A.C.', 4, 14, NULL, 0, 0, 1, 129, 5, 25, 3, 25, 10, 12, 4, 10, 41, 5, 07, 09, 33, 1, 090, 181, 259, 132),
(130, 'Perro Cósmico Blanco', 'el Corazón Cósmico', 'Yo perduro con el fin de Amar, trascendiendo la Lealtad. Sello el Proceso del Corazón con el tono Cósmico de la Presencia. Me guía el poder de la Atemporalidad.', 'El circuito 10, contiene 8 unidades y contiene las Estaciones del Arca. Coordina los seres protectores que custodian el tesoro oculto contenido dentro de la 11ª dimensión. Arquetipos: Iluminado y Cambiador de Mundos. Entra en el Consejo Plutoniano de la Iluminación Catalítica.', 'Los reordenamientos armónicos del orden sincrónico son funciones de la transición biosfera-noosfera. Tras el experimento del Puente Arco Iris Circumpolar, la telepatía resultante del orden armónico de la RAP, se involucra conscientemente en el Cerebro Galáctico. El desarrollo de la espora del arte planetario es, por consiguiente, un despliegue evolutivo natural de retroalimentación telepática del consciente continuo y súper consciente que gobierna la unificación noosférica completa de todas las funciones de la biosfera.', '07.14', 0, 0, 2, 936000, -570, -550, '570 - 550 A.C.', 4, 14, NULL, 0, 0, 1, 130, 5, 26, 3, 26, 10, 13, 4, 11, 42, 1, 07, 10, 33, 2, 169, 234, 260, 131),
(131, 'Mono Magnético Azul', 'la Magia Magnética', 'Yo unifico con el fin de Jugar, atrayendo la Ilusión. Sello el Proceso de la Magia con el tono Magnético del Propósito. Me guía mi propio Poder duplicado. ', 'El Perceptor Holomental es el chip organizador de la experiencia mental de todo el colectivo noosférico. Es parte de un sistema del Cubo telepático de la undécima dimensión liberado a través del Consejo de Sirio ‘B’ para el avance de la evolución mental-espiritual.', 'Todas las entidades biológicas llamadas humanas poseen un holón, un doble cuatridimensional latente y reprimido durante la desviación 12:60 de la norma. La activación del holón es un desarrollo evolutivo que depende de la liberación de la consciencia instintiva orgánica en una consciencia continua telepática.', '07.15', 0, 0, 2, 943200, -550, -530, '550 - 530 A.C.', 4, 14, NULL, 0, 0, 2, 01, 1, 01, 3, 27, 11, 01, 4, 12, 42, 2, 07, 11, 33, 3, 248, 131, 001, 130),
(132, 'Humano Lunar Amarillo', 'la Libre Voluntad Lunar', 'Yo polarizo con el fin de Influenciar, estabilizando la Sabiduría. Sello el Proceso de la Libre Voluntad con el tono Lunar del Desafío. Me guía el poder del Florecimiento.', 'La radiancia es la Presencia Eterna mantenida por la consciencia intrínseca como la presencia consciente ininterrumpida.', 'Los usos principales de las tecnologías telepáticas y del viaje en el tiempo son para: la restauración del magnetismo y vitalidad personal, la corrección de los patrones sociales colectivos desequilibrados, incluida la eliminación de los residuos tóxicos, la creación de los anillos circumpolares, la restauración del sistema del tubo de flujo interplanetario, y la exploración de las funciones espirituales de dimensiones superiores (vida universal galáctica) del súper consciente y del consciente subliminal.', '07.16', 1, 0, 2, 950400, -530, -510, '530 - 510 A.C.', 4, 14, NULL, 0, 0, 2, 02, 1, 02, 3, 28, 11, 02, 4, 13, 42, 3, 07, 12, 33, 4, 067, 184, 002, 129),
(133, 'Caminante del Cielo Eléctrico Rojo', 'el Espacio Eléctrico', 'Yo activo con el fin de Explorar, vinculando la Vigilancia. Sello la Salida del Espacio con el tono Eléctrico del Servicio. Me guía el poder de la Navegación.', 'Mientras que el 7 es la frecuencia universal de la creación, el 13 es la frecuencia del tiempo como el factor de sincronización universal. 13 y 7 crean los programas de sincronización del universo resultando en una frecuencia 13:20.', 'Más allá de la teleportación sensorial imaginal, el transporte en el tiempo del cuerpo entero es la capacidad de la entidad tridimensional para experimentar el ‘desplazamiento’ o funcionamiento coordinado en dos lugares a la vez. Esto es sólo posible debido al desarrollo de la personalidad alternativa cuatridimensional y su capacidad para incorporar la sensación tridimensional del cuerpo interno del ‘ser’.', '07.17', 0, 0, 2, 957600, -510, -491, '510 - 491 A.C.', 4, 14, NULL, 0, 0, 2, 03, 1, 03, 3, 29, 11, 03, 4, 14, 42, 4, 07, 13, 34, 1, 146, 237, 003, 128),
(134, 'Mago Autoexistente Blanco', 'la Atemporalidad Autoexistente', 'Yo defino con el fin de Encantar, midiendo la Receptividad. Sello la Salida de la Atemporalidad con el tono Autoexistente de la Forma. Me guía el poder del Corazón.', 'La telepatía es un sistema de frecuencias y relaciones percibidas instantáneamente que estructuran los modos de percepción subliminal y superconsciente.', 'El proceso de actividad total del 2000-2013 DA demuestra una simbiosis de excitación de los pulsos planetario y estelar. La excitación del pulso planetario se experimenta como la transición biosfera-noosfera. La revelación del banco psi planetario, es en realidad una función de la excitación estelar.', '07.18', 0, 0, 2, 964800, -491, -471, '491 - 471 A.C.', 4, 14, NULL, 0, 0, 2, 04, 1, 04, 3, 30, 11, 04, 4, 15, 42, 5, 07, 14, 34, 2, 225, 030, 004, 127),
(135, 'Águila Entonado Azul', 'la Visión Entonada', 'Yo confiero poder con el fin de Crear, comandando la Mente. Sello la Salida de la Visión con el tono Entonado de la Radiancia. Me guía el poder de la Abundancia.', 'Bajo el espejismo y la alucinación de la persona humana tridimensional está la implacable e imperturbable Esencia misma: la existencia cósmica inmersa en su propia expresión de conciencia auto-existente.', 'A través de la masa radiosónica colectiva, el propósito del viaje en el tiempo universal galáctico es incrementar la incidencia del consciente subliminal como un efecto de retroalimentación dirigido sobre los pulsos planetario y solar. Ya que la retroalimentación subliminal es el ‘futuro’ post-orgánico, la creación de unas condiciones ‘futuras’ cada vez más óptimas desempeña un papel cada vez más importante en la evolución de la espora del arte planetario.', '07.19', 0, 0, 2, 972000, -471, -451, '471 - 451 A.C.', 4, 14, NULL, 0, 0, 2, 05, 1, 05, 3, 31, 11, 05, 4, 16, 43, 1, 07, 15, 34, 3, 044, 083, 005, 126),
(136, 'Guerrero Rítmico Amarillo', 'la Inteligencia Rítmica', 'Yo organizo con el fin de Cuestionar, equilibrando la Intrepidez. Sello la Salida de la Inteligencia con el tono Rítmico de la Igualdad. Me guía mi propio Poder duplicado. ', 'La ciencia no es nada más que la investigación de las leyes detrás el arte de la naturaleza. Estas leyes son en última instancia expresiones de un vasto orden matemático de la realidad.', 'La entrada en el Dominio del Tiempo a través del descubrimiento auto-reflexivo consciente de la Ley del Tiempo en realidad inicia el ‘ciclo de retorno’. El ciclo de retorno se refiere a ese momento en la evolución estelar cuando la expansión atómica-celular se vuelve regresiva, y el proceso correcto de excitación del material primario sólo puede ser inducido por la consciencia auto-reflexiva. A medida que la consciencia auto-reflexiva aumenta, la masa disminuye, el volumen se expande, y el peso se reduce. Esta reducción es proporcional a la liberación de radión que resulta en la expansión del consciente continuo y súper consciente de las propiedades térmicas y lumínicas primarias.', '07.20', 0, 0, 2, 979200, -451, -432, '451 - 432 A.C.', 4, 14, NULL, 0, 0, 2, 06, 1, 06, 3, 32, 11, 06, 4, 17, 43, 2, 07, 16, 34, 4, 123, 136, 006, 125),
(137, 'Tierra Resonante Roja', 'la Navegación Resonante', 'Yo canalizo con el fin de Evolucionar, inspirando la Sincronía. Sello la Matriz de la Navegación con el tono Resonante de la Sintonización. Me guía el poder del Agua Universal.', 'El circuito interplanetario que subyace al holón planetario es la placa madre telepática que se acomoda a la emergencia de la noosfera.', 'A través de la participación en la Federación Galáctica, los ángeles poseen una capacidad guiadora que está dirigida inteligentemente al retroalimentarse desde el diseño coordinador de Dios. Esta capacidad guiadora permite a los ángeles ser asignados a cualquier gama infinita de los cuerpos en el tiempo evolucionados a través del flujo continuo de energía-a-mente del Cerebro Galáctico.', '07.21', 0, 0, 2, 986400, -432, -412, '432 - 412 A.C.', 4, 14, NULL, 0, 0, 2, 07, 1, 07, 3, 33, 11, 07, 4, 18, 43, 3, 07, 17, 35, 1, 202, 189, 007, 124),
(138, 'Espejo Galáctico Blanco', 'el Sin-Fín Galáctico', 'Yo armonizo con el fin de Reflejar, modelando el Orden. Sello la Matriz del Sin-Fín con el tono Galáctico de la Integridad. Me guía el poder del Espíritu.', 'La consciencia evoluciona a través de la conexión de diferentes puntos de Luz dentro de una Esfera Planetaria. Todos los más altos estados de la Mente y del Ser han penetrado a este nivel y en diversos grados ellos intentan comunicar a otros lo que esto es.', 'Los Mahabodhisattvas son órdenes angélicos que eligen la trasmigración galáctica. El afán del bodhisattva está incesantemente dirigido a la realización ilimitada de todo el campo de resplandor y luminosidad a través de todo el universo espejo radialmente infinito de cerebros galácticos y sistemas de mundos infinitos.', '07.22', 0, 0, 2, 993600, -412, -392, '412 - 392 A.C.', 4, 14, NULL, 0, 0, 2, 08, 1, 08, 3, 34, 11, 08, 4, 19, 43, 4, 07, 18, 35, 2, 021, 242, 008, 123),
(139, 'Tormenta Solar Azul', 'la Autogeneración Solar', 'Yo pulso con el fin de Catalizar, realizando la Energía. Sello la Matriz de la Autogeneración con el tono Solar de la Intención. Me guía el poder de la Visión.', 'A través de la aplicación de Synchronotron a uno se le hace avanzar hacia la simultaneidad de dimensiones y niveles de consciencia y modalidades del ser.', 'Estar con Dios es el Día del Juicio Final. El Día del Juicio Final es definido por el descubrimiento de la Ley del Tiempo, el cual es tanto la revelación final como el conocimiento para proceder correctamente, ya que antes, debido a la falta de la ciencia del tiempo, sólo estaba el error manifiesto. La transición biosfera-noosfera es la maduración externa del inconsciente cósmico y es sinónimo con la secuencia del Día del Juicio Final del descubrimiento de la Ley del Tiempo.', '08.07', 0, 0, 2, 1000800, -392, -373, '392 - 373 A.C.', 4, 14, NULL, 0, 0, 2, 09, 1, 09, 3, 35, 11, 09, 4, 20, 43, 5, 07, 19, 35, 3, 100, 035, 009, 122),
(140, 'Sol Planetario Amarillo', 'el Fuego Universal Planetario', 'Yo perfecciono con el fin de Iluminar, produciendo la Vida. Sello la Matriz del Fuego Universal con el tono Planetario de la Manifestación. Me guía el poder de la Elegancia. Soy un Kin Polar, extiendo el Espectro Galáctico Amarillo. ', 'El cubo 441 es un campo de fuerza geométrico, una geometría mental que sustituye y contrarresta la gravedad que es sólo una fuerza tridimensional. Todo en la raíz del infinito es una función de geometría de la forma traducida en números de índice de frecuencia telepática.', 'Al hacerse consciente, la Ley del Tiempo altera las posibilidades de interacción telepática entre cuerpos específicos. Las alteraciones conscientes de telepatía entre cuerpos específicos en los que la Ley del Tiempo se ha hecho consciente, determinan una serie de posibilidades llamada, la dinámica del tiempo, o armónicas celestes.', '08.08', 0, 1, 2, 1008000, -373, -353, '373 - 353 A.C.', 4, 14, NULL, 0, 0, 2, 10, 1, 10, 3, 36, 11, 10, 4, 21, 44, 1, 07, 20, 35, 4, 179, 088, 010, 121);
INSERT INTO `kin` (`ide`, `nom`, `pod`, `des`, `des_umb`, `des_tie`, `psi`, `tel_pak`, `val_est`, `pag`, `fac`, `fac_ini`, `fac_fin`, `fac_ran`, `ene`, `ene_cam`, `chi`, `enc_ini`, `enc_fin`, `gen_enc`, `gen_enc_dia`, `gen_cel`, `gen_cel_dia`, `nav_cas`, `nav_cas_dia`, `nav_ond`, `nav_ond_dia`, `cro_est`, `cro_est_dia`, `cro_ele`, `cro_ele_dia`, `arm_tra`, `arm_tra_dia`, `arm_cel`, `arm_cel_dia`, `par_ana`, `par_gui`, `par_ant`, `par_ocu`) VALUES
(141, 'Dragón Espectral Rojo', 'el Nacimiento Espectral', 'Yo disuelvo con el fin de Nutrir, divulgando el Ser. Sello la Entrada del Nacimiento con el tono Espectral de la Liberación. Me guía mi propio Poder duplicado. ', 'La sincronotrónica es la ciencia de lectura y aplicación de estas estructuras de inteligencia para el avance de la noosfera en el curso de la evolución cósmica.', 'Las estructuras sociales encomendadas por la Ley del Tiempo son también estructuras telepáticas de conocimiento. La integración de los patrones biológicos de la vida en la frecuencia del tiempo correcta con la búsqueda de la creación de estructuras mentales de duración prolongada dotará a la especie con una consciencia telepática colectiva actualmente desconocida.', '08.09', 0, 0, 2, 1015200, -353, -333, '353 - 333 A.C.', 1, 02, NULL, 0, 0, 2, 11, 1, 11, 3, 37, 11, 11, 4, 22, 44, 2, 08, 01, 36, 1, 258, 141, 011, 120),
(142, 'Viento Cristal Blanco', 'el Espíritu Cristal', 'Yo me dedico a con el fin de Comunicar, universalizando el Aliento. Sello la Entrada del Espíritu con el tono Cristal de la Cooperación. Me guía el poder de la Atemporalidad.', 'Para acelerar la experiencia directa de universos paralelos, la recuperación de la memoria y el viaje interdimensional, imprime telepáticamente el Perceptor Holomental en tu cuerpo calloso y absórbelo a través del samadhi meditativo.', 'El instinto es totalmente una función de T(E)=Arte, y representa el orden ‘inconsciente’ de la telepatía. Mientras el instinto se basa enteramente en las funciones orgánicas, la telepatía es independiente de las operaciones orgánicas de la vida. El instinto tridimensional se inclina hacia la formación de estructuras de coherencia física. La telepatía cuatridimensional es disipante y se inclina hacia la navegación radiante en el tiempo.', '08.10', 0, 0, 2, 1022400, -333, -313, '333 - 313 A.C.', 1, 02, NULL, 0, 0, 2, 12, 1, 12, 3, 38, 11, 12, 4, 23, 44, 3, 08, 02, 36, 2, 077, 194, 012, 119),
(143, 'Noche Cósmica Azul', 'la Abundancia Cósmica', 'Yo perduro con el fin de Soñar, trascendiendo la Intuición. Sello la Entrada de la Abundancia con el tono Cósmico de la Presencia. Me guía el poder de la Realización.', 'El Perceptor Holomental es una función de la noogénesis, nacimiento a través de la mente. La fórmula para la noogénesis, una algebraica avanzada del cubo. El álgebra es la rama de la matemática en las que las letras y otros símbolos se usan para representar números y cantidades.', 'Una dialéctica desde la forma cristal y el reflejo secundario, la vida, impulsa el progreso evolutivo del preconsciente al inconsciente, estableciendo la posibilidad de la consciencia auto-reflexiva y el momento supremo del conocimiento de la Ley del Tiempo. La función del cristal es mantener el pensamiento/momento primordial a través del periodo del proceso evolutivo. Correlaciones invisibles e inconscientes del tiempo y la consciencia son transmitidas instintivamente por los cristales.', '08.11', 0, 0, 2, 1029600, -313, -294, '313 - 294 A.C.', 1, 02, NULL, 0, 0, 2, 13, 1, 13, 3, 39, 11, 13, 4, 24, 44, 4, 08, 03, 36, 3, 156, 247, 013, 118),
(144, 'Semilla Magnética Amarilla', 'el Florecimiento Magnético', 'Yo unifico con el fin de Atinar, atrayendo la Atención. Sello la Entrada del Florecimiento con el tono Magnético del Propósito. Me guía mi propio Poder duplicado. ', 'El sistema del Synchronotron contiene cuatro matrices 441 primarias, más el Perceptor Holomental. Estas cuatro matrices son: Matriz Base, Matriz Tiempo, Matriz Espacio y Matriz Sincrónica. Cada matriz puede ser superpuesta en la parte superior de la otra para crear diferentes ‘lecturas’.', 'El cuerpo de un planeta es una proyección materializada en espiral de una masa estelar principal. Por lo tanto, el cuerpo del planeta participa holonómicamente en la misma estructura del proceso que caracteriza al Cerebro Galáctico.', '08.12', 0, 0, 2, 1036800, -294, -274, '294 - 274 A.C.', 1, 02, NULL, 0, 0, 2, 14, 1, 14, 3, 40, 12, 01, 4, 25, 44, 5, 08, 04, 36, 4, 235, 144, 014, 117),
(145, 'Serpiente Lunar Roja', 'la Fuerza Vital Lunar', 'Yo polarizo con el fin de Sobrevivir, estabilizando el Instinto. Sello el Almacén de la Fuerza Vital con el tono Lunar del Desafío. Me guía el poder de la Navegación.', 'El ser humano es un intervalo cósmico equipado con cinco órganos de los sentidos (sistema de procesamiento de información) para recibir y procesar la información. Cada órgano trae diferentes tipos de información que es decodificada a través de la Mente.', 'Es la especie humana la única dentro de la biosfera que induce el momento del clímax biogeoquímico. Sólo el ser humano entra en la zona de transición de la civilización consciente que, por el poder del pensamiento auto-reflexivo, se convierte en un constructo cada vez más artificial de formas proyectadas dispersadas por toda la biosfera.', '08.13', 0, 0, 2, 1044000, -274, -254, '274 - 254 A.C.', 1, 02, NULL, 0, 0, 2, 15, 1, 15, 3, 41, 12, 02, 4, 26, 45, 1, 08, 05, 37, 1, 054, 197, 015, 116),
(146, 'Enlazador de Mundos Eléctrico Blanco', 'la Muerte Eléctrica', 'Yo activo con el fin de Igualar, vinculando la Oportunidad. Sello el Almacén de la Muerte con el tono Eléctrico del Servicio. Me guía el poder del Corazón. Soy un Portal de Activación Galáctica, entra en mí.', 'Las formas-pensamientos humanas son impresiones y grabaciones eléctricas en un patrón específico. Las nuevas impresiones son accesibles por la mente humana una vez que el proceso de pensamiento se suspende de forma que las nuevas grabaciones pueden penetrar en la programación adquirida.', 'Las herramientas humanas 13:20 cuatridimensionales para el desarrollo de las tecnologías telepáticas interdimensionales son, necesariamente, constructos mentales elaborados en mecanismos de funcionamiento extraordinariamente simples. Estas herramientas representan tres categorías de aplicación: restauración de la norma biológica del gobierno telepático (Calendario de Trece Lunas); elaboración de las facultades telepáticas y tipos de acción enfocada (Telektonon); manuales completos para la reorganización social y la identificación y mapeo de las armónicas celestes para la creación de vehículos de transporte en el tiempo (Encantamiento del Sueño).', '09.23', 0, 0, 1, 1051200, -254, -235, '254 - 235 A.C.', 1, 02, NULL, 0, 0, 2, 16, 1, 16, 3, 42, 12, 03, 4, 27, 45, 2, 08, 06, 37, 2, 133, 250, 016, 115),
(147, 'Mano Autoexistente Azul', 'la Realización Autoexistente', 'Yo defino con el fin de Conocer, midiendo la Curación. Sello el Almacén de la Realización con el tono Autoexistente de la Forma. Me guía el poder de la Abundancia. Soy un Portal de Activación Galáctica, entra en mí.', 'El ser humano es el circuito sensorial modular que ‘conoce’ auto-reflexivamente. Esta es una función universal y reflejo dinámico de la consciencia. Debido a esto el humano tiene la capacidad de ser cubicado.', 'Integrando la incidencia de las armónicas celestes accesibles a través del Calendario de Trece Lunas, el Telektonon establece un orden más complejo de armónicas celestes que son de naturaleza histórica e interplanetaria. La introducción del Cubo de la Ley, el poder del 16 (4x4) (1/2 de 32, 1/4 de 64), amplifica el potencial para el mapeo de la transición biosfera-noosfera.', '10.23', 0, 0, 1, 1058400, -235, -215, '235 - 215 A.C.', 3, 13, 11, 0, 0, 2, 17, 1, 17, 3, 43, 12, 04, 4, 28, 45, 3, 08, 07, 37, 3, 212, 043, 017, 114),
(148, 'Estrella Entonada Amarilla', 'la Elegancia Entonada', 'Yo confiero poder con el fin de Embellecer, comandando el Arte. Sello el Almacén de la Elegancia con el tono Entonado de la Radiancia. Me guía el poder de la Inteligencia. Soy un Portal de Activación Galáctica, entra en mí.', 'Cuando se experimenta como un sistema o red de comunicación, los planetas del sistema solar no están ordenados de acuerdo a sus órbitas, sino de acuerdo a las funciones de consciencia que conforma un Ser Superior Galáctico. Cada planeta (unidades de consciencia) tiene un circuito de entrada (galáctico/kármico) y un circuito de salida (solar/profético).', 'El efecto total de la desviación de la AC-CA de la norma biosférica es doble: la cristalización de los constructos artificiales socava en última instancia las funciones biológicas y aborta a la inteligencia instintiva de convertirse en inteligencia consciente; esto da como resultado una condición simultánea de sobrecarga sensorial y privación sensorial dentro del organismo individual de toda la especie desviada.', '11.23', 0, 0, 1, 1065600, -215, -195, '215 - 195 A.C.', 3, 13, 06, 0, 0, 2, 18, 1, 18, 3, 44, 12, 05, 4, 29, 45, 4, 08, 08, 37, 4, 031, 096, 018, 113),
(149, 'Luna Rítmica Roja', 'el Agua Universal Rítmica', 'Yo organizo con el fin de Purificar, equilibrando el Flujo. Sello el Proceso del Agua Universal con el tono Rítmico de la Igualdad. Me guía mi propio Poder duplicado. Soy un Portal de Activación Galáctica, entra en mí.', 'El 224 establece la octava del estándar armónico 28, o el sonido celestial del consciente subliminal en la sexta dimensión del tiempo. Desde este punto, el corazón radiante del cuerpo del templo 3-D se activa, estableciendo el plano electromagnético. La luz azul de la divinidad femenina despierta en el campo de fuerza Antares.', 'Los tres primeros plasmas radiales funcionan para crear un campo telepático primario térmico-lumínico, lumínico-térmico. La liberación del cuarto plasma establece el radión de la matriz telepática, comenzando la activación consciente del radión, para lubricar la fase consciente de cuatro años de la transición biosfera-noosfera, 1996-2000 DA.', '12.23', 0, 0, 1, 1072800, -195, -175, '195 - 175 A.C.', 3, 13, 59, 0, 0, 2, 19, 1, 19, 3, 45, 12, 06, 4, 30, 45, 5, 08, 09, 38, 1, 110, 149, 019, 112),
(150, 'Perro Resonante Blanco', 'el Corazón Resonante', 'Yo canalizo con el fin de Amar, inspirando la Lealtad. Sello el Proceso del Corazón con el tono Resonante de la Sintonización. Me guía el poder del Espíritu. Soy un Portal de Activación Galáctica, entra en mí.', 'El circuito 4, contiene 56 unidades y es el circuito coordinador interdimensional de los cuatro tiempos radiales. Unifica y conecta la información etérica cuatridimensional. Arquetipos: Hierofante y Profeta. Entra en el Consejo Marciano de la (In)mortalidad de los Despertares.', 'El mismo principio de la geometría pulsar que invierte el giro atómico-molecular de las enzimas, virus y formas bacteriales, es utilizado para el reordenamiento del orden sincrónico de las funciones orgánicas genéticas.', '13.23', 0, 0, 1, 1080000, -175, -156, '175 - 156 A.C.', 3, 13, 54, 0, 0, 2, 20, 1, 20, 3, 46, 12, 07, 4, 31, 46, 1, 08, 10, 38, 2, 189, 202, 020, 111),
(151, 'Mono Galáctico Azul', 'la Magia Galáctica', 'Yo armonizo con el fin de Jugar, modelando la Ilusión. Sello el Proceso de la Magia con el tono Galáctico de la Integridad. Me guía el poder de la Visión. Soy un Portal de Activación Galáctica, entra en mí.', 'El propósito de imprimir telepáticamente el sistema 11º-dimensional del Cubo/Perceptor Holomental es alcanzar la plena radialización de la consciencia. Este es un sistema completamente integral de reciprocidad interna-intrínseca de todos los componentes, circuitos, elementos y frecuencias.', 'Correspondiendo a la singularidad del patrón psicogenético individual, la estructura de los puntos de encaje establece la base de una personalidad secundaria o doble cuatridimensional.', '13.26', 0, 0, 1, 1087200, -156, -136, '156 - 136 A.C.', 3, 13, 43, 0, 0, 2, 21, 1, 21, 3, 47, 12, 08, 4, 32, 46, 2, 08, 11, 38, 3, 008, 255, 021, 110),
(152, 'Humano Solar Amarillo', 'la Libre Voluntad Solar', 'Yo pulso con el fin de Influenciar, realizando la Sabiduría. Sello el Proceso de la Libre Voluntad con el tono Solar de la Intención. Me guía el poder de la Elegancia. Soy un Portal de Activación Galáctica, entra en mí.', 'La plantilla de Hunab Ku 21 ha absorbido en su interior un campo intergaláctico para capacitar el campo de fuerza de atracción magnética vulom en el que numerosos centros conocidos y desconocidos se unifican como una totalidad.', 'Los vehículos de transporte del tiempo personal se construyen usando el potencial del vector tiempo básico de la fecha de nacimiento (firma galáctica) coordinado con los conjuntos de posibilidades de otras fechas en la historia personal, incluyendo las coordenadas de las firmas galácticas de familiares, amigos, eventos importantes, etc. El vehículo de transporte personal es del tipo cristal de doble terminación operado por la personalidad cuatridimensional. Los experimentos son posibles durante la fase consciente de la transición biosfera-noosfera, 1996-2000 DA.', '12.26', 0, 0, 1, 1094400, -136, -116, '136 - 116 A.C.', 3, 13, 38, 0, 0, 2, 22, 1, 22, 3, 48, 12, 09, 4, 33, 46, 3, 08, 12, 38, 4, 087, 048, 022, 109),
(153, 'Caminante del Cielo Planetario Rojo', 'el Espacio Planetario', 'Yo perfecciono con el fin de Explorar, produciendo la Vigilancia. Sello la Salida del Espacio con el tono Planetario de la Manifestación. Me guía el poder del Nacimiento. Soy un Portal de Activación Galáctica, entra en mí.', 'El banco psi noosférico es un registro de ambas frecuencias la extraterrestre y la interplanetaria. Los ángeles y los espíritus de la Tierra por igual son agregados de frecuencias codificadas operando en las configuraciones del banco psi.', 'La naturaleza de la exploración interplanetaria depende de la realización de los reordenamientos del nivel superior del orden sincrónico, necesarios por la variabilidad de patrones armónicos estelares reflejados en las frecuencias orbitales de los planetas entre sí.', '11.26', 0, 0, 1, 1101600, -116, -97, '116 - 97 A.C.', 3, 13, 27, 0, 0, 2, 23, 1, 23, 3, 49, 12, 10, 4, 34, 46, 4, 08, 13, 39, 1, 166, 101, 023, 108),
(154, 'Mago Espectral Blanco', 'la Atemporalidad Espectral', 'Yo disuelvo con el fin de Encantar, divulgando la Receptividad. Sello la Salida de la Atemporalidad con el tono Espectral de la Liberación. Me guía mi propio Poder duplicado. Soy un Portal de Activación Galáctica, entra en mí.', 'El lenguaje de la civilización cósmica supermental refleja una comprensión superior del número como el lenguaje telapático de la mente evolucionada.', 'La red planetaria auto-evolucionada de la arquitectura radiosónica que registra las funciones análogas de la vida de las funciones análogas superiores, es intensificada por el desarrollo de las “barcas de almas”: soportes diseñados radiosónicamente del doble cuatridimensional que extienden la actividad del doble mucho más allá de la esperanza de vida biológica de la época actual. La especie humana misma evoluciona hacia una raza de magos cuyos cuerpos tridimensionales se arraigan en un tipo de cultura de jardín elemental, mientras que las formas de meditación profunda y actividades de trance permiten a los dobles proyectados una cada vez mayor extensión en el orden galáctico de la vida universal.', '10.26', 0, 0, 1, 1108800, -97, -77, '97 - 77 A.C.', 3, 13, 22, 0, 0, 2, 24, 1, 24, 3, 50, 12, 11, 4, 35, 46, 5, 08, 14, 39, 2, 245, 154, 024, 107),
(155, 'Águila Cristal Azul', 'la Visión Cristal', 'Yo me dedico a con el fin de Crear, universalizando la Mente. Sello la Salida de la Visión con el tono Cristal de la Cooperación. Me guía el poder de la Realización. Soy un Portal de Activación Galáctica, entra en mí.', 'El lenguaje de los pájaros es una función de estar en resonancia consciente con diversas leyes y principios gobernados por un orden armónico telepático de la realidad cognoscible por la plantilla auto-existente, 441.', 'La auto-regulación de la retroalimentación post-orgánica subliminal completa el circuito de aprendizaje evolutivo del Cerebro Galáctico, ahora totalmente registrado como pulsaciones de las coordenadas del tiempo estelar/planetario.', '09.26', 0, 0, 1, 1116000, -77, -57, '77 - 57 A.C.', 1, 04, NULL, 0, 0, 2, 25, 1, 25, 3, 51, 12, 12, 4, 36, 47, 1, 08, 15, 39, 3, 064, 207, 025, 106),
(156, 'Guerrero Cósmico Amarillo', 'la Inteligencia Cósmica', 'Yo perduro con el fin de Cuestionar, trascendiendo la Intrepidez. Sello la Salida de la Inteligencia con el tono Cósmico de la Presencia. Me guía el poder del Fuego Universal.', 'Todo está comunicando su información simultáneamente, para crear todo el universo como una gran placa de memoria cósmica que entreteje el campo akáshico o banco psi. Toda la información está siempre disponible en cualquier momento.', 'La suma de la evolución de la espora de arte planetario es la auto-creación de una arquitectura radiosónica conscientemente reflexiva y de arquitectónicas auto-propulsadas, cuya acción final definible es la expulsión de la masa radiosónica colectiva del programa genético original en su trayectoria evolucionaria final en el tiempo: el medio de consciencia subliminal post-orgánica de mente pura, el medio pre-primario de post-vida del teatro hiper-dimensional del Dominio de Tiempo, el medio angélico o campos de Budda. Este momento de excitación completa el ciclo de masa estelar a supernova incipiente.', '08.14', 0, 0, 2, 1123200, -57, -38, '57 - 38 A.C.', 1, 04, NULL, 0, 0, 2, 26, 1, 26, 3, 52, 12, 13, 4, 37, 47, 2, 08, 16, 39, 4, 143, 260, 026, 105),
(157, 'Tierra Magnética Roja', 'la Navegación Magnética', 'Yo unifico con el fin de Evolucionar, atrayendo la Sincronía. Sello la Matriz de la Navegación con el tono Magnético del Propósito. Me guía mi propio Poder duplicado. ', 'La estructura de la consciencia universalizada se conoce como Synchronotron. Debe ser experimentado para conocerlo.', 'La masa radiosónica colectiva puramente cuatridimensional, liberada del anclaje tridimensional dentro de su vehículo de transporte perfeccionado radiantemente o barca alma, encuentra el futuro en toda su hiperdimensionalidad luminosamente radial. Absorbida en el futuro puro del tiempo hiperdimensional post-orgánico, la masa radiosónica colectiva entra en la verdadera atemporalidad, experimentada como la cualidad del ‘siempre existente’.', '08.15', 0, 0, 2, 1130400, -38, -18, '38 - 18 A.C.', 1, 04, NULL, 0, 0, 2, 27, 2, 01, 4, 01, 13, 01, 4, 38, 47, 3, 08, 17, 40, 1, 222, 157, 027, 104),
(158, 'Espejo Lunar Blanco', 'el Sin-Fín Lunar', 'Yo polarizo con el fin de Reflejar, estabilizando el Orden. Sello la Matriz del Sin-Fín con el tono Lunar del Desafío. Me guía el poder del Corazón.', 'Los seres superiores del orden galáctico son todos claridad y radiancia; ellos se alimentan sólo de radión y exudan nada más que luz.', 'El punto de concentración meditativo del programa piloto angélico con la explosión final de la masa estelar en la supernova auto-radiativamente en desintegración, marca subliminalmente la eyección simultánea del programa piloto hacia universos paralelos u otros cerebros galácticos.', '08.16', 0, 0, 2, 1137600, -18, 2, '18 A.C. - 2 D.C.', 1, 04, NULL, 0, 0, 2, 28, 2, 02, 4, 02, 13, 02, 4, 39, 47, 4, 08, 18, 40, 2, 041, 210, 028, 103),
(159, 'Tormenta Eléctrica Azul', 'la Autogeneración Eléctrica', 'Yo activo con el fin de Catalizar, vinculando la Energía. Sello la Matriz de la Autogeneración con el tono Eléctrico del Servicio. Me guía el poder de la Abundancia.', '19 es la llave que abre la matriz de la comprensión. 20 es la frecuencia de la totalidad; 21 es la unidad de DIOS coronando el número de la totalidad. 13 y 7 son las leyes de la creación.', 'Dios es la verdad cierta de la perfección omnidireccional del orden radial en todas las fases del Cerebro Galáctico en todas sus posibilidades y permutaciones de universos paralelos.', '08.17', 0, 0, 2, 1144800, 2, 21, '2 - 21 D.C.', 1, 04, NULL, 0, 0, 2, 29, 2, 03, 4, 03, 13, 03, 4, 40, 47, 5, 08, 19, 40, 3, 120, 003, 029, 102),
(160, 'Sol Autoexistente Amarillo', 'el Fuego Universal Autoexistente', 'Yo defino con el fin de Iluminar, midiendo la Vida. Sello la Matriz del Fuego Universal con el tono Autoexistente de la Forma. Me guía el poder de la Inteligencia. Soy un Kin Polar, convierto el Espectro Galáctico Amarillo. ', 'El cubo 441 es el mensaje cósmico concentrado unitario destinado a funcionar como el medio de evolución facilitando la aceleración de la mutación de la supermente y del superhumano.', 'Es la Ley del Tiempo la que mantiene los cuerpos en el espacio en orden sincrónico entre sí. Es decir, para cualquier momento dado en el universo, la Ley del Tiempo gobierna el orden sincrónico de todos los cuerpos constituyendo la apariencia momentánea del orden universal. La Ley del Tiempo informa a los cuerpos del espacio desde un orden de sistemas enteros que comprende todas las partes en relación entre si. Esto es lo que se entiende por orden sincrónico.', '08.18', 0, 1, 2, 1152000, 21, 41, '21 - 41 D.C.', 1, 04, NULL, 0, 0, 2, 30, 2, 04, 4, 04, 13, 04, 4, 41, 48, 1, 08, 20, 40, 4, 199, 056, 030, 101),
(161, 'Dragón Entonado Rojo', 'el Nacimiento Entonado', 'Yo confiero poder con el fin de Nutrir, comandando el Ser. Sello la Entrada del Nacimiento con el tono Entonado de la Radiancia. Me guía el poder del Agua Universal.', 'Todo lo que existe, ya sea un pensamiento, un átomo o una estrella tiene una frecuencia. Esta frecuencia se corresponde con un número y está registrado en los Códigos de la Creación de frecuencias telepáticas. En el Synchronotron, todo número es una frecuencia de comunicación –el significado de la frecuencia se calibra en el momento en que entra en tu comprensión.', 'La frecuencia del tiempo es la responsable de gobernar los propósitos y niveles de consciencia de los cuerpos en evolución. El tiempo factoriza la masa primordial en energía y estructura atómica preconscientes. El tiempo evoluciona la energía a partir de la masa atómica inorgánica hasta la masa celular orgánica. El tiempo factoriza la masa celular en energía inconsciente llamada vida. Toda la vida posee energía inconsciente.', '08.19', 0, 0, 2, 1159200, 41, 61, '41 - 61 D.C.', 1, 02, NULL, 0, 0, 2, 31, 2, 05, 4, 05, 13, 05, 4, 42, 48, 2, 09, 01, 41, 1, 018, 109, 031, 100),
(162, 'Viento Rítmico Blanco', 'el Espíritu Rítmico', 'Yo organizo con el fin de Comunicar, equilibrando el Aliento. Sello la Entrada del Espíritu con el tono Rítmico de la Igualdad. Me guía mi propio Poder duplicado. ', 'Las funciones sincrónicas se pueden mapear todos los días dentro del Perceptor Holomental para descubrir los diferentes puntos de activación, ya que se corresponden con el sistema del cubo 441.', 'La conocimiento de la Ley del Tiempo dentro de una masa estelar induce a una mayor creatividad auto-reflexiva en conformidad y cumplimiento de la Ley del Tiempo, T (E)= Arte. El efecto consiguiente del funcionamiento con la Ley del Tiempo es una mayor participación consciente en el ordenamiento creativo del universo. A través de la mente telepáticamente evolucionada, las fuerzas de la naturaleza pueden moldearse para funcionar de acuerdo a cualquiera de los diversos niveles de evolución.', '08.20', 0, 0, 2, 1166400, 61, 81, '61 - 81 D.C.', 1, 02, NULL, 0, 0, 2, 32, 2, 06, 4, 06, 13, 06, 4, 43, 48, 3, 09, 02, 41, 2, 097, 162, 032, 099),
(163, 'Noche Resonante Azul', 'la Abundancia Resonante', 'Yo canalizo con el fin de Soñar, inspirando la Intuición. Sello la Entrada de la Abundancia con el tono Resonante de la Sintonización. Me guía el poder de la Visión.', 'El número es el complemento del amor universal. Sus frecuencias definen el vasto campo de la armonía cósmica que abarca todos los niveles de la posible evolución y expresión del ser.', 'Todas las formas geométricas son radiativas y derivan desde la matriz radial cuatridimensional. Todas las funciones cuatridimensionales son radiales por naturaleza e implican un principio del centro desde el cual se proyecta la estructura. Esto está ejemplificado por la descripción gráfica del mismo Cerebro Galáctico, donde Dios es el centro proyectivo de una matriz radial cuya consistencia holonómica nunca se pierde, y que se manifiesta como el orden sincrónico del universo en cualquier momento dado.', '08.21', 0, 0, 2, 1173600, 81, 100, '81 - 100 D.C.', 1, 02, NULL, 0, 0, 2, 33, 2, 07, 4, 07, 13, 07, 4, 44, 48, 4, 09, 03, 41, 3, 176, 215, 033, 098),
(164, 'Semilla Galáctica Amarilla', 'el Florecimiento Galáctico', 'Yo armonizo con el fin de Atinar, modelando la Atención. Sello la Entrada del Florecimiento con el tono Galáctico de la Integridad. Me guía el poder de la Elegancia.', 'Dentro del Sistema del Cubo, el ser humano es un número entero o una matriz de enteros que utiliza componentes psicosomáticos como un medio de iluminación evolutiva. Conociendo sus números enteros la matriz de enteros permite al humano realizar su función en el cubo.', 'Los 64 codones del ADN que contienen el programa informativo para todas las posibilidades del reflejo secundario de la vida orgánica en el desarrollo evolutivo de un planeta dado, son a nivel matemático el séptimo orden de una secuencia binaria que comienza con una duplicación de la unidad principal (1): 1, 2, 4, 8, 16, 32, 64. En esta secuencia, el 32 representa el orden complejo, cristal, desde donde surge la dialéctica binaria del reflejo secundario, vida (64).', '08.22', 0, 0, 2, 1180800, 100, 120, '100 - 120 D.C.', 1, 02, NULL, 0, 0, 2, 34, 2, 08, 4, 08, 13, 08, 4, 45, 48, 5, 09, 04, 41, 4, 255, 008, 034, 097),
(165, 'Serpiente Solar Roja', 'la Fuerza Vital Solar', 'Yo pulso con el fin de Sobrevivir, realizando el Instinto. Sello el Almacén de la Fuerza Vital con el tono Solar de la Intención. Me guía el poder del Nacimiento. Soy un Portal de Activación Galáctica, entra en mí.', 'En la Matriz Tiempo, en el centro de las 9 unidades del núcleo radial de los sentidos están las cuatro unidades del tiempo maestras localizadas en las cuatro dimensiones del tiempo exterior: Creación Cósmica (13), UMB 245; Ascensión Cósmica (26), UMB 231; Sincronización Cósmica (39), UMB 259 y Cubo Cósmico (52), UMB 217.', 'Al aplicar y formalizar la Ley del Tiempo en todas sus implicaciones para la reestructuración de la especie y la biosfera, la tecnosfera temporal, la bolsa ‘placenta’ de la especie, es expulsada y disuelta. Remagnetizada y realineada por la Ley del Tiempo, la especie emerge en una genuina consciencia continua, haciendo del campo universal de la telepatía auto-reflexiva el orden normativo.', '07.23', 0, 0, 1, 1188000, 120, 140, '120 - 140 D.C.', 1, 02, NULL, 0, 0, 2, 35, 2, 09, 4, 09, 13, 09, 4, 46, 49, 1, 09, 05, 42, 1, 074, 061, 035, 096),
(166, 'Enlazador de Mundos Planetario Blanco', 'la Muerte Planetaria', 'Yo perfecciono con el fin de Igualar, produciendo la Oportunidad. Sello el Almacén de la Muerte con el tono Planetario de la Manifestación. Me guía el poder de la Atemporalidad.', 'La cuarta esfera mental, Consciente Continuo, se activa por el Control de la Mente Superior, una conciencia libre de todos los impulsos condicionados y disponible para sintonizar y sostener un estado de la mente dimensional superior ininterrumpido así como su factor controlador. Esta es la base de la ascensión cósmica, la capacidad para la trascendencia libre hacia el Ser Superior.', 'El poder unificador de las armónicas celestes, el sistema de coordenadas que establece el orden sincrónico del universo en un momento dado, establece al Encantamiento del Sueño como la base de conocimiento para un funcionamiento mental cuatri-dimensional hasta aquí desconocido y que completa la secuencia evolucionaria de la transición biosfera-noosfera.', '09.07', 0, 0, 2, 1195200, 140, 159, '140 - 159 D.C.', 1, 02, NULL, 0, 0, 2, 36, 2, 10, 4, 10, 13, 10, 4, 47, 49, 2, 09, 06, 42, 2, 153, 114, 036, 095),
(167, 'Mano Espectral Azul', 'la Realización Espectral', 'Yo disuelvo con el fin de Conocer, divulgando la Curación. Sello el Almacén de la Realización con el tono Espectral de la Liberación. Me guía mi propio Poder duplicado. ', 'Estos siete plasmas también se relacionan con las siete esferas mentales, así como con las 7 puertas de heptada a las que se accede a través de las matrices del cubo 441 para ayudar a los seres humanos en la reconstrucción y reorganización de su ser interno u holón de acuerdo a los principios de la matriz del cubo 441 (ver el gráfico en la parte posterior del libro).', 'Las armónicas celestes históricas son las exploraciones telepáticas en el tiempo basadas en la fecha de un evento histórico específico, que luego define el punto-espacio histórico específico y sus potencialidades del vector tiempo. A través de las armónicas celestes, los procesos históricos que han sido inconscientemente o kármicamente erróneos pueden ser experimentados y sincrónicamente reordenados de acuerdo a la dinámica de evolución de la consciencia continua.', '09.08', 0, 0, 2, 1202400, 159, 179, '159 - 179 D.C.', 3, 13, 53, 0, 0, 2, 37, 2, 11, 4, 11, 13, 11, 4, 48, 49, 3, 09, 07, 42, 3, 232, 167, 037, 094),
(168, 'Estrella Cristal Amarilla', 'la Elegancia Cristal', 'Yo me dedico a con el fin de Embellecer, universalizando el Arte. Sello el Almacén de la Elegancia con el tono Cristal de la Cooperación. Me guía el poder del Fuego Universal. Soy un Portal de Activación Galáctica, entra en mí.', 'Todas las funciones del tiempo, espacio y mente se pueden resolver como resonancias musicales. Las 55 octavas +1 representan el rango fractal de frecuencia básica del universo como una proyección psicomental.', 'La coordinación inteligente de las diferentes potencialidades del vector tiempo a través de la teleportación sensorial es el medio principal para activar las diferentes armónicas celestes y establecer la base correcta para viajar en el tiempo.', '08.23', 0, 0, 1, 1209600, 179, 199, '179 - 199 D.C.', 3, 13, 60, 0, 0, 2, 38, 2, 12, 4, 12, 13, 12, 4, 49, 49, 4, 09, 08, 42, 4, 051, 220, 038, 093),
(169, 'Luna Cósmica Roja', 'el Agua Universal Cósmica', 'Yo perduro con el fin de Purificar, trascendiendo el Flujo. Sello el Proceso del Agua Universal con el tono Cósmico de la Presencia. Me guía el poder del Espacio.', 'El 441 establece la estructura del conocimiento y el poder del Orden Supremo del conocimiento telepático; el corazón del nueve movido por el poder de la creación cósmica. Desde este punto, el chacra corazón del cuerpo arco iris 5-D en la novena dimensión del tiempo se activa, estableciendo el punto original de todos los comandos y códigos estelares. El campo de fuerza del Núcleo Cósmico Universal.', 'La finalización del experimento preliminar del campo telepático planetario del Puente Arco Iris Circumpolar, establece la superconsciencia hiperorgánica como un potencial biopsíquico normativo y augura el advenimiento de la Era Psicozoica. La superconsciencia hiperorgánica se refiere a la amplificación de la experiencia y proyección sensorial como una estimulación simbiótica y simultánea de energía e información. Psicozoica se refiere a la coordinación telepática de todas las funciones biosféricas de acuerdo a la Ley del Tiempo, T(E)=Arte.', '09.09', 0, 0, 2, 1216800, 199, 219, '199 - 219 D.C.', 3, 13, 05, 0, 0, 2, 39, 2, 13, 4, 13, 13, 13, 4, 50, 49, 5, 09, 09, 43, 1, 130, 013, 039, 092),
(170, 'Perro Magnético Blanco', 'el Corazón Magnético', 'Yo unifico con el fin de Amar, atrayendo la Lealtad. Sello el Proceso del Corazón con el tono Magnético del Propósito. Me guía mi propio Poder duplicado. ', 'La totalidad de la creación interdimensional “la única totalidad atómica” Consta de 10 circuitos que contienen 55 octavas. Los primeros siete circuitos son las 49 octavas de la gama de orden universal evolucionando en el espectro de la posibilidad mental de toda manifestación fenomenal.', 'El reordenamiento armónico del orden sincrónico hace referencia al proceso de corrección o reforma de una serie de daños y disfuncionalidades del tiempo artificial 12:60, desde los residuos nucleares y tóxicos a los programas de guerra, violencia, y desorden personal y social.', '09.10', 0, 0, 2, 1224000, 219, 238, '219 - 238 D.C.', 3, 13, 12, 0, 0, 2, 40, 2, 14, 4, 14, 14, 01, 4, 51, 50, 1, 09, 10, 43, 2, 209, 170, 040, 091),
(171, 'Mono Lunar Azul', 'la Magia Lunar', 'Yo polarizo con el fin de Jugar, estabilizando la Ilusión. Sello el Proceso de la Magia con el tono Lunar del Desafío. Me guía el poder de la Abundancia.', 'Desde el punto de vista de cuarta dimensión, el Universo representa un hipercubo, una realidad Omnipresente totalmente igualadora con muchas dimensiones diferentes de esferas dentro de esferas dentro de esferas.', 'Así como el patrón psicogenético cuatridimensional de la entidad tridimensional, el holón recibe mensajes e instrucciones de dos entidades puramente cuatridimensionales, comúnmente conocidas como ‘guías’ o ‘ángeles’, totalmente imperceptibles y desconocidas para el ego tridimensional.', '09.11', 0, 0, 2, 1231200, 238, 258, '238 - 258 D.C.', 3, 13, 21, 0, 0, 2, 41, 2, 15, 4, 15, 14, 02, 4, 52, 50, 2, 09, 11, 43, 3, 028, 223, 041, 090),
(172, 'Humano Eléctrico Amarillo', 'la Libre Voluntad Eléctrica', 'Yo activo con el fin de Influenciar, vinculando la Sabiduría. Sello el Proceso de la Libre Voluntad con el tono Eléctrico del Servicio. Me guía el poder de la Inteligencia.', 'Desde un infinito a otro la galaxia es como un programa de radio telepático que está siendo absorbido en la nueva estructura operativa del vehículo de transporte galáctico: Hunab Ku 21, la plantilla original del sistema solar y su programa de restauración de los sistemas enteros.', 'Los vehículos de transporte del tiempo corresponden a diferentes funciones de las armónicas celestes: personales, históricas (incluye transducciones biogeoquímicas), interplanetarias, y galácticas. Los vehículos para viajar en el tiempo sólo pueden ser establecidos en esta secuencia coordinada.', '09.12', 0, 0, 2, 1238400, 258, 278, '258 - 278 D.C.', 3, 13, 28, 0, 0, 2, 42, 2, 16, 4, 16, 14, 03, 4, 53, 50, 3, 09, 12, 43, 4, 107, 016, 042, 089),
(173, 'Caminante del Cielo Autoexistente Rojo', 'el Espacio Autoexistente', 'Yo defino con el fin de Explorar, midiendo la Vigilancia. Sello la Salida del Espacio con el tono Autoexistente de la Forma. Me guía el poder del Agua Universal. Soy un Portal de Activación Galáctica, entra en mí.', 'El lenguaje del orden sincrónico contiene los códigos por los que el cuerpo y la mente se sincronizan con el orden universal, ya que está coordinado por la frecuencia del tiempo 13:20 que todo lo abarca.', 'El transporte en el tiempo de cuerpo entero que implica ‘desplazamiento’, función coordinada en dos lugares a la vez, es el requisito previo para el viaje del tubo de flujo y el establecimiento de las armónicas celestes interplanetarias en preparación para el 2013 DA.', '08.26', 0, 0, 1, 1245600, 278, 297, '278 - 297 D.C.', 3, 13, 37, 0, 0, 2, 43, 2, 17, 4, 17, 14, 04, 4, 54, 50, 4, 09, 13, 44, 1, 186, 069, 043, 088),
(174, 'Mago Entonado Blanco', 'la Atemporalidad Entonada', 'Yo confiero poder con el fin de Encantar, comandando la Receptividad. Sello la Salida de la Atemporalidad con el tono Entonado de la Radiancia. Me guía el poder del Espíritu.', 'El conjunto de la red 441 en sus diversas matrices recombinantes es el campo de la Unificación Telepática Universal. Todo espacio existe como una simultaneidad del tiempo momento a momento.', 'La excitación estelar es un registro de la vida de las funciones análogas superiores de otras masas estelares cuya consciencia heliocósmica ha avanzado hacia la súper consciencia y la consciencia subliminal. Las excitaciones estelares alcanzan su pico en los momentos de sincronización galáctica: la retroalimentación consciente subliminal de la quinta fuerza galáctica entonada estabiliza la vida universal en nuevas mesetas entre crescendos picos de excitación. Las mesetas estelares definen diferentes épocas evolutivas del planeta y del sistema estelar.', '09.13', 0, 0, 2, 1252800, 297, 317, '297 - 317 D.C.', 3, 13, 44, 0, 0, 2, 44, 2, 18, 4, 18, 14, 05, 4, 55, 50, 5, 09, 14, 44, 2, 005, 122, 044, 087),
(175, 'Águila Rítmico Azul', 'la Visión Rítmica', 'Yo organizo con el fin de Crear, equilibrando la Mente. Sello la Salida de la Visión con el tono Rítmico de la Igualdad. Me guía mi propio Poder duplicado. ', 'Todo lo que consideramos que son nuestras percepciones de la realidad son constructos de diferentes capas de pensamientos que permean la galaxia en paquetes holográficos, y de los cuales somos receptivos de acuerdo a nuestra etapa de progreso espiritual.', 'El despegue para el viaje en el tiempo galáctico también señala el cumplimiento de los reordenamientos armónicos del orden sincrónico genético, lo que significa que los códigos 13:20 son ahora una parte de la consciencia innata de los programas evolutivos autogenerados de la biomasa humana. La biomasa humana al auto-ajustarse de forma autónoma a cualquier condición externa tejiéndose en la arquitectura radiosónica de la espora de arte planetario, se libera de cualquier necesidad externa adicional: tecnología, ropa, o material de aprendizaje.', '09.14', 0, 0, 2, 1260000, 317, 337, '317 - 337 D.C.', 1, 04, NULL, 0, 0, 2, 45, 2, 19, 4, 19, 14, 06, 4, 56, 51, 1, 09, 15, 44, 3, 084, 175, 045, 086),
(176, 'Guerrero Resonante Amarillo', 'la Inteligencia Resonante', 'Yo canalizo con el fin de Cuestionar, inspirando la Intrepidez. Sello la Salida de la Inteligencia con el tono Resonante de la Sintonización. Me guía el poder de la Elegancia. Soy un Portal de Activación Galáctica, entra en mí.', 'Todo se conoce a través de las matrices del pensamiento telepático organizado como el Synchronotron 441 que informa al Cubo de la Ley del Telektonon y todos los aspectos de la Ley del Tiempo, incluyendo el estándar de 13 Lunas de 28 días.', 'La ingravidez radiosónica de la estructura atómica de la espora del arte planetario (Tierra), se produce con el fin de compensar el incremento de las propiedades térmicas y lumínicas post-primarias de la masa estelar del heliocosmos, a medida que consume cada vez más de su masa atómica preparatoria para llegar al momento de excitación conocido como supernova.', '07.26', 1, 0, 1, 1267200, 337, 356, '337 - 356 D.C.', 1, 04, NULL, 0, 0, 2, 46, 2, 20, 4, 20, 14, 07, 4, 57, 51, 2, 09, 16, 44, 4, 163, 228, 046, 085),
(177, 'Tierra Galáctica Roja', 'la Navegación Galáctica', 'Yo armonizo con el fin de Evolucionar, modelando la Sincronía. Sello la Matriz de la Navegación con el tono Galáctico de la Integridad. Me guía el poder del Nacimiento.', 'El satélite de un Radión Estelar Central (REC) se utiliza para monitorear programas en partes remotas del sector de Velatropa, especialmente Velatropa 24.', 'Así como la forma fractal de onda libre se retroalimenta de Dios, los ángeles están siempre en Dios, en presencia de Dios. Como respuesta de Dios, los ángeles personifican la naturaleza y el nivel directivo de los ‘pensamientos’ de Dios. Al mismo tiempo, todos los ángeles están en sintonía con cuerpos en el tiempo que ellos han seleccionado, o a los que han sido designados como guías. Como la inteligencia coordinada del orden angélico en su capacidad guiadora comprehensiva, la Federación Galáctica mantiene el registro evolutivo completo de los pensamientos y acciones de todas las ‘criaturas’.', '09.15', 0, 0, 2, 1274400, 356, 376, '356 - 376 D.C.', 1, 04, NULL, 0, 0, 2, 47, 2, 21, 4, 21, 14, 08, 4, 58, 51, 3, 09, 17, 45, 1, 242, 021, 047, 084),
(178, 'Espejo Solar Blanco', 'el Sin-Fín Solar', 'Yo pulso con el fin de Reflejar, realizando el Orden. Sello la Matriz del Sin-Fín con el tono Solar de la Intención. Me guía el poder de la Atemporalidad.', 'Las matrices tiempo y espacio del cubo 441, así como las estaciones del arca del cubo 3x3 son un circuito holográfico integrado, manifestaciones puras de la frecuencia Omega.', 'Como un suborden de los rangos angelicales, los campos de Buda o rangos de los Boddhisattvas hiperdimensionales despiertos, están unificados como un servicio telepático de radio-inteligencia conducido por la suprema inteligencia despierta (mente de Buda) de Dios.', '09.16', 0, 0, 2, 1281600, 376, 396, '376 - 396 D.C.', 1, 04, NULL, 0, 0, 2, 48, 2, 22, 4, 22, 14, 09, 4, 59, 51, 4, 09, 18, 45, 2, 061, 074, 048, 083),
(179, 'Tormenta Planetaria Azul', 'la Autogeneración Planetaria', 'Yo perfecciono con el fin de Catalizar, produciendo la Energía. Sello la Matriz de la Autogeneración con el tono Planetario de la Manifestación. Me guía el poder de la Realización.', 'En cualquier momento dado, el universo está experimentando seis escenarios simultáneos. La consciencia cosmocéntrica puede acceder a cualquiera de esos escenarios. Esto es lo opuesto a aferrarse a la consciencia egocéntrica que caracteriza a la mayor parte de la existencia humana.', 'La secuencia del Día del Juicio es la revelación suprema de Dios. Una vez completado el tiempo inconsciente de ensayo y error, el Dominio del Tiempo se despliega como el triunfo de la revelación auto-reflexiva auto-existente del plan divino y la expansión de la vida planetaria en consciencia cósmica, de acuerdo con la ley T(E)=Arte.', '09.17', 0, 0, 2, 1288800, 396, 415, '396 - 415 D.C.', 1, 04, NULL, 0, 0, 2, 49, 2, 23, 4, 23, 14, 10, 4, 60, 51, 5, 09, 19, 45, 3, 140, 127, 049, 082),
(180, 'Sol Espectral Amarillo', 'el Fuego Universal Espectral', 'Yo disuelvo con el fin de Iluminar, divulgando la Vida. Sello la Matriz del Fuego Universal con el tono Espectral de la Liberación. Me guía mi propio Poder duplicado. Soy un Kin Polar, transporto el Espectro Galáctico Amarillo. ', 'Frecuencia telepática = Índice de relaciones de frecuencia de vibración de todos los elementos del orden natural reconstituido como patrones de números enteros entrelazados, incluyendo sus cuadrados y diferencias de intervalo al cuadrado. Cualquier código del índice de frecuencia telepática básica como un total de siete multiplicaciones de sí mismo.', 'Las armónicas celestes, la dinámica del tiempo, son a la cuarta dimensión lo que la dinámica del espacio o mecánicas celestes son a la tercera dimensión. Así como el trazado de las coordenadas de acuerdo con los principios de la dinámica del espacio, permite el desplazamiento de un objeto desde un cuerpo en el espacio, ‘Tierra’, hasta otro cuerpo en el espacio, ‘Marte’, de manera que el trazado de vectores del tiempo permite el movimiento de un cuerpo en el tiempo a otro cuerpo en el tiempo. Estos cuerpos en el tiempo se llaman potencialidades de punto vector.', '09.18', 0, 1, 2, 1296000, 415, 435, '415 - 435 D.C.', 1, 04, NULL, 0, 0, 2, 50, 2, 24, 4, 24, 14, 11, 4, 61, 52, 1, 09, 20, 45, 4, 219, 180, 050, 081),
(181, 'Dragón Cristal Rojo', 'el Nacimiento Cristal', 'Yo me dedico a con el fin de Nutrir, universalizando el Ser. Sello la Entrada del Nacimiento con el tono Cristal de la Cooperación. Me guía el poder del Espacio.', 'La radiosónica es la sincronotrónica aplicada, y es el método principal y ciencia de la noosfera. La radiosónica es la aplicación de la sincronicidad elaborada a través de los principios y métodos del Synchronotron, y es el campo planeto-cósmico como un sistema de corrientes de energía electro-telepática.', 'Sólo en un campo integrado telepáticamente de consciencia, es posible el potencial para la construcción de vehículos para viajar en el tiempo. El estudio de las armónicas celestes es un campo integrado inseparable de las condiciones sociales y necesidades que ocasionan la posibilidad y la necesidad de viajar en el tiempo.', '09.19', 0, 0, 2, 1303200, 435, 455, '435 - 455 D.C.', 1, 02, NULL, 0, 0, 2, 51, 2, 25, 4, 25, 14, 12, 4, 62, 52, 2, 10, 01, 46, 1, 038, 233, 051, 080),
(182, 'Viento Cósmico Blanco', 'el Espíritu Cósmico', 'Yo perduro con el fin de Comunicar, trascendiendo el Aliento. Sello la Entrada del Espíritu con el tono Cósmico de la Presencia. Me guía el poder de la Muerte.', 'El Perceptor Holomental es el circuito evolutivo que establece la traducción instantánea del número de frecuencias en preceptos cognitivos superconscientes que nos permiten funcionar a un nivel dimensional superior. No hay nada en los mundos externos que no puedan ser coordinados en los circuitos del Perceptor Holomental.', 'Dentro de una determinada masa estelar cada uno de los cuadrantes y hemisferios del Cerebro Galáctico posee su propia espiral de desarrollo que refleja la gran espiral de desarrollo que caracteriza la evolución completa del tiempo como consciencia. Dentro de cualquier determinada masa estelar cualquiera de los cuatro cuadrantes y cualquiera de los dos hemisferios del Cerebro Galáctico estarán enfatizados indicando la fase y el proceso del desarrollo evolutivo a la que esa determinada masa estelar ha avanzado.', '09.20', 0, 0, 2, 1310400, 455, 475, '455 - 475 D.C.', 1, 02, NULL, 0, 0, 2, 52, 2, 26, 4, 26, 14, 13, 4, 63, 52, 3, 10, 02, 46, 2, 117, 026, 052, 079),
(183, 'Noche Magnética Azul', 'la Abundancia Magnética', 'Yo unifico con el fin de Soñar, atrayendo la Intuición. Sello la Entrada de la Abundancia con el tono Magnético del Propósito. Me guía mi propio Poder duplicado. ', 'La percepción del espacio-tiempo/tiempo-espacio en su conjunto es la primera etapa para comprender la organización telepática de la realidad. Dentro de la unidad de la totalidad del tiempo-espacio, el ayer y el mañana ya no existen.', 'El Cerebro Galáctico, nombre dado a todo el orden del sistema del tiempo y la consciencia, es holonómico, y está gobernado por un único principio unitario, la Ley del Tiempo, T(E)=Arte. Este orden holonómico se incorpora e incluye en la naturaleza evolutiva de la masa estelar a través de sus cuerpos planetarios.', '09.21', 0, 0, 2, 1317600, 475, 494, '475 - 494 D.C.', 1, 02, NULL, 0, 0, 2, 53, 3, 01, 4, 27, 15, 01, 4, 64, 52, 4, 10, 03, 46, 3, 196, 183, 053, 078),
(184, 'Semilla Lunar Amarilla', 'el Florecimiento Lunar', 'Yo polarizo con el fin de Atinar, estabilizando la Atención. Sello la Entrada del Florecimiento con el tono Lunar del Desafío. Me guía el poder de la Inteligencia. Soy un Portal de Activación Galáctica, entra en mí.', 'La Matriz Base es el ancla de todas las matrices 441 en las que la creación cósmica es concebida. Las plantillas Tiempo, Espacio y Sincrónica son las matrices coordinadoras. La Matriz Base superpuesta en el Perceptor Holomental, es una síntesis y el mapa del nuevo cerebro de la mente galáctica.', 'El cuerpo de un planeta es la parte orbital de la masa estelar, en el que la incorporación de las geometrías cristalinas del tiempo, ofrecen la posibilidad de interpretar y definir la dialéctica desde la cual, el reflejo secundario vida puede ser evolucionada.', '05.23', 0, 0, 1, 1324800, 494, 514, '494 - 514 D.C.', 1, 02, NULL, 0, 0, 2, 54, 3, 02, 4, 28, 15, 02, 4, 65, 52, 5, 10, 04, 46, 4, 015, 236, 054, 077),
(185, 'Serpiente Eléctrica Roja', 'la Fuerza Vital Eléctrica', 'Yo activo con el fin de Sobrevivir, vinculando el Instinto. Sello el Almacén de la Fuerza Vital con el tono Eléctrico del Servicio. Me guía el poder del Agua Universal. Soy un Kin Polar, establezco el Espectro Galáctico Rojo. ', 'El Perceptor Holomental está conectado con los órganos de los sentidos humanos de modo que, una vez activado, la entrada sensorial comienza a ser procesada e interpretada de manera diferente (sinestesia) que cuando estaba con el piloto automático inconsciente.', 'A través de un error en el tiempo, la especie humana transforma su constructo artificial, la civilización, en una tecnosfera global, producto de la suma de la mecanización industrial de sus funciones biológicas. Debido a la adaptación humana a la irregular y mecanizada frecuencia del tiempo 12:60, la tecnosfera va en contra de las leyes de la biosfera creando una inestabilidad magnética entre los procesos orgánicos cristalinos y vitales primarios.', '09.22', 0, 1, 2, 1332000, 514, 534, '514 - 534 D.C.', 1, 02, NULL, 0, 0, 2, 55, 3, 03, 4, 29, 15, 03, 1, 01, 01, 1, 10, 05, 47, 1, 094, 029, 055, 076),
(186, 'Enlazador de Mundos Autoexistente Blanco', 'la Muerte Autoexistente', 'Yo defino con el fin de Igualar, midiendo la Oportunidad. Sello el Almacén de la Muerte con el tono Autoexistente de la Forma. Me guía el poder del Espíritu.', 'La práctica de meditación enfocada desapodera las grabaciones condicionadas, creando un espacio en la mente que permite la activación y realización de las diferentes esferas mentales. Eso no es igual que manufacturar y reciclar pensamientos.', 'El uso consciente de la herramienta del Calendario de Trece Lunas que reemplaza la medida errónea del calendario artificial de doce meses es, en sí mismo, un acto de consciencia auto-reflexiva humana sin precedentes. La adaptación colectiva al Calendario de Trece Lunas es una elevación intrínseca de la consciencia que despierta rápidamente la programación telepática inherente en la biología humana, frustrada durante mucho tiempo por no haber sido permitido el desarrollo en la frecuencia del tiempo correcto.', '10.07', 0, 0, 2, 1339200, 534, 553, '534 - 553 D.C.', 1, 02, NULL, 0, 0, 2, 56, 3, 04, 4, 30, 15, 04, 1, 02, 01, 2, 10, 06, 47, 2, 173, 082, 056, 075);
INSERT INTO `kin` (`ide`, `nom`, `pod`, `des`, `des_umb`, `des_tie`, `psi`, `tel_pak`, `val_est`, `pag`, `fac`, `fac_ini`, `fac_fin`, `fac_ran`, `ene`, `ene_cam`, `chi`, `enc_ini`, `enc_fin`, `gen_enc`, `gen_enc_dia`, `gen_cel`, `gen_cel_dia`, `nav_cas`, `nav_cas_dia`, `nav_ond`, `nav_ond_dia`, `cro_est`, `cro_est_dia`, `cro_ele`, `cro_ele_dia`, `arm_tra`, `arm_tra_dia`, `arm_cel`, `arm_cel_dia`, `par_ana`, `par_gui`, `par_ant`, `par_ocu`) VALUES
(187, 'Mano Entonada Azul', 'la Realización Entonada', 'Yo confiero poder con el fin de Conocer, comandando la Curación. Sello el Almacén de la Realización con el tono Entonado de la Radiancia. Me guía el poder de la Visión.', 'A través de la aplicación del Synchronotron y el orden sincrónico, el circuito sensorial modular humano y la unidad del radar auto-reflexivo tiene potencial para ser radializado y ampliar la capacidad cerebral.', 'El orden cristalino primario de la dinámica evolutiva establece un tiempo cultural de función en curso definida como AC (Continuidad Aborigen). La AC – inducida por el cristal es equilibrada por su dinámica proyectiva del reflejo secundario de vida, cuya función continua en el tiempo está definida como CA.', '10.08', 0, 0, 2, 1346400, 553, 573, '553 - 573 D.C.', 3, 13, 14, 0, 0, 2, 57, 3, 05, 4, 31, 15, 05, 1, 03, 01, 3, 10, 07, 47, 3, 252, 135, 057, 074),
(188, 'Estrella Rítmica Amarilla', 'la Elegancia Rítmica', 'Yo organizo con el fin de Embellecer, equilibrando el Arte. Sello el Almacén de la Elegancia con el tono Rítmico de la Igualdad. Me guía mi propio Poder duplicado. ', 'La matriz del cubo 441 (OMA: Original Matriz Alcanzada) es la forma del medio de transmisión y comunicación del telépata biosolar a lo largo de todos los sistemas estelares. Hay un Plan y un Orden espiritual para el Universo que es imperceptible para la mayoría de la humanidad.', 'La formulación de la Ley del Tiempo y la aplicación de las herramientas cuatridimensionales correctivas, inician el restablecimiento de la relación correcta entre la AC (Continuidad Aborigen) y la CA (Consciencia Cósmica). Individual y colectivamente, este proceso constituye el programa central de la ‘reeducación magnética de la humanidad’, y está definido genéricamente como ‘yoga’.', '10.09', 0, 0, 2, 1353600, 573, 593, '573 - 593 D.C.', 3, 13, 03, 0, 0, 2, 58, 3, 06, 4, 32, 15, 06, 1, 04, 01, 4, 10, 08, 47, 4, 071, 188, 058, 073),
(189, 'Luna Resonante Roja', 'el Agua Universal Resonante', 'Yo canalizo con el fin de Purificar, inspirando el Flujo. Sello el Proceso del Agua Universal con el tono Resonante de la Sintonización. Me guía el poder del Nacimiento. Soy un Portal de Activación Galáctica, entra en mí.', 'El 231 establece la facultad del iniciado (33x7, 21x11), el poder de la mente superior de la ascensión cósmica en la segunda dimensión del tiempo. Desde este punto, el chacra corona del cuerpo del templo 3-D se activa, estableciendo el plano biopsíquico en el campo de fuerza de las Pléyades.', 'La liberación del radión se intensifica por la actividad yógica y la excitación sexual-sensorial aumentada conscientemente como teleportación sensorial. Esta categoría de actividad y experiencia establece un nivel primario de la radiosónica o arquitectura radiosónica, la creación de estructuras imaginativas telepáticas capaces de ‘transportar’.', '06.23', 0, 0, 1, 1360800, 593, 613, '593 - 613 D.C.', 3, 13, 62, 0, 0, 2, 59, 3, 07, 4, 33, 15, 07, 1, 05, 01, 5, 10, 09, 48, 1, 150, 241, 059, 072),
(190, 'Perro Galáctico Blanco', 'el Corazón Galáctico', 'Yo armonizo con el fin de Amar, modelando la Lealtad. Sello el Proceso del Corazón con el tono Galáctico de la Integridad. Me guía el poder de la Atemporalidad.', 'El circuito 5, contiene 48 unidades que contienen el ‘acorde perdido’ y la frecuencia armónica de las 6 octavas (6x8=48). Coordina la información sensorial/extrasensorial de 5ª dimensión. Arquetipos: Iniciado Serpiente y Mago. Entra en el Consejo Maldekiano del Sexo Atemporal (consejo que concibió el jardín del Edén).', 'En general, el principio de revertir el giro de las formas corruptas es una necesidad evolutiva requerida por los mandatos de los armónicos superiores del Cerebro Galáctico. No puede haber evolución hacia delante sin la reforma de los elementos y los órdenes corrompidos por procedimientos operativos y administrativos erróneos.', '10.10', 0, 0, 2, 1368000, 613, 632, '613 - 632 D.C.', 3, 13, 51, 0, 0, 2, 60, 3, 08, 4, 34, 15, 08, 1, 06, 02, 1, 10, 10, 48, 2, 229, 034, 060, 071),
(191, 'Mono Solar Azul', 'la Magia Solar', 'Yo pulso con el fin de Jugar, realizando la Ilusión. Sello el Proceso de la Magia con el tono Solar de la Intención. Me guía el poder de la Realización.', 'Todo se corresponde a y tiene un lugar en una unidad particular o ratio de medida dentro de la matriz primordial de la creación. El número ratio por el que un elemento particular puede ser indicado tiene múltiples significados y niveles de aplicación más allá del elemento indicado.', 'El cultivo de la personalidad secundaria a través de la estructura de los puntos de ensamblaje es para el empoderamiento del holón cuatridimensional, que facilita o capacita la construcción de vehículos de viaje en el tiempo. La personalidad secundaria es como ‘la armadura y el armamento’ del holón para viajar en su vehículo de transporte en el tiempo hacia destinos en donde pudiera ser necesario domar o domesticar fuerzas desconocidas.', '10.11', 0, 0, 2, 1375200, 632, 652, '632 - 652 D.C.', 3, 13, 46, 0, 0, 2, 61, 3, 09, 4, 35, 15, 09, 1, 07, 02, 2, 10, 11, 48, 3, 048, 087, 061, 070),
(192, 'Humano Planetario Amarillo', 'la Libre Voluntad Planetaria', 'Yo perfecciono con el fin de Influenciar, produciendo la Sabiduría. Sello el Proceso de la Libre Voluntad con el tono Planetario de la Manifestación. Me guía el poder del Fuego Universal. Soy un Portal de Activación Galáctica, entra en mí.', 'Telektonon, Tubo Parlante del Espíritu de la Tierra, es el término para el transporte intergaláctico y la comunicación a través del campo de fuerza vulom. La plantilla vulom de Hunab Ku 21 es holonómicamente real para todos los sistemas galácticos.', 'Los vehículos de transporte histórico y de transducción biogeoquímica pueden ser del tipo de cristal de doble terminación, o del tipo floral de cinco pétalos. Los ejercicios de transducción biogeoquímica más allá de la teleportación sensorial implican practicar la reducción de la escala telepática proporcional a la escala y geometría de las estructuras atómicas moleculares. Los experimentos son posibles durante la transición biosfera-noosfera, 1996-2000 DA.', '06.26', 0, 0, 1, 1382400, 652, 672, '652 - 672 D.C.', 3, 13, 35, 0, 0, 2, 62, 3, 10, 4, 36, 15, 10, 1, 08, 02, 3, 10, 12, 48, 4, 127, 140, 062, 069),
(193, 'Caminante del Cielo Espectral Rojo', 'el Espacio Espectral', 'Yo disuelvo con el fin de Explorar, divulgando la Vigilancia. Sello la Salida del Espacio con el tono Espectral de la Liberación. Me guía mi propio Poder duplicado. ', 'El Manitou Planetario es la Ley del Tiempo realizada como el banco psi. La Matriz Espacio del cubo 441 contiene el mecanismo de trabajo del Manitou Planetario que se asemeja a un par de gemelos idénticos espejados de simetría bilateral.', 'Las formas mentales electrónicas cuatridimensionales de las personalidades alternativas dentro de la geometría de sus vehículos telepáticos de transporte en el tiempo tienen por objeto los ajustes de las frecuencias orbitales. El esfuerzo combinado al hacer estos ajustes orbitales son experimentados como episodios de secuencias evolutivas interplanetarias de siembra de vida por procesos galácticos de formas hasta ahora desconocidas.', '10.12', 0, 0, 2, 1389600, 672, 691, '672 - 691 D.C.', 3, 13, 30, 0, 0, 2, 63, 3, 11, 4, 37, 15, 11, 1, 09, 02, 4, 10, 13, 49, 1, 206, 193, 063, 068),
(194, 'Mago Cristal Blanco', 'la Atemporalidad Cristal', 'Yo me dedico a con el fin de Encantar, universalizando la Receptividad. Sello la Salida de la Atemporalidad con el tono Cristal de la Cooperación. Me guía el poder de la Muerte.', 'Todo está codificado en gradaciones de luz. Todos los patrones del conocimiento y del ser están basados en una matriz común que abarca todas las posibilidades del conocimiento y del ser.', 'A través de un estilo de vida superconsciente hiperorgánico, las funciones de la consciencia solar transforman la apariencia de la biosfera. Las funciones entretejidas radiosónicamente de cristales, plantas, animales y superhumanos están ligadas en nuevas formas realizadas radiantemente mediante nuevas combinaciones de electrones, neutrones y fotones mentales.', '10.13', 0, 0, 2, 1396800, 691, 711, '691 - 711 D.C.', 3, 13, 19, 0, 0, 2, 64, 3, 12, 4, 38, 15, 12, 1, 10, 02, 5, 10, 14, 49, 2, 025, 246, 064, 067),
(195, 'Águila Cósmico Azul', 'la Visión Cósmica', 'Yo perduro con el fin de Crear, trascendiendo la Mente. Sello la Salida de la Visión con el tono Cósmico de la Presencia. Me guía el poder de la Autogeneración.', 'La existencia cósmica no tiene nada que ver con los fantasmas de la personalidad heredada. Cultiva el silencio y hazte fuerte en tu naturaleza esencial. Inhala = la certeza de DIOS. Exhala = el carácter ilusorio del mundo. Funde tu mente con la de los Maestros.', 'El incremento auto-regulado planetario/estelar de la incidencia de la consciencia subliminal, como efecto de la retroalimentación sobre los pulsos planetarios y estelares, establece a las propiedades auto-radiantes como la norma electro-molecular. La transformación de las estructuras atómicas tridimensionales en ingrávidos volúmenes espectrales cuatridimensionales, se completa.', '10.14', 0, 0, 2, 1404000, 711, 731, '711 - 731 D.C.', 1, 04, NULL, 0, 0, 2, 65, 3, 13, 4, 39, 15, 13, 1, 11, 03, 1, 10, 15, 49, 3, 104, 039, 065, 066),
(196, 'Guerrero Magnético Amarillo', 'la Inteligencia Magnética', 'Yo unifico con el fin de Cuestionar, atrayendo la Intrepidez. Sello la Salida de la Inteligencia con el tono Magnético del Propósito. Me guía mi propio Poder duplicado. ', 'El Synchronotron es un lenguaje telepático expresado como una geometría visual en la que todas las relaciones se toman en cuenta como diferentes relaciones de números enteros y proporciones, así como de cuadrados de números y diferencias de intervalo.', 'La evolución desde la masa estelar primaria a la supernova post-orgánica pre-primaria, es una curva o ciclo de incidencia de momentos críticos que marcan las coyunturas entre las distintas etapas de la evolución del tiempo como consciencia. La consciencia no puede separarse del tiempo. El tiempo evoluciona la consciencia como órdenes crecientes de auto-reflexión según la ecuación T(E)=Arte.', '10.15', 0, 0, 2, 1411200, 731, 750, '731 - 750 D.C.', 1, 04, NULL, 0, 0, 2, 66, 3, 14, 4, 40, 16, 01, 1, 12, 03, 2, 10, 16, 49, 4, 183, 196, 066, 065),
(197, 'Tierra Lunar Roja', 'la Navegación Lunar', 'Yo polarizo con el fin de Evolucionar, estabilizando la Sincronía. Sello la Matriz de la Navegación con el tono Lunar del Desafío. Me guía el poder del Agua Universal. Soy un Portal de Activación Galáctica, entra en mí.', 'La verdadera experiencia no puede jamás ser fabricada. Navegar el sistema de la matriz 441 es abrirte al tiempo de los Maestros Estelares Galácticos. Sintonízate y escucha.', 'Las entidades post-orgánicas del consciente subliminal del futuro puro son formas fractal de ondas libres del tiempo hiperdimensional. El tiempo hiperdimensional, incluidas las dimensiones quinta, sexta y séptima, es inteligencia omnidireccional, la retroalimentación de Dios experimentada como mente pura. La retroalimentación omnidireccional de la inteligencia de Dios es generada según la intensidad de la luz o de los fotones mentales retornados a Dios vía consciente subliminal, concurrente con las fases de excitación de la masa estelar hacia la supernova.', '05.26', 0, 0, 1, 1418400, 750, 770, '750 - 770 D.C.', 1, 04, NULL, 0, 0, 2, 67, 3, 15, 4, 41, 16, 02, 1, 13, 03, 3, 10, 17, 50, 1, 002, 249, 067, 064),
(198, 'Espejo Eléctrico Blanco', 'el Sin-Fín Eléctrico', 'Yo activo con el fin de Reflejar, vinculando el Orden. Sello la Matriz del Sin-Fín con el tono Eléctrico del Servicio. Me guía el poder del Espíritu.', 'Por los antiguos votos de compasión iluminada todos los órdenes superiores de inteligencias están involucrados en diversas formas de supervisión galáctica buscando los medios y métodos para elevar a los sistemas de mundos inferiores a nuevos umbrales dimensionales.', 'Por el poder de la inteligencia de navegación del consciente subliminal antes de la eyección de excitación pico, los programas pilotos angélicos pueden elegir objetivos en universos paralelos que pueden ser elegidos para coordinar la inteligencia subliminal con las etapas primarias pre-orgánicas de la evolución de la masa estelar paralela. Esto establece el espacio dimensional del quantum en contrapunto con el tiempo hiperdimensional.', '10.16', 0, 0, 2, 1425600, 770, 790, '770 - 790 D.C.', 1, 04, NULL, 0, 0, 2, 68, 3, 16, 4, 42, 16, 03, 1, 14, 03, 4, 10, 18, 50, 2, 081, 042, 068, 063),
(199, 'Tormenta Autoexistente Azul', 'la Autogeneración Autoexistente', 'Yo defino con el fin de Catalizar, midiendo la Energía. Sello la Matriz de la Autogeneración con el tono Autoexistente de la Forma. Me guía el poder de la Visión.', 'El espacio entre pensamientos es donde operan las ondas beta; que es la base de la consciencia cósmica. La consciencia continua es la que hace a la consciencia ordinaria, cósmica.', 'El conocimiento de Dios es inherente en cada detalle del diseño, desde las minúsculas partes componentes del mundo celular atómico hasta la fase de la existencia radiosónica hiperorgánica superconsciente.', '10.17', 0, 0, 2, 1432800, 790, 809, '790 - 809 D.C.', 1, 04, NULL, 0, 0, 2, 69, 3, 17, 4, 43, 16, 04, 1, 15, 03, 5, 10, 19, 50, 3, 160, 095, 069, 062),
(200, 'Sol Entonado Amarillo', 'el Fuego Universal Entonado', 'Yo confiero poder con el fin de Iluminar, comandando la Vida. Sello la Matriz del Fuego Universal con el tono Entonado de la Radiancia. Me guía el poder de la Elegancia.', 'El Diccionario de los Números 1-441 es la matriz organizadora universal suprema; un instrumento auto-consistente de la meditación cósmica unificadora del Uno.', 'El orden sincrónico es un orden cuatridimensional integral ‘vertical’, centrado en el ahora, en relación al orden del espacio tridimensional ‘horizontal’. El orden sincrónico sólo puede ser comprendido mental o conscientemente como un constructo del sistema entero.', '10.18', 0, 0, 2, 1440000, 809, 829, '809 - 829 D.C.', 1, 04, NULL, 0, 0, 2, 70, 3, 18, 4, 44, 16, 05, 1, 16, 04, 1, 10, 20, 50, 4, 239, 148, 070, 061),
(201, 'Dragón Rítmico Rojo', 'el Nacimiento Rítmico', 'Yo organizo con el fin de Nutrir, equilibrando el Ser. Sello la Entrada del Nacimiento con el tono Rítmico de la Igualdad. Me guía mi propio Poder duplicado. ', 'El sistema Synchronotron está compuesto de matrices del cubo 441 (21x21) que organizan el tiempo, el espacio y la sincronicidad para crear el tablero del circuito del Perceptor Holomental, el nuevo órgano de percepción evolutivo.', 'La evolución biológica tiende hacia estados del ser capaces de mantener momentos conscientes en el tiempo. Las entidades biológicas evolucionadas capaces de sostener momentos conscientes en el tiempo desencadenan una consciencia auto-reflexiva o unas experiencias del tiempo naíf. Estas experiencias del tiempo naíf son mencionadas categóricamente como experiencias místicas. La experiencia mística es propensa a la experiencia del tiempo naíf debido a la intención de aproximarse a Dios, el centro y director de toda inteligencia.', '10.19', 0, 0, 2, 1447200, 829, 849, '829 - 849 D.C.', 1, 02, NULL, 0, 0, 2, 71, 3, 19, 4, 45, 16, 06, 1, 17, 04, 2, 11, 01, 51, 1, 058, 201, 071, 060),
(202, 'Viento Resonante Blanco', 'el Espíritu Resonante', 'Yo canalizo con el fin de Comunicar, inspirando el Aliento. Sello la Entrada del Espíritu con el tono Resonante de la Sintonización. Me guía el poder de la Atemporalidad.', 'El Perceptor Holomental es una función del cubo. El cubo es la síntesis de la comunicación telepática de la 11ª dimensión. Es una proyección holográfica completa de unidad y totalidad descendiendo a través de las dimensiones.', 'Lo que es cierto para las diferencias variables de las masas estelares evolucionando en el tiempo que constituyen un orden del espectro completo de posibilidades conscientes en un momento dado en el tiempo, es cierto para la suma de los demás órdenes galácticos como una totalidad existente fuera de aquel en el que nos encontramos. Todos los Cerebros Galácticos en sus múltiples posibilidades coordinados por Dios reflejan el espectro completo de un orden de posibilidades evolutivas aún mayor en el universo creativo en evolución gobernado por la Ley del Tiempo.', '10.20', 0, 0, 2, 1454400, 849, 869, '849 - 869 D.C.', 1, 02, NULL, 0, 0, 2, 72, 3, 20, 4, 46, 16, 07, 1, 18, 04, 3, 11, 02, 51, 2, 137, 254, 072, 059),
(203, 'Noche Galáctica Azul', 'la Abundancia Galáctica', 'Yo armonizo con el fin de Soñar, modelando la Intuición. Sello la Entrada de la Abundancia con el tono Galáctico de la Integridad. Me guía el poder de la Realización. Soy un Portal de Activación Galáctica, entra en mí.', 'La totalidad del universo que percibimos es la función de una organización telepática superior. Hunab Ku es la más simple manifestación modular elemental de toda esta percepción de la realidad del tiempo-espacio telepático. Los estados superconscientes son todas experiencias del campo telepático.', 'La geometría es un orden mental, y sólo puede ser un reflejo de la mente divina de Dios. La geometría pura de la cuarta dimensión se llama geometría pulsar. Los pulsares son las estructuras por las que el tiempo cuatridimensional vincula las cualidades y aspectos que informan al orden tridimensional. La geometría tridimensional de la forma son cristalizaciones secundarias de la geometría pulsar primaria del tiempo cuatridimensional.', '03.23', 0, 0, 1, 1461600, 869, 888, '869 - 888 D.C.', 1, 02, NULL, 0, 0, 2, 73, 3, 21, 4, 47, 16, 08, 1, 19, 04, 4, 11, 03, 51, 3, 216, 047, 073, 058),
(204, 'Semilla Solar Amarilla', 'el Florecimiento Solar', 'Yo pulso con el fin de Atinar, realizando la Atención. Sello la Entrada del Florecimiento con el tono Solar de la Intención. Me guía el poder del Fuego Universal.', 'Cada matriz del cubo 441 contiene cuatro dimensiones del tiempo exterior que coordinan la realidad fenomenal relativa que ocurre en cuatro etapas simultáneas y aún secuenciales: 1) Creación Cósmica, 2) Ascensión Cósmica, 3) Sincronización Cósmica y 4) Cubo Cósmico.', 'El poder formal del cristal incorpora el sexto orden o estructura cúbica de la progresión binaria. Los cinco órdenes anteriores – 1 unidad, 2 polaridad, 4 que produce la forma, 8 espacio amplio, y 16 armónico – junto con la estructura cúbica del cristal 32, son luego incorporados e incluidos en la vida 64, la forma auto-generadora. En la progresión de la matemática radial de la cuarta dimensión, todos los órdenes inferiores son incluidos e incorporados en los órdenes superiores.', '10.21', 0, 0, 2, 1468800, 888, 908, '888 - 908 D.C.', 1, 02, NULL, 0, 0, 2, 74, 3, 22, 4, 48, 16, 09, 1, 20, 04, 5, 11, 04, 51, 4, 035, 100, 074, 057),
(205, 'Serpiente Planetaria Roja', 'la Fuerza Vital Planetaria', 'Yo perfecciono con el fin de Sobrevivir, produciendo el Instinto. Sello el Almacén de la Fuerza Vital con el tono Planetario de la Manifestación. Me guía el poder del Espacio. Soy un Kin Polar, extiendo el Espectro Galáctico Rojo. ', 'En adición a las cinco unidades del núcleo radial de los sentidos hay una unidad de entrada psi y una unidad de salida psi, así como una unidad alternadora de fase interdimensional 3D/4D. La unidad alternadora de fase interdimensional 3D/4D funciona como una unidad de mecanismo de integración de la fase sensorial PES.', 'La entrada en la transición biosfera-noosfera es un momento exactamente calculado y profundamente evolutivo, en el que la espiral hacia la plena evolución espiritual es universalizado. La consecuencia inmediata del reajuste consciente con la Ley del Tiempo y el mecanismo auto-regulador de la biosfera, el banco psi, es la estabilización magnética de la especie y la activación biopsíquica de los anillos circumpolares que definen el campo electromagnético de la Tierra.', '10.22', 0, 1, 2, 1476000, 908, 928, '908 - 928 D.C.', 1, 02, NULL, 0, 0, 2, 75, 3, 23, 4, 49, 16, 10, 1, 21, 05, 1, 11, 05, 52, 1, 114, 153, 075, 056),
(206, 'Enlazador de Mundos Espectral Blanco', 'la Muerte Espectral', 'Yo disuelvo con el fin de Igualar, divulgando la Oportunidad. Sello el Almacén de la Muerte con el tono Espectral de la Liberación. Me guía mi propio Poder duplicado. ', 'La quinta esfera mental, Superconsciente, es la esfera del cuerpo eléctrico quintidimensional, el lugar de la activación creativa de información multidimensional. Aquí está la sede de la consciencia cósmica y los receptores de los programas mentales telepáticos.', 'La aplicación de los tres instrumentos: Calendario de Trece Lunas (estabilización telepática de la biosfera); Telektonon (tecnología telepática del banco psi) y Encantamiento del Sueño (poder de la forma de la organización social-telepática), es una reforma completa que afecta a toda la especie. Esta reforma integral realinea magnéticamente a la especie de acuerdo a la Ley del Tiempo, con la dialéctica primaria de la forma cristal y el reflejo secundario vida, que induce a una liberación espontánea de energía psíquica como realización creativa consciente.', '11.07', 0, 0, 2, 1483200, 928, 947, '928 - 947 D.C.', 1, 02, NULL, 0, 0, 2, 76, 3, 24, 4, 50, 16, 11, 1, 22, 05, 2, 11, 06, 52, 2, 193, 206, 076, 055),
(207, 'Mano Cristal Azul', 'la Realización Cristal', 'Yo me dedico a con el fin de Conocer, universalizando la Curación. Sello el Almacén de la Realización con el tono Cristal de la Cooperación. Me guía el poder de la Autogeneración.', 'Así como la séptima esfera mental, el Perceptor Holomental conlleva sus dos metachacras: el chacra corona de la corona, que conecta con la mente planetaria (noosfera); y el chacra raíz de la raíz, que es el centro elemental que se extiende hasta el núcleo de la Tierra.', 'Las armónicas celestes interplanetarias son exploraciones telepáticas en el tiempo basadas en un punto-evento interplanetario específico, que luego define los puntos-espacio interplanetarios específicos y sus potenciales del vector tiempo. A través de las armónicas celestes los tubos de flujo, que se hicieron inoperantes y se volvieron inconscientes, pueden ser restablecidos y utilizados para los programas de reordenamiento sincrónico interplanetario dependientes de la consecución del experimento del Puente Arco Iris Circumpolar.', '11.08', 0, 0, 2, 1490400, 947, 967, '947 - 967 D.C.', 3, 13, 52, 0, 0, 2, 77, 3, 25, 4, 51, 16, 12, 1, 23, 05, 3, 11, 07, 52, 3, 012, 259, 077, 054),
(208, 'Estrella Cósmica Amarilla', 'la Elegancia Cósmica', 'Yo perduro con el fin de Embellecer, trascendiendo el Arte. Sello el Almacén de la Elegancia con el tono Cósmico de la Presencia. Me guía el poder de la Libre Voluntad.', 'Tiempo, espacio y mente son matrices de números entrelazados que se igualan unas con otras. Estas matrices, juntas, constituyen un lenguaje, una gramática, un vocabulario de frecuencias telepáticas que están ocurriendo constantemente, evolucionando el universo momento a momento a través de diversos patrones de sincronicidad siempre cambiantes.', 'Las armónicas celestes son relaciones cuatridimensionales 13:20, mentalmente perceptibles y capaces de inducir y ser inducidas por las oscilaciones neuro-sensoriales en conformidad con las geometrías proyectivas primarias. Las oscilaciones neuro-sensoriales y las geometrías proyectivas primarias dependen de la interacción coordinada de las corrientes AC-CA integradas yógicamente en un cuerpo sensorial sincronizado en cuya mente ningún pensamiento puede aferrarse.', '11.09', 0, 0, 2, 1497600, 967, 988, '967 - 988 D.C.', 3, 13, 61, 0, 0, 2, 79, 3, 26, 4, 52, 16, 13, 1, 24, 05, 4, 11, 08, 52, 4, 091, 052, 078, 053),
(209, 'Luna Magnética Roja', 'el Agua Universal Magnética', 'Yo unifico con el fin de Purificar, atrayendo el Flujo. Sello el Proceso del Agua Universal con el tono Magnético del Propósito. Me guía mi propio Poder duplicado. ', 'Todos los códigos de creación cósmica se imprimen y organizan por transferencia directa desde la novena dimensión del tiempo a la primera dimensión del tiempo, desde la séptima a la primera esfera mental. Aquí el programa del tiempo multidimensional coordinador supremo manifiesta sus señales y ordenanzas.', 'La evolución hiperorgánica es la normalización de la práctica de la teleportación sensorial.', '11.10', 0, 0, 2, 1504800, 988, 1008, '988 - 1.008 D.C.', 3, 13, 04, 0, 0, 3, 01, 4, 01, 5, 01, 17, 01, 1, 25, 05, 5, 11, 09, 53, 1, 170, 209, 079, 052),
(210, 'Perro Lunar Blanco', 'el Corazón Lunar', 'Yo polarizo con el fin de Amar, estabilizando la Lealtad. Sello el Proceso del Corazón con el tono Lunar del Desafío. Me guía el poder del Espíritu. Soy un Portal de Activación Galáctica, entra en mí.', 'Las ordenanzas cósmicas del nuevo orden del ser y conocimiento atraviesan los circuitos y puertas de transmisión. Existe un consejo para cada uno de los 10 circuitos, más el 11º, el Consejo Supremo del Plan Universal de Unificación 441.', 'Las alteraciones en el nivel celular atómico representan las reformas del circuito AC y la restauración del orden formal cristalino; la corrupción y las reformas de naturaleza social representan las reformas del circuito CA y la restauración del orden orgánico.', '04.23', 0, 0, 1, 1512000, 1008, 1027, '1.008 - 1.027 D.C.', 3, 13, 13, 0, 0, 3, 02, 4, 02, 5, 02, 17, 02, 1, 26, 06, 1, 11, 10, 53, 2, 249, 002, 080, 051),
(211, 'Mono Eléctrico Azul', 'la Magia Eléctrica', 'Yo activo con el fin de Jugar, vinculando la Ilusión. Sello el Proceso de la Magia con el tono Eléctrico del Servicio. Me guía el poder de la Visión. Soy un Portal de Activación Galáctica, entra en mí.', 'Las dimensiones son progresiones de frecuencia universal y son equivalentes de los circuitos enteros. El pensamiento como un total es simplemente solo un constructo del Cubo.', 'Ya sea consciente el ego tridimensional o no, los impulsos recibidos por el holón son transmitidos al corazón como una sensación instintiva, para ser percibida, bien correcta o incorrectamente por la mente como “intuición”. Alma es la conceptualización tridimensional del holón.', '04.26', 1, 0, 1, 1519200, 1027, 1047, '1.027 - 1.047 D.C.', 3, 13, 20, 0, 0, 3, 03, 4, 03, 5, 03, 17, 03, 1, 27, 06, 2, 11, 11, 53, 3, 068, 055, 081, 050),
(212, 'Humano Autoexistente Amarillo', 'la Libre Voluntad Autoexistente', 'Yo defino con el fin de Influenciar, midiendo la Sabiduría. Sello el Proceso de la Libre Voluntad con el tono Autoexistente de la Forma. Me guía el poder de la Elegancia.', 'El 21 es clave para la consciencia evolutiva como la síntesis de la Ley primordial del Siete y la Ley sagrada del Tres. La ley primordial del Siete define el Código de la Creación, y la ley sagrada del Tres define la dinámica básica por la cual se despliega toda la existencia.', 'Todos los vehículos de transporte en el tiempo son constructos mentalmente proyectados de los cuerpos de geometría radiativa utilizando estructuras cristal o floral, coordinados de acuerdo a las series de potencialidades del vector tiempo. Inicialmente, todo viaje en el tiempo ocurre como un tipo de exploración imaginativa focalizada –teleportación sensorial– utilizando las coordenadas de las armónicas celestes de las potencialidades del vector tiempo.', '11.11', 0, 0, 2, 1526400, 1047, 1067, '1.047 - 1.067 D.C.', 3, 13, 29, 0, 0, 3, 04, 4, 04, 5, 04, 17, 04, 1, 28, 06, 3, 11, 12, 53, 4, 147, 108, 082, 049),
(213, 'Caminante del Cielo Entonado Rojo', 'el Espacio Entonado', 'Yo confiero poder con el fin de Explorar, comandando la Vigilancia. Sello la Salida del Espacio con el tono Entonado de la Radiancia. Me guía el poder del Nacimiento.', 'El orden sincrónico de la Ley del Tiempo es un sistema unificador del campo total de la realidad que se dispersa a través de la codificación matemática de todos los sistemas de pensamiento tal como los conocemos hoy en día.', 'Una vez que la entidad tridimensional ya ha practicado el transporte en el tiempo de cuerpo entero individualmente con éxito a través de los vehículos de forma de geometría proyectiva radiativa cristal, puede reunirse con otros para practicar la exploración del transporte en el tiempo de cuerpo entero colectivo de los sistemas interplanetarios de tubos de flujo o túneles del tiempo.', '11.12', 0, 0, 2, 1533600, 1067, 1086, '1.067 - 1.086 D.C.', 3, 13, 36, 0, 0, 3, 05, 4, 05, 5, 05, 17, 05, 1, 29, 06, 4, 11, 13, 54, 1, 226, 161, 083, 048),
(214, 'Mago Rítmico Blanco', 'la Atemporalidad Rítmica', 'Yo organizo con el fin de Encantar, equilibrando la Receptividad. Sello la Salida de la Atemporalidad con el tono Rítmico de la Igualdad. Me guía mi propio Poder duplicado. ', 'La inteligencia estelar puede transmitir más fácilmente la información cuando hay algún logro de compresión psíquica dentro del agente evolucionado (especies) que funciona como el programa de inteligencia de un planeta, ya que su comunicación siempre es telepática, resonante y subliminal por naturaleza.', 'La meseta de la Era Psicozoica acelera el aumento de radión de las transmisiones extra-estelares. Transducidas a través de la arquitectura radiosónica de la espora de arte planetario, y la activación del tubo de flujo interplanetario, el aumento del radión extra-estelar da lugar a un incremento de “radiancia” (espectralización) de la tercera dimensión, lo que a su vez precipita la realización superconsciente de órdenes de la matriz radial.', '11.13', 0, 0, 2, 1540800, 1086, 1106, '1.086 - 1.106 D.C.', 3, 13, 45, 0, 0, 3, 06, 4, 06, 5, 06, 17, 06, 1, 30, 06, 5, 11, 14, 54, 2, 045, 214, 084, 047),
(215, 'Águila Resonante Azul', 'la Visión Resonante', 'Yo canalizo con el fin de Crear, inspirando la Mente. Sello la Salida de la Visión con el tono Resonante de la Sintonización. Me guía el poder de la Realización.', 'Para todos los pensamientos, impresiones e imágenes fugaces, que surjan no hay pensador implicado en todos ellos, ni nadie, ni nada, solamente la conciencia auto-existente.', 'La masa del holón radiosónico colectivo, que es el fruto del reordenamiento armónico del orden genético, opera a través de los programas proyectivos de la quinta fuerza, mostrados en el Tablero del Oráculo del Encantamiento del Sueño, los cuales están genéticamente incorporados como funciones del programa central cortical.', '11.14', 0, 0, 2, 1548000, 1106, 1126, '1.106 - 1.126 D.C.', 1, 04, NULL, 0, 0, 3, 07, 4, 07, 5, 07, 17, 07, 1, 31, 07, 1, 11, 15, 54, 3, 124, 007, 085, 046),
(216, 'Guerrero Galáctico Amarillo', 'la Inteligencia Galáctica', 'Yo armonizo con el fin de Cuestionar, modelando la Intrepidez. Sello la Salida de la Inteligencia con el tono Galáctico de la Integridad. Me guía el poder del Fuego Universal.', 'El Perceptor Holomental, el factor operativo del Synchronotron, es la nueva estructura de inteligencia en el ciclo de la noosfera e incluye los programas matemáticos radiales y binarios del 64, 128 y 256, es decir, los programas del ADN /I Ching.', 'La evolución hacia la ingravidez atómica es proporcional al incremento del poder autogenerador de las propiedades radiantes debido a la evolución radiosónica y la arquitectónica auto-propagadora. El equilibrio entre radiancia y desmaterialización está determinado por la duración del punto pico de excitación de la evolución hiperorgánica superconsciente.', '11.15', 0, 0, 2, 1555200, 1126, 1145, '1.126 - 1.145 D.C.', 1, 04, NULL, 0, 0, 3, 08, 4, 08, 5, 08, 17, 08, 1, 32, 07, 2, 11, 16, 54, 4, 203, 060, 086, 045),
(217, 'Tierra Solar Roja', 'la Navegación Solar', 'Yo pulso con el fin de Evolucionar, realizando la Sincronía. Sello la Matriz de la Navegación con el tono Solar de la Intención. Me guía el poder del Espacio.', 'La inteligencia interdimensional de las corrientes de plasmas radiales/radión emanadas de la REC son también conocidas como la fuerza-G: la quinta fuerza activada por el yoga, la meditación o la actividad sexual. La kundalini es una energía que favorece el paso del humano al superhumano.', 'Como guías, los ángeles escoltan el retorno de todo material radiosónico –alma– a su fuente, Dios.', '11.16', 0, 0, 2, 1562400, 1145, 1165, '1.145 - 1.165 D.C.', 1, 04, NULL, 0, 0, 3, 09, 4, 09, 5, 09, 17, 09, 1, 33, 07, 3, 11, 17, 55, 1, 022, 113, 087, 044),
(218, 'Espejo Planetario Blanco', 'el Sin-Fín Planetario', 'Yo perfecciono con el fin de Reflejar, produciendo el Orden. Sello la Matriz del Sin-Fín con el tono Planetario de la Manifestación. Me guía el poder de la Muerte. Soy un Portal de Activación Galáctica, entra en mí.', 'La matriz central de nueve unidades, contiene todos los arquetipos codificados radio-genéticamente de los maestros, profetas, sabios y guardianes de los órdenes Supremos de activación evolutiva. Estos nueve arquetipos son conocidos como las ‘estaciones del arca’.', 'Buda o los mahabodhisattvas son proyecciones de barcas piloto de almas angélicas de mente pura eyectadas en el momento pico de excitación de la supernova en sistemas de mundos paralelos previamente seleccionados. Por el poder sobre el tiempo inherente en la consciencia subliminal, las proyecciones mahabodhisáttvicas angélicas piloto seleccionan las fases tempranas del tiempo pre-orgánico de crecimiento y expansión de la masa estelar paralela con el potencial para los planetas con vida sobre el que permanecen telepáticamente vigilantes.', '03.26', 0, 0, 1, 1569600, 1165, 1185, '1.165 - 1.185 D.C.', 1, 04, NULL, 0, 0, 3, 10, 4, 10, 5, 10, 17, 10, 1, 34, 07, 4, 11, 18, 55, 2, 101, 166, 088, 043),
(219, 'Tormenta Espectral Azul', 'la Autogeneración Espectral', 'Yo disuelvo con el fin de Catalizar, divulgando la Energía. Sello la Matriz de la Autogeneración con el tono Espectral de la Liberación. Me guía mi propio Poder duplicado. ', 'Unifica el canal central de tres cuerpos, electrifica los portales, sintonízate en las frecuencias. Conviértete en el cambio dimensional. Encarna tu Superhumano.', 'La evolución espiritual del Dominio del Tiempo augurada por el descubrimiento de la Ley del Tiempo, es el retorno divino de la mente a la fuente. Al hacer consciente lo que era inconsciente, el orden del Dominio del Tiempo evoluciona todos los cuerpos del tiempo hasta la condición de transcensión universal. Dios es el magneto de la transcensión universal.', '11.17', 0, 0, 2, 1576800, 1185, 1204, '1.185 - 1.204 D.C.', 1, 04, NULL, 0, 0, 3, 11, 4, 11, 5, 11, 17, 11, 1, 35, 07, 5, 11, 19, 55, 3, 180, 219, 089, 042),
(220, 'Sol Cristal Amarillo', 'el Fuego Universal Cristal', 'Yo me dedico a con el fin de Iluminar, universalizando la Vida. Sello la Matriz del Fuego Universal con el tono Cristal de la Cooperación. Me guía el poder de la Libre Voluntad.', 'En la matriz del Cubo, los 441 números son cada uno expresiones de valor espiritual y/o componentes de una estructura supermental que puede ser organizada como una plantilla que se superpone en el cerebro, coordinando varios niveles de funciones de la evolución mental de la consciencia humana.', 'Desde la perspectiva del tiempo cuatridimensional, el espacio es un punto o un conjunto de puntos infinitamente localizables, dentro de un espacio infinitamente localizable. Cualquier punto en el espacio es la intersección potencial de un conjunto absolutamente infinito de potencialidades vector tiempo (13:20), que ocurren en un dominio de potencialidades coextensivas con el espacio.', '11.18', 0, 0, 2, 1584000, 1204, 1224, '1.204 - 1.224 D.C.', 1, 04, NULL, 0, 0, 3, 12, 4, 12, 5, 12, 17, 12, 1, 36, 08, 1, 11, 20, 55, 4, 259, 012, 090, 041),
(221, 'Dragón Cósmico Rojo', 'el Nacimiento Cósmico', 'Yo perduro con el fin de Nutrir, trascendiendo el Ser. Sello la Entrada del Nacimiento con el tono Cósmico de la Presencia. Me guía el poder de la Fuerza Vital.', 'La radiosónica es a la noosfera lo que la electricidad es a la biosfera. El radión es una transmisión radiosónica intergaláctica que descarga una luz interior de brillantez cósmica, que surge de sí mismo, existe por sí mismo, y se ilumina por sí mismo. La Radiogénesis se refiere a la propagación de la vida a través de la transmisión de ondas de radio portadoras de plasma de alta frecuencia capaces de atravesar el espacio interplanetario, interestelar e intergaláctico.', 'Un vehículo de viaje en el tiempo constituye un cuerpo telepático que se mueve en el tiempo entre los puntos vector predeterminados o cuerpos en el tiempo. Esta posibilidad no puede ocurrir hasta que haya una comprensión de la evolución del tiempo como consciencia, y un reordenamiento del orden social humano según la Ley del Tiempo. El logro exitoso de este reordenamiento social, es en sí mismo, una prueba evolutiva que requiere de una voluntad colectiva de la especie en acorde con la dinámica de su propia biosfera planetaria.', '11.19', 0, 0, 2, 1591200, 1224, 1244, '1.224 - 1.244 D.C.', 1, 02, NULL, 0, 0, 3, 13, 4, 13, 5, 13, 17, 13, 1, 37, 08, 2, 12, 01, 56, 1, 078, 065, 091, 040),
(222, 'Viento Magnético Blanco', 'el Espíritu Magnético', 'Yo unifico con el fin de Comunicar, atrayendo el Aliento. Sello la Entrada del Espíritu con el tono Magnético del Propósito. Me guía mi propio Poder duplicado. Soy un Portal de Activación Galáctica, entra en mí.', 'El Perceptor Holomental es el nuevo órgano sensorial evolutivo de inteligencia. El propósito de aprender el sistema de la matriz del cubo 441 es aprender la forma de operar el Perceptor Holomental.', 'La misma dinámica del tiempo que gobierna la biosfera planetaria también gobierna la masa estelar local en su relación con otras masas estelares dentro del sistema del Cerebro Galáctico del que este sistema estelar es miembro.', '02.23', 0, 0, 1, 1598400, 1244, 1264, '1.244 - 1.264 D.C.', 1, 02, NULL, 0, 0, 3, 14, 4, 14, 5, 14, 18, 01, 1, 38, 08, 3, 12, 02, 56, 2, 157, 222, 092, 039),
(223, 'Noche Lunar Azul', 'la Abundancia Lunar', 'Yo polarizo con el fin de Soñar, estabilizando la Intuición. Sello la Entrada de la Abundancia con el tono Lunar del Desafío. Me guía el poder de la Visión.', 'Todo lo que existe tiene un número y puede ser representado. El diccionario de los 441 números es un sistema matemático, entendido como la traducción de los códigos de la creación original en el sistema lógico, integral del cubo. En este sistema, los números primos son las consonantes y las vocales son los factoriales.', 'La naturaleza holonómica del Cerebro Galáctico sugiere que cualquier masa estelar, incluidos sus cuerpos planetarios, participa en un proceso uniforme que involucra a las funciones de los cuatro cuadrantes en la progresión evolutiva del tiempo y la consciencia.', '11.20', 0, 0, 2, 1605600, 1264, 1283, '1.264 - 1.283 D.C.', 1, 02, NULL, 0, 0, 3, 15, 4, 15, 5, 15, 18, 02, 1, 39, 08, 4, 12, 03, 56, 3, 236, 015, 093, 038),
(224, 'Semilla Eléctrica Amarilla', 'el Florecimiento Eléctrico', 'Yo activo con el fin de Atinar, vinculando la Atención. Sello la Entrada del Florecimiento con el tono Eléctrico del Servicio. Me guía el poder de la Elegancia.', 'La Matriz Tiempo es una fuerza sublimadora (-), ya que no es fenomenal, sino que gobierna el tiempo del reino fenomenal, incluyendo toda la biología. Sin el número, la mente, el tiempo y el espacio son una unidad indiferenciada.', 'En el cuerpo planetario, la proyección cristal del tiempo como forma, interactúa químicamente con las radiaciones fotónicas que emanan principalmente de la estrella local. La forma cristalina configura una pulsación solar en el interior y acorde con la velocidad rotacional del cuerpo planetario en su alternancia de fases de día y noche.', '11.21', 0, 0, 2, 1612800, 1283, 1303, '1.283 - 1.303 D.C.', 1, 02, NULL, 0, 0, 3, 16, 4, 16, 5, 16, 18, 03, 1, 40, 08, 5, 12, 04, 56, 4, 055, 068, 094, 037),
(225, 'Serpiente Autoexistente Roja', 'la Fuerza Vital Autoexistente', 'Yo defino con el fin de Sobrevivir, midiendo el Instinto. Sello el Almacén de la Fuerza Vital con el tono Autoexistente de la Forma. Me guía el poder del Nacimiento. Soy un Kin Polar, convierto el Espectro Galáctico Rojo. ', 'A medida que evoluciona la mente humana, también lo hace la percepción de sus estímulos sensoriales. 5D = cuerpo eléctrico; 4D = holón / cuerpo etérico; 3D = cuerpo físico.', 'La evolución del Cerebro Galáctico sigue un proceso estrictamente regulado en el que la transición desde la consciencia instintiva a la consciencia continua telepática es inevitable y representa la última crisis en el desarrollo de la biosfera. El error en el tiempo sólo indujo lo que era una consecuencia inevitable de una especie que opera con la consciencia instintiva y con leyes del espacio mecanizadas, pero sin el conocimiento de la Ley del Tiempo.', '11.22', 0, 1, 2, 1620000, 1303, 1323, '1.303 - 1.323 D.C.', 1, 02, NULL, 0, 0, 3, 17, 4, 17, 5, 17, 18, 04, 1, 41, 09, 1, 12, 05, 57, 1, 134, 121, 095, 036),
(226, 'Enlazador de Mundos Entonado Blanco', 'la Muerte Entonada', 'Yo confiero poder con el fin de Igualar, comandando la Oportunidad. Sello el Almacén de la Muerte con el tono Entonado de la Radiancia. Me guía el poder de la Atemporalidad.', 'La Mente Estelar transmite a la Mente Humana a través de la proyección de rayos de frecuencia que llevan analfas (contenedores de almacenamiento de memoria) o engramas que son percibidas por la mente humana como ideas o inspiraciones creativas que surgen de forma espontánea.', 'La herramienta correctiva del Calendario de Trece Lunas como un mecanismo de reprogramación brillantemente simple, es amplificada por el Telektonon, la tecnología de la telepatía. Basada en la reimpresión diaria de la frecuencia del tiempo 13:20 a través de una narrativa histórica programada, el Telektonon incorpora todas las relaciones matemáticas del orden interplanetario del heliocosmos para establecer subliminalmente una reforma mental adecuada al orden sincrónico cuatridimensional de la realidad.', '12.07', 0, 0, 2, 1627200, 1323, 1342, '1.323 - 1.342 D.C.', 1, 02, NULL, 0, 0, 3, 18, 4, 18, 5, 18, 18, 05, 1, 42, 09, 2, 12, 06, 57, 2, 213, 174, 096, 035),
(227, 'Mano Rítmica Azul', 'la Realización Rítmica', 'Yo organizo con el fin de Conocer, equilibrando la Curación. Sello el Almacén de la Realización con el tono Rítmico de la Igualdad. Me guía mi propio Poder duplicado. ', 'El Perceptor Holomental está construido de diversos flujos eléctricamente cargados y de instancias de frecuencias numéricas que definen diferentes valores perceptuales de tiempo, espacio, electricidad cósmica, entradas y salidas sensoriales y coordinaciones de percepción extrasensorial.', 'En el ciclo histórico que dio lugar a la creación de la tecnosfera y el desequilibrio biogeoquímico provocando la transición biosfera-noosfera, la función avanzada (CA) está definida como (Avance de la Civilización). La suma del desequilibrio del proceso CA en el “ciclo histórico” de 5.200 años casi borra todo el poder de la AC.', '12.08', 0, 0, 2, 1634400, 1342, 1362, '1.342 - 1.362 D.C.', 2, 09, NULL, 0, 0, 3, 19, 4, 19, 5, 19, 18, 06, 1, 43, 09, 3, 12, 07, 57, 3, 032, 227, 097, 034),
(228, 'Estrella Resonante Amarilla', 'la Elegancia Resonante', 'Yo canalizo con el fin de Embellecer, inspirando el Arte. Sello el Almacén de la Elegancia con el tono Resonante de la Sintonización. Me guía el poder del Fuego Universal.', 'El Ser Galáctico es la galaxia entera misma redespertado como un Súper Ser que enlaza en una Red de Conocimiento Intergaláctico que se abre a los universos paralelos y otros cerebros galácticos, que son \'sincrónicamente ordenados en una extensión similar a un espejo de dimensionalidad en relación con este universo u orden galáctico\'.', 'Yoga (en Sánscrito), Yok’Hah (en Maya), se refiere a la disciplina biopsíquica que conduce a la experiencia de la “unión divina” y la “verdad superior”. Yoga es la unión divina de la verdad superior que restablece la relación correcta de las funciones AC-CA, entendidas como los circuitos del tiempo biológico-cultural cuatridimensional internamente realizables.', '12.09', 0, 0, 2, 1641600, 1362, 1382, '1.362 - 1.382 D.C.', 2, 09, NULL, 0, 0, 3, 20, 4, 20, 5, 20, 18, 07, 1, 44, 09, 4, 12, 08, 57, 4, 111, 020, 098, 033),
(229, 'Luna Galáctica Roja', 'el Agua Universal Galáctica', 'Yo armonizo con el fin de Purificar, modelando el Flujo. Sello el Proceso del Agua Universal con el tono Galáctico de la Integridad. Me guía el poder del Espacio.', 'El 238 establece el canal resonante (7x34) del alto comando descendiendo hasta la séptima dimensión del tiempo. Desde este punto el chacra corona del cuerpo arco iris 5-D se activa, estableciendo el plano biosíquico en el campo de fuerza GM108X.', 'La creación de la estructura telepática de la arquitectura radiosónica principal del Heptágono de la Mente y el Partón Cúbico Primario son una función de los cuatro plasmas liberados durante los cuatro años de la transición biosfera-noosfera conscientes. El cubo del eje polar doble corresponde con la coordinación AC-CA de los ejes corporal y planetario.', '12.10', 0, 0, 2, 1648800, 1382, 1402, '1.382 - 1.402 D.C.', 2, 10, NULL, 0, 0, 3, 21, 4, 21, 5, 21, 18, 08, 1, 45, 09, 5, 12, 09, 58, 1, 190, 073, 099, 032),
(230, 'Perro Solar Blanco', 'el Corazón Solar', 'Yo pulso con el fin de Amar, realizando la Lealtad. Sello el Proceso del Corazón con el tono Solar de la Intención. Me guía el poder de la Muerte.', 'El circuito 6, contiene 40 unidades; es el circuito interior de la unidad exterior. Coordina el consciente cósmico del cuerpo de luz de sexta dimensión y transfiere la información PES (Percepción Extra-Sensorial). Arquetipos: Inocente y Vidente. Entra en el Consejo Jupiteriano del Florecimiento Creativo.', 'No puede haber un reordenamiento armónico del orden sincrónico que no se traduzca en un aumento de mejora estética integral. T(E)=Arte define todos los procesos de reordenamiento armónico como actividades de la RAP (Red de Arte Planetario).', '12.11', 0, 0, 2, 1656000, 1402, 1421, '1.402 - 1.421 D.C.', 2, 10, NULL, 0, 0, 3, 22, 4, 22, 5, 22, 18, 09, 1, 46, 10, 1, 12, 10, 58, 2, 009, 126, 100, 031),
(231, 'Mono Planetario Azul', 'la Magia Planetaria', 'Yo perfecciono con el fin de Jugar, produciendo la Ilusión. Sello el Proceso de la Magia con el tono Planetario de la Manifestación. Me guía el poder de la Autogeneración.', '11 es al decimal lo que 21 es al vigesimal. Para dominar el sistema 11º-dimensional del Cubo debes aprender cómo organizar toda la realidad desde el interior del Perceptor Holomental, el cosmos multidimensional cubicado en el interior, el triunfo de la frecuencia Siriana en la Tierra.', 'La liberación del inconsciente instintivo reprimido hacia el campo del holón liberado del consciente continuo telepático, análoga a la apertura del banco psi con la eyección del Puente Arco Iris Circumpolar, da lugar a la liberación de la energía psíquica reprimida. La energía psíquica reprimida es proporcional a la calidad de oscilación neurosensorial implicada en el proceso de teleportación sensorial.', '12.12', 0, 0, 2, 1663200, 1421, 1441, '1.421 - 1.441 D.C.', 2, 11, NULL, 0, 0, 3, 23, 4, 23, 5, 23, 18, 10, 1, 47, 10, 2, 12, 11, 58, 3, 088, 179, 101, 030),
(232, 'Humano Espectral Amarillo', 'la Libre Voluntad Espectral', 'Yo disuelvo con el fin de Influenciar, divulgando la Sabiduría. Sello el Proceso de la Libre Voluntad con el tono Espectral de la Liberación. Me guía mi propio Poder duplicado. ', 'La síntesis de la Ley del Siete y la Ley del Tres es 21 (1.1). 12 es el número del espacio, 13 es el número del tiempo, 20 es el número de la totalidad y 21 es el número de la luz –o emanación desde el segundo universo al primer universo.', 'Los vehículos de transporte interplanetario son compuestos complejos del tipo cristal y diseño floral, construidos de acuerdo a las potencialidades vector tiempo en una escala de tiempo expandida que utiliza los tubos de flujo electromagnéticos restaurados como los senderos para el viaje. Los experimentos se llevarán a cabo durante la fase de navegación inicial de la Nave Tiempo Tierra 2013, 2000-2013 DA.', '12.13', 0, 0, 2, 1670400, 1441, 1461, '1.441 - 1.461 D.C.', 2, 11, NULL, 0, 0, 3, 24, 4, 24, 5, 24, 18, 11, 1, 48, 10, 3, 12, 12, 58, 4, 167, 232, 102, 029),
(233, 'Caminante del Cielo Cristal Rojo', 'el Espacio Cristal', 'Yo me dedico a con el fin de Explorar, universalizando la Vigilancia. Sello la Salida del Espacio con el tono Cristal de la Cooperación. Me guía el poder de la Fuerza Vital.', 'El banco psi es la arquitectura etérica del orden galáctico potenciado en la consciencia evolutiva de la biosfera de planetas tales como V.24.3 (Tierra). Las frecuencias interplanetarias inconscientemente registradas en el banco psi se vuelven conscientes y formativas a través del despertar del Manitou Planetario.', 'El patrón de experiencia de las personalidades alternativas en el ajuste del orden sincrónico del campo interplanetario del heliocosmos local está reflejado en los ajustes tridimensionales del planeta anfitrión. Los ajustes del planeta anfitrión equivalen al cumplimiento de la apertura de los patrones del circuito AC, una mitad (16 codones) que fue completada antes del ciclo histórico, la otra mitad (16) la cual sólo pudo ser completada después de que la CA fuera transmutada del Avance Civilizacional a la Consciencia Cósmica (2000 DA, eyección del Puente Arco Iris Circumpolar).', '12.14', 0, 0, 2, 1677600, 1461, 1480, '1.461 - 1.480 D.C.', 2, 12, NULL, 0, 0, 3, 25, 4, 25, 5, 25, 18, 12, 1, 49, 10, 4, 12, 13, 59, 1, 246, 025, 103, 028);
INSERT INTO `kin` (`ide`, `nom`, `pod`, `des`, `des_umb`, `des_tie`, `psi`, `tel_pak`, `val_est`, `pag`, `fac`, `fac_ini`, `fac_fin`, `fac_ran`, `ene`, `ene_cam`, `chi`, `enc_ini`, `enc_fin`, `gen_enc`, `gen_enc_dia`, `gen_cel`, `gen_cel_dia`, `nav_cas`, `nav_cas_dia`, `nav_ond`, `nav_ond_dia`, `cro_est`, `cro_est_dia`, `cro_ele`, `cro_ele_dia`, `arm_tra`, `arm_tra_dia`, `arm_cel`, `arm_cel_dia`, `par_ana`, `par_gui`, `par_ant`, `par_ocu`) VALUES
(234, 'Mago Cósmico Blanco', 'la Atemporalidad Cósmica', 'Yo perduro con el fin de Encantar, trascendiendo la Receptividad. Sello la Salida de la Atemporalidad con el tono Cósmico de la Presencia. Me guía el poder del Sin-Fín.', 'Puesto que la velocidad de la telepatía es inseparable de la velocidad del tiempo que es instantáneamente infinita, las ondas telepáticas del tiempo cruzan el universo igualmente desde el pasado al futuro y desde el futuro al pasado.', 'La existencia hiperorgánica de la arquitectura radiosónica que teje la RAP en una espora de arte planetaria totalmente evolucionada, establece los “programas de visita mutuos de la vida universal galáctica” como el mayor foro para la investigación de la cultura galáctica. Los órdenes cada vez más complejos de la arquitectura radiosónica autogenerada que constituyen la esencia manifiesta de la espora de arte planetaria, en sí mismos, se convierten en un aspecto atrayente para otras inteligencias en el Cerebro Galáctico.', '12.15', 0, 0, 2, 1684800, 1480, 1500, '1.480 - 1.500 D.C.', 2, 12, NULL, 0, 0, 3, 26, 4, 26, 5, 26, 18, 13, 1, 50, 10, 5, 12, 14, 59, 2, 065, 078, 104, 027),
(235, 'Águila Magnético Azul', 'la Visión Magnética', 'Yo unifico con el fin de Crear, atrayendo la Mente. Sello la Salida de la Visión con el tono Magnético del Propósito. Me guía mi propio Poder duplicado. ', 'El Sistema del Synchronotron 441 es un modelo matemático de un campo coherente ingeniado telepáticamente. Es un puente de consciencia que se extiende de un mundo a otro.', 'La estabilización de la espora de arte del planeta a través de la auto-generadora arquitectura radiosónica permite la extensión de arquitectónicas radiosónicas por medio del sistema electromagnético del tubo de flujo a los demás planetas de la secuencia orbital del Sol (heliocosmos).', '12.16', 0, 0, 2, 1692000, 1500, 1520, '1.500 - 1.520 D.C.', 1, 04, NULL, 0, 0, 3, 27, 5, 01, 5, 27, 19, 01, 1, 51, 11, 1, 12, 15, 59, 3, 144, 235, 105, 026),
(236, 'Guerrero Lunar Amarillo', 'la Inteligencia Lunar', 'Yo polarizo con el fin de Cuestionar, estabilizando la Intrepidez. Sello la Salida de la Inteligencia con el tono Lunar del Desafío. Me guía el poder de la Elegancia.', 'El conjunto de la red 441 en sus diversas matrices recombinantes es el campo de la unificación telepática universal. Todo el Espacio existe como un momento a momento simultáneo del Tiempo.', 'Todo el complejo de sistemas estelares que comprende la evolución autoconsciente del Cerebro Galáctico representa la totalidad mínima del modelo del orden holonómico del espectro primario de la creación, la galaxia. La auto-reflexión aumenta con la aplicación consciente de la ecuación T(E)=Arte.', '12.17', 0, 0, 2, 1699200, 1520, 1539, '1.520 - 1.539 D.C.', 1, 04, NULL, 0, 0, 3, 28, 5, 02, 5, 28, 19, 02, 1, 52, 11, 2, 12, 16, 59, 4, 223, 028, 106, 025),
(237, 'Tierra Eléctrica Roja', 'la Navegación Eléctrica', 'Yo activo con el fin de Evolucionar, vinculando la Sincronía. Sello la Matriz de la Navegación con el tono Eléctrico del Servicio. Me guía el poder del Nacimiento.', 'El 441 es una cosmografía: una geografía del cosmos no como un dato físico, sino como un sistema y orden mental.', 'Las entidades post-orgánicas o ángeles son fractales de formas de ondas libres completamente comprometidas en la inteligencia de la mente de Dios, y receptivas a la entrada de entidades hiperorgánicas superconscientes o tiempo que transciende las formas tridimensionales de devoción, oración o meditación.', '12.18', 0, 0, 2, 1706400, 1539, 1559, '1.539 - 1.559 D.C.', 1, 04, NULL, 0, 0, 3, 29, 5, 03, 5, 29, 19, 03, 1, 53, 11, 3, 12, 17, 60, 1, 042, 081, 107, 024),
(238, 'Espejo Autoexistente Blanco', 'el Sin-Fín Autoexistente', 'Yo defino con el fin de Reflejar, midiendo el Orden. Sello la Matriz del Sin-Fín con el tono Autoexistente de la Forma. Me guía el poder de la Atemporalidad.', 'El 441 es una canasta nueva de conocimientos; alrededor de ella están las llaves que abren los misterios ocultos en los signos y símbolos dispersos entre los monumentos antiguos y textos sagrados.', 'Los universos paralelos u otros cerebros galácticos representan la suma de posibilidades alternativas infinitas representadas por cualquier momento de la existencia para cualquier número de cuerpos infinitos en el tiempo evolucionando hacia la consciencia de las potencialidades vector tiempo.', '12.19', 0, 0, 2, 1713600, 1559, 1579, '1.559 - 1.579 D.C.', 1, 04, NULL, 0, 0, 3, 30, 5, 04, 5, 30, 19, 04, 1, 54, 11, 4, 12, 18, 60, 2, 121, 134, 108, 023),
(239, 'Tormenta Entonada Azul', 'la Autogeneración Entonada', 'Yo confiero poder con el fin de Catalizar, comandando la Energía. Sello la Matriz de la Autogeneración con el tono Entonado de la Radiancia. Me guía el poder de la Realización. Soy un Portal de Activación Galáctica, entra en mí.', 'A través de la aplicación del Synchronotron, la consciencia humana se convierte en un participante co-creador de la totalidad de la vida galáctica. Al aprender la gramática de la telepatía y su simbología y su ciencia, la mente humana experimentará los beneficios de la mente estelar de la civilización telepática.', 'La perfección del orden de Dios se mantiene sincrónicamente por la universalmente incesante proporción del tiempo 13:20, y su funcionamiento como la ecuación T(E)=Arte, por cuya razón Dios es referido como el artista supremo, el arquitecto del universo en todos sus niveles dimensionales y órdenes de sistemas de mundos.', '02.26', 0, 0, 1, 1720800, 1579, 1598, '1.579 - 1.598 D.C.', 1, 04, NULL, 0, 0, 3, 31, 5, 05, 5, 31, 19, 05, 1, 55, 11, 5, 12, 19, 60, 3, 200, 187, 109, 022),
(240, 'Sol Rítmico Amarillo', 'el Fuego Universal Rítmico', 'Yo organizo con el fin de Iluminar, equilibrando la Vida. Sello la Matriz del Fuego Universal con el tono Rítmico de la Igualdad. Me guía mi propio Poder duplicado. ', '21 es la Unidad de la Totalidad, cuando Aquel se da a luz a sí mismo como el Uno. 441 (21x21) es el número del Uno expandido hasta el poder universal de la auto-generación sin fin. 9261 (441x21) es el poder de DIOS, el Indescriptible que proyecta el universo como un campo de memoria holográfico.', 'La naturaleza consciente del orden sincrónico del tiempo cuatridimensional señala a la existencia de un principio coordinador unificador de inteligencia creativa suprema. Este principio de inteligencia creativa suprema es lo que comúnmente se conoce como Dios. El propósito de la inteligencia creativa suprema es la de mantener el orden del universo de acuerdo a los principios fieles del diseño regido por la Ley del Tiempo, expresado como T(E)=Arte, donde T(iempo) es la proporción 13:20, y (E)nergía, cualquier fenómeno tridimensional específico, el cual a su tiempo, siempre es estético.', '12.20', 0, 0, 2, 1728000, 1598, 1618, '1.598 - 1.618 D.C.', 1, 04, NULL, 0, 0, 3, 32, 5, 06, 5, 32, 19, 06, 1, 56, 12, 1, 12, 20, 60, 4, 019, 240, 110, 021),
(241, 'Dragón Resonante Rojo', 'el Nacimiento Resonante', 'Yo canalizo con el fin de Nutrir, inspirando el Ser. Sello la Entrada del Nacimiento con el tono Resonante de la Sintonización. Me guía el poder del Espacio. Soy un Portal de Activación Galáctica, entra en mí.', 'El estudio del Synchronotron cultiva la habilidad de uno mismo para entrar y mantener en todo momento el estado de \'consciencia nonata\'. Al meditar las matrices del Synchronotron, uno toma contacto directo con la Suprema Presencia, lo radiante, la claridad despejada, y recibe una percepción directa de la realidad con sus diversas facetas de conocimiento, gnosis y sabiduría.', 'El propósito de la experiencia mística del ser auto-reflexivo es tanto afirmar a Dios, quien de otra manera es imperceptible y acumulativamente propulsar al organismo biológico a un estado de consciencia auto-reflexiva pura. Los intentos de sistematizar la experiencia mística son en realidad intentos de comprender el tiempo. Pero sin el conocimiento preciso de la Ley del Tiempo, los sistemas místicos sólo pueden ser aproximaciones bienintencionadas.', '01.23', 0, 0, 1, 1735200, 1618, 1638, '1.618 - 1.638 D.C.', 1, 02, NULL, 0, 0, 3, 33, 5, 07, 5, 33, 19, 07, 1, 57, 12, 2, 13, 01, 61, 1, 098, 033, 111, 020),
(242, 'Viento Galáctico Blanco', 'el Espíritu Galáctico', 'Yo armonizo con el fin de Comunicar, modelando el Aliento. Sello la Entrada del Espíritu con el tono Galáctico de la Integridad. Me guía el poder de la Muerte.', 'El Perceptor Holomental es un campo de fuerza centrípeta cuyos circuitos se intensifican en frecuencia cuanto más se acercan al centro.', 'Los sistemas estelares que han experimentado o están en el proceso de experimentar la consciencia evolucionada completa, inevitablemente tienen una comprensión de las masas estelares durante las cuales la evolución consciente en el tiempo no ha avanzado más allá del grado de conocimiento auto-reflexivo de la Ley del Tiempo.', '12.21', 0, 0, 2, 1742400, 1638, 1658, '1.638 - 1.658 D.C.', 1, 02, NULL, 0, 0, 3, 34, 5, 08, 5, 34, 19, 08, 1, 58, 12, 3, 13, 02, 61, 2, 177, 086, 112, 019),
(243, 'Noche Solar Azul', 'la Abundancia Solar', 'Yo pulso con el fin de Soñar, realizando la Intuición. Sello la Entrada de la Abundancia con el tono Solar de la Intención. Me guía el poder de la Autogeneración.', 'El número no tiene origen. Es autoexistente. Es el orden autogenerador de la mente de DIOS.', 'La geometría es cómo el tiempo cuatridimensional incorpora la forma tridimensional. La incorporación del tiempo como forma geométrica informa a todos los órdenes inorgánicos y orgánicos del reino del instinto. El tiempo incorporado como forma geométrica es el ejemplo principal de T(E)=Arte. Todas las formas y especies participan en órdenes variados de formas geométricas, tanto en su estructura corporal como en sus formas de procesar.', '12.22', 0, 0, 2, 1749600, 1658, 1677, '1.658 - 1.677 D.C.', 1, 02, NULL, 0, 0, 3, 35, 5, 09, 5, 35, 19, 09, 1, 59, 12, 4, 13, 03, 61, 3, 256, 139, 113, 018),
(244, 'Semilla Planetaria Amarilla', 'el Florecimiento Planetario', 'Yo perfecciono con el fin de Atinar, produciendo la Atención. Sello la Entrada del Florecimiento con el tono Planetario de la Manifestación. Me guía el poder de la Libre Voluntad.', 'La Creación Cósmica gobierna la primera dimensión del tiempo. La creatividad original surge espontáneamente, no puede ser planificada. La Creación Cósmica es una función de la primera esfera mental: preconsciente, hiperplasma alfa-alfa del samadhi profundo.', 'La duración de la biosfera como la complejificación de la dialéctica del cristal y su reflejo secundario, la vida, constituye el orden entero del Cerebro Galáctico en todo su espectro de posibilidades evolutivas. La biosfera evoluciona a través del preconsciente al inconsciente, y del inconsciente, pasando por el consciente y el consciente continuo, al superconsciente y al consciente subliminal.', '13.07', 0, 0, 2, 1756800, 1677, 1697, '1.677 - 1.697 D.C.', 1, 02, NULL, 0, 0, 3, 36, 5, 10, 5, 36, 19, 10, 1, 60, 12, 5, 13, 04, 61, 4, 075, 192, 114, 017),
(245, 'Serpiente Espectral Roja', 'la Fuerza Vital Espectral', 'Yo disuelvo con el fin de Sobrevivir, divulgando el Instinto. Sello el Almacén de la Fuerza Vital con el tono Espectral de la Liberación. Me guía mi propio Poder duplicado. Soy un Kin Polar, transporto el Espectro Galáctico Rojo. ', 'Las unidades de entrada y salida PSI y PES son también conocidas como unidades de información psicosensorial. PSI se refiere a la información sensorial transducida en percepciones psíquicas o mentales (o viceversa). PES se refiere a la percepción extrasensorial, percepción e información paranormal telepática, y/o dimensional superior.', 'El efecto de disparar los anillos circumpolares del planeta Tierra, la eyección noosférica del Puente Arco Iris Circumpolar, es la restauración del tubo de flujo homeostático regulador del planeta. El sistema de tubo de flujo es el puenteo electromagnético que conectaba originalmente a los diferentes planetas del sistema solar por sus polos, vinculándolos a un sistema de resonancias armónicas, que mantenían la estabilidad de todo el campo de la masa estelar, incluidas sus órbitas planetarias.', '13.08', 1, 1, 2, 1764000, 1697, 1717, '1.697 - 1.717 D.C.', 1, 02, NULL, 0, 0, 3, 37, 5, 11, 5, 37, 19, 11, 1, 61, 13, 1, 13, 05, 62, 1, 154, 245, 115, 016),
(246, 'Enlazador de Mundos Cristal Blanco', 'la Muerte Cristal', 'Yo me dedico a con el fin de Igualar, universalizando la Oportunidad. Sello el Almacén de la Muerte con el tono Cristal de la Cooperación. Me guía el poder del Sin-Fín.', 'La sexta esfera mental, Consciente Subliminal, es la esfera de la energía sutil sixtidimensional por debajo del umbral del consciente despierto normal. Aquí se accede al sistema de escaneo telepático y recepción del programa interdimensional.', 'La suma de liberación de energía psíquica integrada formalmente en los patrones del tiempo cuatridimensional, se manifiesta como RAP, Red de Arte Planetario. Como la integración de las armónicas celestes del orden social y mental, la RAP sustituyen el orden y la forma social de la civilización regidas únicamente por las leyes mecanizadas del espacio 12:60.', '13.09', 0, 0, 2, 1771200, 1717, 1736, '1.717 - 1.736 D.C.', 1, 02, NULL, 0, 0, 3, 38, 5, 12, 5, 38, 19, 12, 1, 62, 13, 2, 13, 06, 62, 2, 233, 038, 116, 015),
(247, 'Mano Cósmica Azul', 'la Realización Cósmica', 'Yo perduro con el fin de Conocer, trascendiendo la Curación. Sello el Almacén de la Realización con el tono Cósmico de la Presencia. Me guía el poder de la Magia.', 'Los dos metachacras: corona de la corona y raíz de la raíz, son centros superhumanos que sirven como antena y varilla de toma de tierra de la consciencia cósmica, ampliando la frecuencia de los otros siete chacras.', 'Las armónicas celestes de la vida universal galáctica son las exploraciones telepáticas en el tiempo basadas sobre un punto específico en el flujo continuo de eventos galácticos, que luego define la identificación de puntos-espacio galácticos específicos y sus potencialidades vector tiempo. A través de las armónicas celestes, se puede introducir el flujo continuo creativo de los eventos galácticos, expandiendo la comprensión creativa y campo de acción del orden sincrónico.', '13.10', 0, 0, 2, 1778400, 1736, 1756, '1.736 - 1.756 D.C.', 2, 09, NULL, 0, 0, 3, 39, 5, 13, 5, 39, 19, 13, 1, 63, 13, 3, 13, 07, 62, 3, 052, 091, 117, 014),
(248, 'Estrella Magnética Amarilla', 'la Elegancia Magnética', 'Yo unifico con el fin de Embellecer, atrayendo el Arte. Sello el Almacén de la Elegancia con el tono Magnético del Propósito. Me guía mi propio Poder duplicado. ', 'Synchronotron es un sistema galáctico-cósmico de conocimiento sin basarse necesariamente en la percepción humana sino incluyéndola a través de un método de cognición supramental.', 'El cultivo de la exploración telepática sistemática de las armónicas celestes es una función de necesidad evolutiva, que involucra el ajuste de la relación entre las funciones AC y CA, alterada por la secuencia del tiempo artificial de la especie que se ha desviado, el homo sapiens.', '13.11', 0, 0, 2, 1785600, 1756, 1776, '1.756 - 1.776 D.C.', 2, 09, NULL, 0, 0, 3, 40, 5, 14, 5, 40, 20, 01, 1, 64, 13, 4, 13, 08, 62, 4, 131, 248, 118, 013),
(249, 'Luna Lunar Roja', 'el Agua Universal Lunar', 'Yo polarizo con el fin de Purificar, estabilizando el Flujo. Sello el Proceso del Agua Universal con el tono Lunar del Desafío. Me guía el poder del Nacimiento.', 'La novena o Dimensión del Tiempo Interior constituye la matriz del tiempo arquetípica y el hiperpartón cósmico, generador de toda la electricidad cósmica.', 'La teleportación sensorial y la activación de las armónicas celestes representa una hiper-extensión de la mente a través de constructos imaginativos con intencionadas metas u objetivos.', '13.12', 0, 0, 2, 1792800, 1776, 1796, '1.776 - 1.796 D.C.', 2, 10, NULL, 0, 0, 3, 41, 5, 15, 5, 41, 20, 02, 1, 65, 13, 5, 13, 09, 63, 1, 210, 041, 119, 012),
(250, 'Perro Eléctrico Blanco', 'el Corazón Eléctrico', 'Yo activo con el fin de Amar, vinculando la Lealtad. Sello el Proceso del Corazón con el tono Eléctrico del Servicio. Me guía el poder de la Atemporalidad. Soy un Kin Polar, establezco el Espectro Galáctico Blanco. ', 'Cada uno de los circuitos está correlacionado con un planeta y dos arquetipos. Un arquetipo es un patrón cuatridimensional primordial a menudo expresado como un símbolo capaz de desempeñar una función cósmica.', 'Todo desorden y corrupción son disfunciones del proceso biogeoquímico unitario. La reordenación armónica del orden sincrónico es una aplicación especial de T(E)=Arte, en la que la teleportación sensorial es aplicada como una transducción biogeoquímica y resulta en la restauración del sistema entero de la biohomeostasis.', '13.13', 0, 1, 2, 1800000, 1796, 1815, '1.796 - 1.815 D.C.', 2, 10, NULL, 0, 0, 3, 42, 5, 16, 5, 42, 20, 03, 2, 01, 14, 1, 13, 10, 63, 2, 029, 094, 120, 011),
(251, 'Mono Autoexistente Azul', 'la Magia Autoexistente', 'Yo defino con el fin de Jugar, midiendo la Ilusión. Sello el Proceso de la Magia con el tono Autoexistente de la Forma. Me guía el poder de la Realización.', 'La estructura cúbica del Universo comprende el entramado o diferentes categorías de conocimiento que se pueden realizar a través de la concentración de la mente.', 'El ego es la identidad tridimensional personal desarrollada en conformidad con las condiciones externas del ciclo histórico. En el campo mental 12:60, el ego usurpa las funciones reprimidas del holón-alma, y por tanto está cada vez más retirado de los operadores cuatridimensionales. El ego es el alma falso. El ego es al alma, lo que el 12:60 es al 13:20.', '13.14', 0, 0, 2, 1807200, 1815, 1835, '1.815 - 1.835 D.C.', 2, 11, NULL, 0, 0, 3, 43, 5, 17, 5, 43, 20, 04, 2, 02, 14, 2, 13, 11, 63, 3, 108, 147, 121, 010),
(252, 'Humano Entonado Amarillo', 'la Libre Voluntad Entonada', 'Yo confiero poder con el fin de Influenciar, comandando la Sabiduría. Sello el Proceso de la Libre Voluntad con el tono Entonado de la Radiancia. Me guía el poder del Fuego Universal.', 'El canal de Hunab Ku 21 es el medio de transmisión de la cultura galáctica desde un sistema mundial dimensional superior a uno inferior que está en proceso de hacer posible tal transferencia. La noosfera es el horizonte de la cultura galáctica.', 'Los vehículos de geometría radiativa cristal son constructos proyectados de un tipo de doble terminación, generalmente utilizados para el viaje y la exploración individual. La estructura puntual del doble ensamblaje del holón es utilizada como armadura o esqueleto en donde se construye el vehículo.', '13.15', 0, 0, 2, 1814400, 1835, 1855, '1.835 - 1.855 D.C.', 2, 11, NULL, 0, 0, 3, 44, 5, 18, 5, 44, 20, 05, 2, 03, 14, 3, 13, 12, 63, 4, 187, 200, 122, 009),
(253, 'Caminante del Cielo Rítmico Rojo', 'el Espacio Rítmico', 'Yo organizo con el fin de Explorar, equilibrando la Vigilancia. Sello la Salida del Espacio con el tono Rítmico de la Igualdad. Me guía mi propio Poder duplicado. ', 'Cualquier tiempo-espacio es una realidad creada por la mente, un conjunto codificado de patrones que organizan diferentes niveles de la realidad de una manera sistemática; dentro de este sistema, el ser humano es un componente organizador instrumentado por la inteligencia cósmica.', 'El plexo solar provee el lugar de partida y de retorno al cuerpo tridimensional para el “desplazamiento” de la personalidad del holón alternativo. El desplazamiento es experimentado internamente como un “cambio de fase”, una bifurcación de la consciencia continua, en la que las actividades de la personalidad alternativa son percibidas por el organismo receptor como un sueño lúcido o una forma de ventriloquía telepática.', '13.16', 0, 0, 2, 1821600, 1855, 1874, '1.855 - 1.874 D.C.', 2, 12, NULL, 0, 0, 3, 45, 5, 19, 5, 45, 20, 06, 2, 04, 14, 4, 13, 13, 64, 1, 006, 253, 123, 008),
(254, 'Mago Resonante Blanco', 'la Atemporalidad Resonante', 'Yo canalizo con el fin de Encantar, inspirando la Receptividad. Sello la Salida de la Atemporalidad con el tono Resonante de la Sintonización. Me guía el poder de la Muerte.', 'Un recíproco es el 1 dividido por cualquier número y se expresa fraccionadamente, como, en este caso, 1/7. El recíproco de 7, 142 857, es un número cíclico divisible por 3, 9, 11, 13, 27 y 37, pero no por 7. El principio dinámico del universo está actualmente moviendo a través del nueve.', 'Las estructuras de la espora del arte planetario interactivadas social y noosféricamente demuestran las posibilidades evolutivas de la RAP a través de la solarización de las funciones sensoriales hiperorgánicas. Todas las funciones sensoriales de la consciencia coordinadas con las frecuencias de la pulsación solar establecen funciones superconscientes como análogos paralelos a las coordenadas radiales solares (estelares).', '13.17', 0, 0, 2, 1828800, 1874, 1894, '1.874 - 1.894 D.C.', 2, 12, NULL, 0, 0, 3, 46, 5, 20, 5, 46, 20, 07, 2, 05, 14, 5, 13, 14, 64, 2, 085, 046, 124, 007),
(255, 'Águila Galáctico Azul', 'la Visión Galáctica', 'Yo armonizo con el fin de Crear, modelando la Mente. Sello la Salida de la Visión con el tono Galáctico de la Integridad. Me guía el poder de la Autogeneración.', 'La meditación sobre los valores intrínsecos de las interrelaciones entre las diferentes frecuencias del cubo 441 en los movimientos diarios representan una armonía interna de vibraciones que sólo puede ser experimentada por la mente rendida a las posibilidades de sentirse totalmente imbuido por lo Desconocido.', 'El advenimiento del viaje en el tiempo universal galáctico de acuerdo al índice graduado de las armónicas celestes transforma la consciencia solar/estelar planetaria en consciencia plenamente galáctica. La vida de las funciones análogas superiores proyectada a través de una consciencia múltiple mejora el intercambio de identidad múltiple. La radiodiversidad aumenta la calidad y la eficacia de la masa radiosónica colectiva.', '13.18', 0, 0, 2, 1836000, 1894, 1914, '1.894 - 1.914 D.C.', 1, 04, NULL, 0, 0, 3, 47, 5, 21, 5, 47, 20, 08, 2, 06, 15, 1, 13, 15, 64, 3, 164, 099, 125, 006),
(256, 'Guerrero Solar Amarillo', 'la Inteligencia Solar', 'Yo pulso con el fin de Cuestionar, realizando la Intrepidez. Sello la Salida de la Inteligencia con el tono Solar de la Intención. Me guía el poder de la Libre Voluntad.', '49 (7x7) refiere al poder del tiempo y 64 (8x8) refiere al poder del espacio y de la vida (64 códigos del ADN). Al igual que el 49 es el componente que define cada una de las 9 matrices de la matriz del tiempo del cubo 441, el 64 es el componente que define cada cuadrante de la matriz espacio del cubo 441.', 'La ingravidez espectralizada de la Tierra se transforma en luminosidad pura cuando el orden superconsciente hiperorgánico psicosincroniza en sí mismo la experiencia simultánea de la suma de momentos críticos de incidencias de las fases estelares de la evolución pre-orgánica a post-orgánica. En ese momento, T(E(tierra))= Arte resulta en luz pura, un agregado geométrico del fotón absorbido imperceptiblemente en la masa solar térmico-lumínica hiperdimensional en expansión.', '13.19', 0, 0, 2, 1843200, 1914, 1933, '1.914 - 1.933 D.C.', 1, 04, NULL, 0, 0, 3, 48, 5, 22, 5, 48, 20, 09, 2, 07, 15, 2, 13, 16, 64, 4, 243, 152, 126, 005),
(257, 'Tierra Planetaria Roja', 'la Navegación Planetaria', 'Yo perfecciono con el fin de Evolucionar, produciendo la Sincronía. Sello la Matriz de la Navegación con el tono Planetario de la Manifestación. Me guía el poder de la Fuerza Vital.', 'El híper-radión, cuando se activa de forma sinérgica crea la energía quintidimensional que es la base de todas las estructuras dimensionales y órdenes del ser.', 'La transmutación de ondas del pensamiento del consciente subliminal libres del fractal en futuras matrices del tiempo de la masa estelar del subconsciente cósmico y consciente cósmico aún en evolución, depende de la calidad de la información proveniente de las experiencias superconscientes y las formas devotas puras de oración y meditación.', '13.20', 0, 0, 2, 1850400, 1933, 1953, '1.933 - 1.953 D.C.', 1, 04, NULL, 0, 0, 3, 49, 5, 23, 5, 49, 20, 10, 2, 08, 15, 3, 13, 17, 65, 1, 062, 205, 127, 004),
(258, 'Espejo Espectral Blanco', 'el Sin-Fín Espectral', 'Yo disuelvo con el fin de Reflejar, divulgando el Orden. Sello la Matriz del Sin-Fín con el tono Espectral de la Liberación. Me guía mi propio Poder duplicado. ', 'Todos los maestros operan y se comunican a través del sistema del cubo; esta es la forma en que pueden comunicarse a través de lo que parecen ser infinitos eones de tiempo-espacio, al mismo tiempo que están siempre en el momento presente.', 'A través de la radio inteligencia telepática de la mente despierta, las proyecciones angélicas mahabodhisáttvicas guían subliminalmente a los mundos menos evolucionados hacia la realización del universo paralelo consciente del descubrimiento auto-reflexivo de la Ley del Tiempo.', '13.21', 0, 0, 2, 1857600, 1953, 1973, '1.953 - 1.973 D.C.', 1, 04, NULL, 0, 0, 3, 50, 5, 24, 5, 50, 20, 11, 2, 09, 15, 4, 13, 18, 65, 2, 141, 258, 128, 003),
(259, 'Tormenta Cristal Azul', 'la Autogeneración Cristal', 'Yo me dedico a con el fin de Catalizar, universalizando la Energía. Sello la Matriz de la Autogeneración con el tono Cristal de la Cooperación. Me guía el poder de la Magia.', 'Cuando uno ha absorbido la matriz o matrices en el aparato de pensamiento propio parece que el 441 es la estructura de un plano completamente diferente de consciencia, el plano telepático cósmico unificado de la consciencia. Esta es una capa de inteligencia que vincula los sistemas de comunicación telepática de numerosas galaxias.', 'La auto-regulación auto-reflexiva de los cuerpos evolucionados del tiempo que funcionan por la Ley del Tiempo asegura que toda evolución venidera sea de una naturaleza divina espiritual, donde el retroceso a vivir desfasados con el plan divino ya no sea posible.', '13.22', 0, 0, 2, 1864800, 1973, 1992, '1.973 - 1.992 D.C.', 1, 04, NULL, 0, 0, 3, 51, 5, 25, 5, 51, 20, 12, 2, 10, 15, 5, 13, 19, 65, 3, 220, 051, 129, 002),
(260, 'Sol Cósmico Amarillo', 'el Fuego Universal Cósmico', 'Yo perduro con el fin de Iluminar, trascendiendo la Vida. Sello la Matriz del Fuego Universal con el tono Cósmico de la Presencia. Me guía el poder del Florecimiento. Soy un Portal de Activación Galáctica, entra en mí.', 'El cubo de la matriz 441 muestra cómo la naturaleza subyacente de la realidad de los fenómenos es el número, y el número es una función y manifestación de frecuencias o constructos de pensamientos telepáticos de un orden o dimensión de realidad superior.', 'El punto del espacio intersecado por cualquiera de los conjuntos absolutamente infinitos de potencialidades vector tiempo (13:20), está o bien preconsciente o inconsciente en el ámbito de la potencialidad, o evolucionando del consciente al superconsciente en el Dominio del Tiempo. La práctica de la dinámica del tiempo o armónicas celestes, sólo es posible en un punto del espacio que haya alcanzado una condición de consciente continuo o superconsciente. El punto superconsciente es definido por su capacidad de ordenar potencialidades vector simultáneas en un orden de propósito consciente.', '01.26', 0, 0, 1, 1872000, 1992, 2012, '1.992 - 2.012 D.C.', 1, 04, NULL, 0, 0, 3, 52, 5, 26, 5, 52, 20, 13, 2, 11, 16, 1, 13, 20, 65, 4, 039, 104, 130, 001);

-- --------------------------------------------------------

--
-- Estructura de tabla para la tabla `kin_arm_cel`
--

CREATE TABLE `kin_arm_cel` (
  `ide` smallint(2) UNSIGNED ZEROFILL NOT NULL COMMENT 'Armónica',
  `nom` varchar(30) COLLATE utf8mb4_spanish_ci NOT NULL COMMENT 'Código Encantado',
  `des` text COLLATE utf8mb4_spanish_ci NOT NULL COMMENT 'Lectura',
  `tra` smallint(2) UNSIGNED ZEROFILL NOT NULL COMMENT 'Trayectoria',
  `cel` smallint(1) UNSIGNED ZEROFILL NOT NULL COMMENT 'Célula',
  `ton` smallint(2) UNSIGNED ZEROFILL NOT NULL COMMENT 'Tono',
  `inv` smallint(2) UNSIGNED ZEROFILL NOT NULL COMMENT 'Inversa'
) ENGINE=InnoDB DEFAULT CHARSET=utf8mb4 COLLATE=utf8mb4_spanish_ci COMMENT='Célula Armónica';

--
-- Volcado de datos para la tabla `kin_arm_cel`
--

INSERT INTO `kin_arm_cel` (`ide`, `nom`, `des`, `tra`, `cel`, `ton`, `inv`) VALUES
(01, 'Entrada Autoexistente', 'Informa el florecimiento  de la forma', 01, 1, 04, 65),
(02, 'Almacén Galáctico', 'Recuerda la elegancia  de la integridad ', 01, 2, 08, 64),
(03, 'Proceso Cristal', 'Formula la libre voluntad  de la cooperación ', 01, 3, 12, 63),
(04, 'Salida Eléctrica', 'Expresa la inteligencia  del servicio', 01, 4, 03, 62),
(05, 'Matriz Resonante', 'Autoregula el fuego universal  de la sintonización ', 01, 5, 07, 61),
(06, 'Entrada Espectral', 'Informa el florecimiento  de la liberación', 02, 1, 11, 60),
(07, 'Almacén Lunar', 'Recuerda la elegancia  del desafío ', 02, 2, 02, 59),
(08, 'Proceso Rítmico', 'Formula la libre voluntad  de la igualdad', 02, 3, 06, 58),
(09, 'Salida Planetaria', 'Expresa la inteligencia  de la manifestación', 02, 4, 10, 57),
(10, 'Matriz Magnética', 'Autoregula el fuego universal  del propósito', 02, 5, 01, 56),
(11, 'Entrada Entonada', 'Informa el florecimiento  de la radiancia', 03, 1, 05, 55),
(12, 'Almacén Solar', 'Recuerda la elegancia  de la intención ', 03, 2, 09, 54),
(13, 'Proceso Cósmico', 'Formula la libre voluntad  de la presencia ', 03, 3, 13, 53),
(14, 'Salida Autoexistente', 'Expresa la inteligencia de la forma ', 03, 4, 04, 52),
(15, 'Matriz Galáctica', 'Autoregula el fuego universal de la integridad', 03, 5, 08, 51),
(16, 'Entrada Cristal', 'Informa el florecimiento  de la cooperación ', 04, 1, 12, 50),
(17, 'Almacén Eléctrico', 'Recuerda la elegancia  del servicio ', 04, 2, 03, 49),
(18, 'Proceso Resonante', 'Formula la libre voluntad  de la sintonización ', 04, 3, 07, 48),
(19, 'Salida Espectral', 'Expresa la inteligencia de la liberación ', 04, 4, 11, 47),
(20, 'Matriz Lunar', 'Autoregula el fuego universal del desafío ', 04, 5, 02, 46),
(21, 'Entrada Rítmica', 'Informa el florecimiento  de la igualdad', 05, 1, 06, 45),
(22, 'Almacén Planetario', 'Recuerda la elegancia  de la manifestación ', 05, 2, 10, 44),
(23, 'Proceso Magnético', 'Formula la libre voluntad  del propósito ', 05, 3, 01, 43),
(24, 'Salida Entonada', 'Expresa la inteligencia de la radiancia ', 05, 4, 05, 42),
(25, 'Matriz Solar', 'Autoregula el fuego universal de la intención', 05, 5, 09, 41),
(26, 'Entrada Cósmica', 'Informa el florecimiento  de la presencia', 06, 1, 13, 40),
(27, 'Almacén Autoexistente', 'Recuerda la elegancia  de la forma ', 06, 2, 04, 39),
(28, 'Proceso Galáctico', 'Formula la libre voluntad  de la integridad', 06, 3, 08, 38),
(29, 'Salida Cristal', 'Expresa la inteligencia de la cooperación ', 06, 4, 12, 37),
(30, 'Matriz Eléctrica', 'Autoregula el fuego universal del servicio ', 06, 5, 03, 36),
(31, 'Entrada Resonante', 'Informa el florecimiento  de la sintonización ', 07, 1, 07, 35),
(32, 'Almacén Espectral', 'Recuerda la elegancia  de la liberación', 07, 2, 11, 34),
(33, 'Proceso Lunar', 'Formula la libre voluntad  del desafío ', 07, 3, 02, 33),
(34, 'Salida Rítmica', 'Expresa la inteligencia de la igualdad', 07, 4, 06, 32),
(35, 'Matriz Planetaria', 'Autoregula el fuego universal de la manifestación ', 07, 5, 10, 31),
(36, 'Entrada Magnética', 'Informa el florecimiento  del propósito', 08, 1, 01, 30),
(37, 'Almacén Entonado', 'Recuerda la elegancia  de la radiancia ', 08, 2, 05, 29),
(38, 'Proceso Solar', 'Formula la libre voluntad  de la intención ', 08, 3, 09, 28),
(39, 'Salida Cósmica', 'Expresa la inteligencia de la presencia', 08, 4, 13, 27),
(40, 'Matriz Autoexistente', 'Autoregula el fuego universal de la forma ', 08, 5, 04, 26),
(41, 'Entrada Galáctica', 'Informa el florecimiento  de la integridad', 09, 1, 08, 25),
(42, 'Almacén Cristal', 'Recuerda la elegancia  de la cooperación ', 09, 2, 12, 24),
(43, 'Proceso Eléctrico', 'Formula la libre voluntad  del servicio ', 09, 3, 03, 23),
(44, 'Salida Resonante', 'Expresa la inteligencia de la sintonización ', 09, 4, 07, 22),
(45, 'Matriz Espectral', 'Autoregula el fuego universal de la liberación ', 09, 5, 11, 21),
(46, 'Entrada Lunar', 'Informa el florecimiento  del desafío ', 10, 1, 02, 20),
(47, 'Almacén Rítmico', 'Recuerda la elegancia  de la igualdad ', 10, 2, 06, 19),
(48, 'Proceso Planetario', 'Formula la libre voluntad  de la manifetación ', 10, 3, 10, 18),
(49, 'Salida Magnética', 'Expresa la inteligencia del propósito ', 10, 4, 01, 17),
(50, 'Matriz Entonada', 'Autoregula el fuego universal de la radiancia ', 10, 5, 05, 16),
(51, 'Entrada Solar', 'Informa el florecimiento  de la intención', 11, 1, 09, 15),
(52, 'Almacén Cósmico', 'Recuerda la elegancia  de la presencia ', 11, 2, 13, 14),
(53, 'Proceso Autoexistente', 'Formula la libre voluntad  de la forma ', 11, 3, 04, 13),
(54, 'Salida Galáctica', 'Expresa la inteligencia de la integridad ', 11, 4, 08, 12),
(55, 'Matriz Cistal', 'Autoregula el fuego universal de la cooperacion ', 11, 5, 12, 11),
(56, 'Entrada Eléctrica', 'Informa el florecimiento  del servicio ', 12, 1, 03, 10),
(57, 'Almacén Resonante', 'Recuerda la elegancia  de la sintonización ', 12, 2, 07, 09),
(58, 'Proceso Espectral', 'Formula la libre voluntad  de la liberación ', 12, 3, 11, 08),
(59, 'Salida Lunar', 'Expresa la inteligencia del desafío ', 12, 4, 02, 07),
(60, 'Matriz Rítmica', 'Autoregula el fuego universal de la igualdad ', 12, 5, 06, 06),
(61, 'Entrada Planetaria', 'Informa el florecimiento  de la manifetación', 13, 1, 10, 05),
(62, 'Almacén Magnético', 'Recuerda la elegancia  del propósito', 13, 2, 01, 04),
(63, 'Proceso Entonado', 'Formula la libre voluntad  de la radiancia ', 13, 3, 05, 03),
(64, 'Salida Solar', 'Expresa la inteligencia de la intención ', 13, 4, 09, 02),
(65, 'Matriz Cósmica', 'Autoregula el fuego universal de la presencia ', 13, 5, 13, 01);

-- --------------------------------------------------------

--
-- Estructura de tabla para la tabla `kin_arm_tra`
--

CREATE TABLE `kin_arm_tra` (
  `ide` smallint(2) UNSIGNED ZEROFILL NOT NULL COMMENT 'Trayectoria',
  `nom` varchar(80) COLLATE utf8mb4_spanish_ci NOT NULL COMMENT 'Título',
  `ton` varchar(30) COLLATE utf8mb4_spanish_ci NOT NULL COMMENT 'Nombre',
  `lec` text COLLATE utf8mb4_spanish_ci NOT NULL COMMENT 'Lectura',
  `año` varchar(80) COLLATE utf8mb4_spanish_ci NOT NULL COMMENT 'Año',
  `ran` varchar(20) COLLATE utf8mb4_spanish_ci NOT NULL COMMENT 'Período',
  `may` varchar(20) COLLATE utf8mb4_spanish_ci NOT NULL COMMENT 'Cuenta Maya'
) ENGINE=InnoDB DEFAULT CHARSET=utf8mb4 COLLATE=utf8mb4_spanish_ci COMMENT='Trayectoria Armónica';

--
-- Volcado de datos para la tabla `kin_arm_tra`
--

INSERT INTO `kin_arm_tra` (`ide`, `nom`, `ton`, `lec`, `año`, `ran`, `may`) VALUES
(01, 'la Implantación Estelar', 'magnética', 'Entrada de la Tierra en el Rayo de Sincronización Galáctica.; Implantación de las “transmisiones estelares” de la federación galáctica, entre los pueblos, de una parte a otra del planeta.; Consolidación del alto y bajo Egipto, en el año 3.100 A.C.; Expansión de Sumeria en el año 3.000 A.C.; La construcción de Stonehenge comenzó en el año 2.800 A.C.', '-3113', '3113 - 2718 A.C.', '13.0.0.0.0'),
(02, 'la Pirámide', 'lunar', 'Construcción de la Gran Pirámide en Giza, Egipto, del año 2.700 al 2.600 A.C, marca el anclaje del cuerpo de luz planetario.; Expansión de la civilización Sumeria, Akkad y Ur, y desarrollo del bronce.; Comienzo de Harapa y de la civilización del valle del Indos.; Comienzo de la vida agrícola sedentaria en China, Mesoamérica, y los Andes.', '-2718', '2718 - 2324 A.C.', '1.0.0.0.'),
(03, 'la Rueda', 'eléctrica', 'Pleno establecimiento de la rueda, iniciación de la tecnología del transporte y del pensamiento cíclico, escritura de los códigos de la ley, y desarrollo de la tecnología metalúrgica en Mesopotamia.; Sargón y el primer imperio babilónico.; Comienza la construcción de carros de guerra, y se inicia el imperialismo territorial de los emperadores legendarios en China.; Establecimiento de la civilización Minoica en Creta.', '-2324', '2324 - 1930 A.C.', '2.0.0.0.0'),
(04, 'la Montaña Sagrada', 'auto-existente', 'Surgen los reinos Medio y Nuevo en Egipto: la re-ubicación del centro en la Montaña Sagrada del Oeste, el Valle de los Reyes marca la decisión de los egipcios de perpetuar la regencia dinástica.; se consolida el modelo del territorialismo defensivo como una norma de la vida civilizada.; Vienen las oleadas de invasores - los Hititas y los Arios.; son destruidas la civilizaciones minoicas y la del Valle del Indos.', '-1930', '1930 - 1536 A.C.', '3.0.0.0.0'),
(05, 'la Casa Shang', 'entonada', 'Establecimiento de la dinastía Shang en China, enunciación de la doctrina del Yin y el Yang, se presentan adelantos en la metalurgia del bronce y en el modelo de la civilización China.; Comienzos de la civilización védica en la India.; Aparición de la civilización Chavín en los Andes, y Olmeca en Mesoamérica.; Akhenatón en Egipto, y de Abraham y Moisés en Israel.; los Hititas se consolidan en Mesopotamia.', '-1536', '1536 - 1141 A.C.', '4.0.0.0.0'),
(06, 'el Sello Imperial', 'rítmica', 'Imperios Asirio y Babilónico: Se desarrollan el armamento metálico y las máquinas de guerra.; En el Mediterráneo surgen los griegos de Micenas, saqueo de Troya.; Dinastía Chou en China, aparición del I-Ching.; Expansión de la cultura Olmeca en toda Mesoamérica.; El caballo es utilizado para la guerra.; se conforma el modelo de regencia imperial militarista, y se establece la sucesión dinástica como norma para la vida civilizada en el planeta.', '-1141', '1141 - 747  A.C.', '5.0.0.0.0'),
(07, 'las Enseñanzas Mentales', 'resonante', 'Periodo de la primera oleada de mayas galácticos en Mesoamérica.; El Imperio Persa.; Surge el pensamiento filosófico individualista, que suplanta a las primitivas formas colectivas.; En Grecia Pitágoras, Sócrates, Platón, y Aristóteles.; en la India: seis escuelas de pensamiento védico, Mahavira y Buddha.; en China Lao Tze, Confucio y Chuang Tzu.; Se realiza la construcción de Monte Albán en Méjico, inicios de los sistemas del calendario Maya.', '-747', '747 - 353 A.C.', '6.0.0.0.0'),
(08, 'el Ungido o Consagrado', 'galáctica', 'La civilización helenística.; Alejandro el Grande: apogeo de Roma y comienzo del Imperio Romano.; los Celtas en Europa, tecnología avanzada del hierro.; consolidación de los estados guerreros de China por CHin Huang Ti, comienzos de la Dinastía Han, construcción de la Gran Muralla China.; difusión del budismo como religión cosmopolita, desde la India hasta el Asia Central.; Vida de Jesucristo, aparición de las religiones gnósticas del Medio Oriente.; difusión Olmeca y comienzo de Teotihuacán.', '-353', '353 A.C. - 41 D.C.', '7.0.0.0.0'),
(09, 'los Señores de Rojo y de Negro', 'solar', 'Termina la construcción de la pirámide de Teotihuacán, consolidación del régimen cultural mesoamericano, los señores del Rojo y el Negro, primeras enseñanzas de Quetzalcoatl.; Moche, Nazca, y Tiahuanaco en los Andes.; Isla de Pascua, aparición de los reinos del África Occidental.; expansión y caída del Imperio Romano, ascenso del cristianismo.; caída de la Dinastía Han, difusión del budismo en China y en el sureste asiático.', '41', '41 - 435. D.C.', '8.0.0.0.0'),
(10, 'la Era del Conocimiento Maya', 'planetaria', 'Segunda visita de los mayas galácticos, Pacal Votan de Palenque, y florecimiento del régimen cultural maya.; Mahoma y aparición del Islam.; Europa Occidental Cristiana Romana y Europa Oriental Cristiana Bizantina Ortodoxa.; Surge el hinduismo en la India.; Expansión del budismo al Tibet, Corea, y Japón.; En China gobierna la dinastía Táng.; Se consolidan los reinos del suroeste asiático: Indonesia (Borobadur y Java).; Época esplendorosa de Tiahuanaco en los Andes: surge la civilización Polinesia en Oceanía.; Primer florecimiento de la civilización de Nigeria.', '435', '435 - 830 D.C.', '9.0.0.0.0'),
(11, 'las Guerras Santas', 'espectral', 'Colapso de los Mayas Clásicos y de la civilización mejicana central, Quetzalcóatl año 1 Caña surgen los toltecas.; Las civilizaciones de Chan Chan y Chimu en los Andes.; Surge la I\'fe en Nigeria.; Florecimiento y difusión del Islam y su confrontación con la civilización cristiana - Las cruzadas.; Apogeo de la civilización tibetana.; Regencia de la dinastía Sung en China, invención de la imprenta y la pólvora.; Regencia de la Dinastía Khmer en el sur-este asiático.; Surge en África oriental la Gran Zimbabwe.', '830', '830 - 1224 D.C.', '10.0.0.0.0'),
(12, 'la Semilla Oculta', 'cristal', 'Expansión del Islam a la India, al Asia Central y Suroriental, y al África Occidental.; Aislamiento del Tibet.; Aislamiento del Japón.; Surgen los turcos y mongoles, conquista de China.              ; Florecimiento de Zimbabwe en el África oriental, I\'fe y Benin en África Occidental.; Llega al pináculo la civilización cristiana en Europa occidental y surge la civilización Ortodoxa Rusa en Europa oriental, reforma y división de la iglesia cristiana.; Expansión y triunfo de la civilización europea en la conquista de los Imperios Inca y Azteca.; Comienzo de la colonización europea, cae en decadencia la concepción ( visión ) sagrada del universo ( la semilla oculta ).', '1224', '1224 - 1618 D.C.', '11.0.0.0.0'),
(13, 'la Transformación de la Materia', 'cósmica', 'Inicio y triunfo del materialismo científico, Europa conquista el mundo, la revolución industrial, las revoluciones democráticas en América, Europa.; Expansión del colonialismo al África, América Latina, y Asia.; Industrialización del Japón.; Karl Marx y la aparición del comunismo, estallan las revoluciones comunistas de Rusia y China.; Primera y segunda Guerra Mundial.; La bomba atómica y la era nuclear.; Surgen las potencias del Tercer Mundo, el Islam, Méjico y la India.; Auge del terrorismo global y colapso de la civilización tecnológica.; Purificación de la Tierra, y era final de la regeneración global.; Rra de la informática, desarrollo de la tecnología solar y de los cristales.; Sincronización galáctica.', '1618', '1618 - 2012 D.C.', '12.0.0.0.0');

-- --------------------------------------------------------

--
-- Estructura de tabla para la tabla `kin_cro_ele`
--

CREATE TABLE `kin_cro_ele` (
  `ide` smallint(2) UNSIGNED ZEROFILL NOT NULL COMMENT 'Cromática',
  `nom` varchar(35) COLLATE utf8mb4_spanish_ci NOT NULL COMMENT 'Código Encantado',
  `des` tinytext COLLATE utf8mb4_spanish_ci NOT NULL COMMENT 'Descripción',
  `ele` smallint(1) UNSIGNED ZEROFILL NOT NULL COMMENT 'Clan'
) ENGINE=InnoDB DEFAULT CHARSET=utf8mb4 COLLATE=utf8mb4_spanish_ci COMMENT='Elemento Cromático';

--
-- Volcado de datos para la tabla `kin_cro_ele`
--

INSERT INTO `kin_cro_ele` (`ide`, `nom`, `des`, `ele`) VALUES
(01, 'la Sangre Magnética Roja', 'Unificar el Propósito del Espectro Galáctico Rojo', 2),
(02, 'la Verdad Lunar Blanca', 'Polarizar el Desafío del Espectro Galáctico Rojo', 3),
(03, 'el Cielo Eléctrico Azul', 'Activar el Servicio del Espectro Galáctico Rojo', 4),
(04, 'el Fuego Autoexistente Amarillo', 'Definir la Forma del Espectro Galáctico Rojo', 1),
(05, 'la Sangre Entonada Roja', 'Empoderar la Radiancia del Espectro Galáctico Rojo', 2),
(06, 'la Verda Rítmica Blanca', 'Organizar la Igualdad del Espectro Galáctico Rojo', 3),
(07, 'el Cielo Resonante Azul', 'Canalizar la Entonación del Espectro Galáctico Rojo', 4),
(08, 'el Fuego Galáctico Amarillo', 'Sintonizar la Integridad del Espectro Galáctico Rojo', 1),
(09, 'la Sangre Solar Roja', 'Pulsar la Intención del Espectro Galáctico Rojo', 2),
(10, 'la Verdad Planetaria Blanca', 'Perfeccionar la Manifestación del Espectro Galáctico Rojo', 3),
(11, 'el Cielo Espectral Azul', 'Disolver la Liberación del Espectro Galáctico Rojo', 4),
(12, 'el Fuego Cristal Amarillo', 'Dedicar la Cooperación del Espectro Galáctico Rojo', 1),
(13, 'la Sangre Cósmica Roja', 'Perdurar la Presencia del Espectro Galáctico Rojo', 2),
(14, 'la Verdad Magnética Blanca', 'Unificar el Propósito del Espectro Galáctico Blanco', 3),
(15, 'el Cielo Lunar Azul', 'Polarizar el Desafío del Espectro Galáctico Blanco', 4),
(16, 'el Fuego Eléctrico Amarillo', 'Activar el Servicio del Espectro Galáctico Blanco', 1),
(17, 'la Sangre Autoexistente Roja', 'Definir la Forma del Espectro Galáctico Blanco', 2),
(18, 'la Verdad Entonada Blanca', 'Empoderar la Radiancia del Espectro Galáctico Blanco', 3),
(19, 'el Cielo Rítmico Azul', 'Organizar la Igualdad del Espectro Galáctico Blanco', 4),
(20, 'el Fuego Resonante Amarillo', 'Canalizar la Entonación del Espectro Galáctico Blanco', 1),
(21, 'la Sangre Galáctica Roja', 'Sintonizar la Integridad del Espectro Galáctico Blanco', 2),
(22, 'la Verdad Solar Blanca', 'Pulsar la Intención del Espectro Galáctico Blanco', 3),
(23, 'el Cielo Planetario  Azul', 'Perfeccionar la Manifestación del Espectro Galáctico Blanco', 4),
(24, 'el Fuego Espectral Amarillo', 'Disolver la Liberación del Espectro Galáctico Blanco', 1),
(25, 'la Sangre Cristal Roja', 'Dedicar la Cooperación del Espectro Galáctico Blanco', 2),
(26, 'la Verdad Cósmica Blanca', 'Perdurar la Presencia del Espectro Galáctico Blanco', 3),
(27, 'el Cielo Magnético Azul', 'Unificar el Propósito del Espectro Galáctico Azul', 4),
(28, 'el Fuego Lunar Amarillo', 'Polarizar el Desafío del Espectro Galáctico Azul', 1),
(29, 'la Sangre Eléctrica   Roja', 'Activar el Servicio del Espectro Galáctico Azul', 2),
(30, 'la Verdad Autoexistente Blanca', 'Definir la Forma del Espectro Galáctico Azul', 3),
(31, 'el Cielo Entonado Azul', 'Empoderar la Radiancia del Espectro Galáctico Azul', 4),
(32, 'el Fuego Rítmico Amarillo', 'Organizar la Igualdad del Espectro Galáctico Azul', 1),
(33, 'la Sangre Resonante Roja', 'Canalizar la Entonación del Espectro Galáctico Azul', 2),
(34, 'la Verdad Galáctico Blanca', 'Sintonizar la Integridad del Espectro Galáctico Azul', 3),
(35, 'el Cielo Solar Azul', 'Pulsar la Intención del Espectro Galáctico Azul', 4),
(36, 'el Fuego Planetario Amarillo', 'Perfeccionar la Manifestación del Espectro Galáctico Azul', 1),
(37, 'la Sangre Espectral Roja', 'Disolver la Liberación del Espectro Galáctico Azul', 2),
(38, 'la Verdad Cristal Blanca', 'Dedicar la Cooperación del Espectro Galáctico Azul', 3),
(39, 'el Cielo Cósmico Azul', 'Perdurar la Presencia del Espectro Galáctico Azul', 4),
(40, 'el Fuego Magnético Amarillo', 'Unificar el Propósito del Espectro Galáctico Amarillo', 1),
(41, 'la Sangre Lunar Roja', 'Polarizar el Desafío del Espectro Galáctico Amarillo', 2),
(42, 'la Verdad Eléctrica Blanca', 'Activar el Servicio del Espectro Galáctico Amarillo', 3),
(43, 'el Cielo Autoexistente Azul', 'Definir la Forma del Espectro Galáctico Amarillo', 4),
(44, 'el Fuego Entonado Amarillo', 'Empoderar la Radiancia del Espectro Galáctico Amarillo', 1),
(45, 'la Sangre Rítmica Roja', 'Organizar la Igualdad del Espectro Galáctico Amarillo', 2),
(46, 'la Verdad Resonante Blanca', 'Canalizar la Entonación del Espectro Galáctico Amarillo', 3),
(47, 'el Cielo Galáctico Azul', 'Sintonizar la Integridad del Espectro Galáctico Amarillo', 4),
(48, 'el Fuego Solar Amarillo', 'Pulsar la Intención del Espectro Galáctico Amarillo', 1),
(49, 'la Sangre Planetaria Roja', 'Perfeccionar la Manifestación del Espectro Galáctico Amarillo', 2),
(50, 'la Verdad Espectral Blanca', 'Disolver la Liberación del Espectro Galáctico Amarillo', 3),
(51, 'el Cielo Cristal Azul', 'Dedicar la Cooperación del Espectro Galáctico Amarillo', 4),
(52, 'el Fuego Cósmico Amarillo', 'Perdurar la Presencia del Espectro Galáctico Amarillo', 1);

-- --------------------------------------------------------

--
-- Estructura de tabla para la tabla `kin_cro_est`
--

CREATE TABLE `kin_cro_est` (
  `ide` smallint(1) UNSIGNED ZEROFILL NOT NULL COMMENT 'Estación Galáctica',
  `nom` varchar(25) COLLATE utf8mb4_spanish_ci NOT NULL COMMENT 'Aspecto del ser',
  `des` varchar(200) COLLATE utf8mb4_spanish_ci NOT NULL COMMENT 'Descripción'
) ENGINE=InnoDB DEFAULT CHARSET=utf8mb4 COLLATE=utf8mb4_spanish_ci COMMENT='Estación Galáctica';

--
-- Volcado de datos para la tabla `kin_cro_est`
--

INSERT INTO `kin_cro_est` (`ide`, `nom`, `des`) VALUES
(1, 'Oriente', ''),
(2, 'Norte', ''),
(3, 'Occidente', ''),
(4, 'Sur', '');

-- --------------------------------------------------------

--
-- Estructura de tabla para la tabla `kin_cro_ond`
--

CREATE TABLE `kin_cro_ond` (
  `ide` smallint(1) UNSIGNED ZEROFILL NOT NULL COMMENT 'Aventura',
  `ton` int(2) UNSIGNED ZEROFILL NOT NULL COMMENT 'Tono Inicial',
  `cue` smallint(1) UNSIGNED ZEROFILL NOT NULL COMMENT 'Cantidad de Cromáticas',
  `que` varchar(10) COLLATE utf8mb4_spanish_ci NOT NULL COMMENT 'Acción del Quemador en el F. Maya',
  `enc` varchar(10) COLLATE utf8mb4_spanish_ci NOT NULL COMMENT 'Función en el E.S.'
) ENGINE=InnoDB DEFAULT CHARSET=utf8mb4 COLLATE=utf8mb4_spanish_ci COMMENT='Aventura de la Onda Encantada';

--
-- Volcado de datos para la tabla `kin_cro_ond`
--

INSERT INTO `kin_cro_ond` (`ide`, `ton`, `cue`, `que`, `enc`) VALUES
(1, 03, 5, 'toma', 'establezco'),
(2, 10, 5, 'inicia', 'extiendo'),
(3, 04, 5, 'corre con', 'convierto'),
(4, 11, 1, 'apaga', 'transporto');

-- --------------------------------------------------------

--
-- Estructura de tabla para la tabla `kin_ene`
--

CREATE TABLE `kin_ene` (
  `ide` smallint(1) UNSIGNED ZEROFILL NOT NULL COMMENT 'Identificador',
  `nom` varchar(25) COLLATE utf8mb4_spanish_ci NOT NULL COMMENT 'Campo',
  `cue` tinyint(3) UNSIGNED NOT NULL COMMENT 'Unidades Totales',
  `gru` tinyint(3) UNSIGNED NOT NULL COMMENT 'Grupos',
  `gru_uni` tinyint(3) UNSIGNED NOT NULL COMMENT 'Unidades por Grupo'
) ENGINE=InnoDB DEFAULT CHARSET=utf8mb4 COLLATE=utf8mb4_spanish_ci COMMENT='Modelo Energético del Tzolkin';

--
-- Volcado de datos para la tabla `kin_ene`
--

INSERT INTO `kin_ene` (`ide`, `nom`, `cue`, `gru`, `gru_uni`) VALUES
(1, 'la Energía Radiante', 144, 4, 36),
(2, 'la Energía Cristalina', 32, 8, 4),
(3, 'la Energía Genética', 64, 1, 64),
(4, 'la Columna Mística', 20, 1, 20);

-- --------------------------------------------------------

--
-- Estructura de tabla para la tabla `kin_ene_cam`
--

CREATE TABLE `kin_ene_cam` (
  `ide` smallint(2) UNSIGNED ZEROFILL NOT NULL COMMENT 'Identificador',
  `gru` smallint(1) NOT NULL COMMENT 'Grupo',
  `nom` varchar(100) COLLATE utf8mb4_spanish_ci NOT NULL COMMENT 'Nombre'
) ENGINE=InnoDB DEFAULT CHARSET=utf8mb4 COLLATE=utf8mb4_spanish_ci COMMENT='Campo de Energía';

--
-- Volcado de datos para la tabla `kin_ene_cam`
--

INSERT INTO `kin_ene_cam` (`ide`, `gru`, `nom`) VALUES
(01, 1, '36'),
(02, 1, '36'),
(03, 1, '36'),
(04, 1, '36'),
(05, 2, '4'),
(06, 2, '4'),
(07, 2, '4'),
(08, 2, '4'),
(09, 2, '4'),
(10, 2, '4'),
(11, 2, '4'),
(12, 2, '4'),
(13, 3, '64'),
(14, 4, '20');

-- --------------------------------------------------------

--
-- Estructura de tabla para la tabla `kin_gen_cel`
--

CREATE TABLE `kin_gen_cel` (
  `ide` smallint(1) UNSIGNED ZEROFILL NOT NULL COMMENT 'Célula del Génesis',
  `nom` varchar(80) COLLATE utf8mb4_spanish_ci NOT NULL COMMENT 'Nombre'
) ENGINE=InnoDB DEFAULT CHARSET=utf8mb4 COLLATE=utf8mb4_spanish_ci COMMENT='Célula de las Memorias del Génesis';

--
-- Volcado de datos para la tabla `kin_gen_cel`
--

INSERT INTO `kin_gen_cel` (`ide`, `nom`) VALUES
(1, 'Transmitir el génesis.'),
(2, 'Génesis de la transducción alfa.'),
(3, 'Génesis de igualar.'),
(4, 'Génesis de la transducción omega.'),
(5, 'Recibir el Génesis.');

-- --------------------------------------------------------

--
-- Estructura de tabla para la tabla `kin_gen_enc`
--

CREATE TABLE `kin_gen_enc` (
  `ide` smallint(1) UNSIGNED ZEROFILL NOT NULL COMMENT 'Génesis',
  `nom` varchar(10) COLLATE utf8mb4_spanish_ci NOT NULL COMMENT 'Nombre',
  `lec` varchar(30) COLLATE utf8mb4_spanish_ci NOT NULL COMMENT 'Descripción del Encantamiento',
  `des` varchar(100) COLLATE utf8mb4_spanish_ci NOT NULL COMMENT 'Lectura del Encantamiento',
  `año` smallint(6) NOT NULL COMMENT 'Año',
  `tot` smallint(3) UNSIGNED ZEROFILL NOT NULL COMMENT 'Días'
) ENGINE=InnoDB DEFAULT CHARSET=utf8mb4 COLLATE=utf8mb4_spanish_ci COMMENT='Génesis del Encantamiento';

--
-- Volcado de datos para la tabla `kin_gen_enc`
--

INSERT INTO `kin_gen_enc` (`ide`, `nom`, `lec`, `des`, `año`, `tot`) VALUES
(1, 'del Dragón', 'Anillo exterior', '13.000 años del Encantamiento del Sueño,  poder del sueño.', -23987, 130),
(2, 'del Mono', 'Anillo interior', '7.800 años del Encantamiento del Sueño, poder de la magia.', -10987, 078),
(3, 'de la Luna', 'Completar el Anillo interior', '5.200 años del Encantamiento del Sueño, poder del vuelo mágico.', -3187, 052);

-- --------------------------------------------------------

--
-- Estructura de tabla para la tabla `kin_nav_cas`
--

CREATE TABLE `kin_nav_cas` (
  `ide` smallint(1) UNSIGNED ZEROFILL NOT NULL COMMENT 'Castillo',
  `nom` varchar(20) COLLATE utf8mb4_spanish_ci NOT NULL COMMENT 'Nombre',
  `des` varchar(100) COLLATE utf8mb4_spanish_ci NOT NULL COMMENT 'Lectura',
  `dir` varchar(10) COLLATE utf8mb4_spanish_ci NOT NULL COMMENT 'Dirección ',
  `col` varchar(10) COLLATE utf8mb4_spanish_ci NOT NULL COMMENT 'Color',
  `cor` varchar(20) COLLATE utf8mb4_spanish_ci NOT NULL COMMENT 'Corte',
  `pod` varchar(20) COLLATE utf8mb4_spanish_ci NOT NULL COMMENT 'Poder',
  `acc` varchar(30) COLLATE utf8mb4_spanish_ci NOT NULL COMMENT 'Acción',
  `ref` varchar(30) COLLATE utf8mb4_spanish_ci NOT NULL COMMENT 'Referencia del Sello',
  `fun` varchar(100) COLLATE utf8mb4_spanish_ci NOT NULL COMMENT 'Encantamiento',
  `gen_enc` smallint(1) UNSIGNED ZEROFILL NOT NULL COMMENT 'Génesis del Encantamiento',
  `ond_ini` smallint(2) UNSIGNED ZEROFILL NOT NULL COMMENT 'Onda Inicial',
  `ond_fin` smallint(2) UNSIGNED ZEROFILL NOT NULL COMMENT 'Onda Final'
) ENGINE=InnoDB DEFAULT CHARSET=utf8mb4 COLLATE=utf8mb4_spanish_ci COMMENT='Castillo de la Nave';

--
-- Volcado de datos para la tabla `kin_nav_cas`
--

INSERT INTO `kin_nav_cas` (`ide`, `nom`, `des`, `dir`, `col`, `cor`, `pod`, `acc`, `ref`, `fun`, `gen_enc`, `ond_ini`, `ond_fin`) VALUES
(1, 'Rojo del Este', 'El girar de la Semilla, corte del nacimiento, poder de entrada.', 'Este', 'Rojo', 'del Nacimiento', 'de Entrada', 'el girar', 'la Semilla', 'Iniciar la Semilla', 1, 01, 04),
(2, 'Blanco del Norte', 'El cruzar del Guerrero, corte de la muerte, poder de descender.', 'Norte', 'Blanco', 'de la Muerte', 'de Descender', 'el cruzar', 'el Guerrero', 'Refinar el Guerrero', 1, 05, 08),
(3, 'Azul del Oeste', 'El quemar de la Estrella, corte de la magia, poder de dar la vuelta.', 'Oeste', 'Azul', 'de la Magia', 'de Dar la Vuelta', 'el quemar', 'la Estrella', 'Transforma la Estrella', 2, 09, 12),
(4, 'Amarillo del Sur', 'El dar del Sol, corte de la inteligencia, poder de ascender.', 'Sur', 'Amarillo', 'de la Inteligencia', 'de Ascender', 'el dar', ' el Sol', 'El Sol Madura', 2, 13, 17),
(5, 'Verde del Centro', 'El encantar del Humano, corte de la sincronización, poder del vuelo má', 'Central', 'Verde', 'de la Matriz', 'del Vuelo Mágico', 'el encantar', 'el Humano', 'Sincronizar el Humano', 3, 18, 20);

-- --------------------------------------------------------

--
-- Estructura de tabla para la tabla `kin_nav_ond`
--

CREATE TABLE `kin_nav_ond` (
  `ide` smallint(2) UNSIGNED ZEROFILL NOT NULL COMMENT 'Onda Encantada',
  `nom` varchar(35) COLLATE utf8mb4_spanish_ci NOT NULL COMMENT 'Nombre',
  `kin` smallint(3) UNSIGNED ZEROFILL NOT NULL COMMENT 'Kin Inicial',
  `sel` smallint(2) UNSIGNED ZEROFILL NOT NULL COMMENT 'Sello Solar',
  `gen_enc` smallint(1) UNSIGNED ZEROFILL NOT NULL COMMENT 'Génesis',
  `gen_cel` smallint(1) UNSIGNED ZEROFILL NOT NULL COMMENT 'Célula',
  `nav_cas` smallint(1) UNSIGNED ZEROFILL NOT NULL COMMENT 'Castillo',
  `cas_arm` smallint(1) UNSIGNED ZEROFILL NOT NULL COMMENT 'Cuadrante del Castillo',
  `enc_fec` smallint(6) NOT NULL COMMENT 'Año',
  `enc_des` tinytext COLLATE utf8mb4_spanish_ci NOT NULL COMMENT 'Lectura',
  `fac_ini` smallint(4) NOT NULL COMMENT 'Año inicial del Rayo de Sincronización Galáctica en el F.M.',
  `fac_fin` smallint(4) NOT NULL COMMENT 'Año final del Rayo de Sincronización Galáctica en el F.M.',
  `fac_ran` varchar(20) COLLATE utf8mb4_spanish_ci NOT NULL COMMENT 'Período del Ciclo Ahau',
  `fac_des` varchar(50) COLLATE utf8mb4_spanish_ci NOT NULL COMMENT 'Leyenda del Ciclo Ahau'
) ENGINE=InnoDB DEFAULT CHARSET=utf8mb4 COLLATE=utf8mb4_spanish_ci COMMENT='Onda Encantada del Castillo';

--
-- Volcado de datos para la tabla `kin_nav_ond`
--

INSERT INTO `kin_nav_ond` (`ide`, `nom`, `kin`, `sel`, `gen_enc`, `gen_cel`, `nav_cas`, `cas_arm`, `enc_fec`, `enc_des`, `fac_ini`, `fac_fin`, `fac_ran`, `fac_des`) VALUES
(01, 'del Dragón Rojo', 001, 01, 1, 1, 1, 1, -23987, 'a -23.987 años la tribu del Dragón rojo inicia el giro a través del  poder del nacimiento; recordada la verdad de Neptuno galáctico.', -3113, -2857, '3.113 - 2.857 A.C.', 'La Semilla es Alimentada'),
(02, 'del Mago Blanco', 014, 14, 1, 1, 1, 2, -22687, 'a -22.687 años la tribu del Mago blanco refina el giro a través de la atemporalidad; recordada la verdad de Maldek solar.', -2857, -2601, '2.857 - 2.601 A.C.', 'Protegida por los Magos'),
(03, 'de la Mano Azul', 027, 07, 1, 2, 1, 3, -21387, 'a -21.387 años la tribu de la Mano azul transforma el giro a través del poder de la realización, recordada la verdad de la Tierra galáctica.', -2601, -2344, '2.601 - 2.344 A.C.', 'Entregada a los constructores'),
(04, 'del Sol Amarillo', 040, 20, 1, 2, 1, 4, -20087, 'a -20.087 años la tribu del Sol amarillo madura el giro a través del poder del fuego universal; recordada la verdad de Plutón galáctico.', -2344, -2087, '2.344 - 2.087 A.C.', 'Ofrecida al Sol'),
(05, 'del Caminante del Cielo Rojo', 053, 13, 1, 3, 2, 1, -18787, 'a -18.787 años la tribu del Caminante del cielo rojo inicia el cruzar a través del poder del espacio; recordada la verdad de Marte solar.', -2087, -1830, '2.087 - 1.830 A.C.', 'Custodiada por los Caminantes Celestes'),
(06, 'del Enlazador de Mundos Blanc', 066, 06, 1, 3, 2, 2, -17487, 'a -17.487 años la tribu del Enlazador de mundos refina el cruzar a través del poder de la muerte; recordada la verdad de Marte galáctico.', -1830, -1574, '1.830 - 1.574 A.C.', 'Escondida en la Muerte'),
(07, 'de la Tormenta Azul', 079, 19, 1, 4, 2, 3, -16187, 'a -16.187 años la tribu de la Tormenta azul transforma el cruzar a través del poder de la auto-generación; recordada la verdad de Plutón solar.', -1574, -1318, '1.574 - 1.318 A.C.', 'Madurada por la Tormenta'),
(08, 'del Humano Amarillo', 092, 12, 1, 4, 2, 4, -14887, 'a -14.887 años la tribu del Humano amarillo madura el cruzar a través del poder de la libre voluntad; recordada la verdad de la Tierra solar.', -1318, -1062, '1.318 - 1.062 A.C.', 'La que Penetra en lo Humano'),
(09, 'de la Serpiente Roja', 105, 05, 2, 5, 3, 1, -13587, 'a -13.587 años la tribu de la Serpiente roja inicia el quemar a través del poder de la fuerza vital; recordada la verdad de Maldek galáctico.', -1062, -806, '1.062 - 806 A.C.', 'Comida por la Serpiente'),
(10, 'del Espejo Blanco', 118, 18, 2, 5, 3, 2, -12287, 'a -12.287 años la tribu del Espejo blanco refina el quemar a través del poder del sin fin; recordada la verdad de Neptuno solar.', -806, -550, '806 - 550 A.C.', 'Ritualizada por la Espada'),
(11, 'del Mono Azul', 131, 11, 2, 1, 3, 3, -10987, 'a -10.987 años la tribu del Mono azul transforma el quemar a través del poder de la magia; recordada la verdad de Venus solar.', -550, -294, '550 - 294 A.C.', 'Dominada por el Engañador'),
(12, 'de la Semilla Amarilla', 144, 04, 2, 1, 3, 4, -9687, 'a -9.687 años la tribu de la Semilla amarilla madura el quemar a través del poder del florecimiento; recordada la verdad de Júpiter galáctico.', -294, -38, '294 - 38 A.C.', 'Para ser Sembrada Nuevamente como Semilla'),
(13, 'de la Tierra Roja', 157, 17, 2, 2, 4, 1, -8387, 'a -8.387 años, la tribu de la Tierra roja inicia el dar a través del poder de la navegación; recordada la verdad de Urano solar.', -38, 219, '38 A.C. - 219 D.C.', 'De la Fuerza de la Tierra'),
(14, 'del Perro Blanco', 170, 10, 2, 2, 4, 2, -7087, 'a -7.087 años la tribu del Perro blanco refina el dar a través del poder del corazón; recordada la verdad de Mercurio solar.', 219, 465, '219 - 465 D.C.', 'Guiada por la Lealtad'),
(15, 'de la Noche Azul', 183, 03, 2, 3, 4, 3, -5787, 'a -5.787 años la tribu de la Noche azul transforma el dar a través del poder de la abundancia, recordada la verdad de Saturno galáctico.', 465, 731, '465 - 731 D.C.', 'A Través de la Casa de la Noche'),
(16, 'del Guerrero Amarillo', 196, 16, 2, 3, 4, 4, -4487, 'a -4.487 años la tribu del Guerrero amarillo madura el dar a través del poder de la inteligencia; recordada la verdad de Saturno solar.', 731, 987, '731 - 987 D.C.', 'Iluminada por la Fuerza Cósmica'),
(17, 'de la Luna Roja', 209, 09, 3, 4, 5, 1, -3187, 'a -3.187 años, La tribu de la Luna roja inicia el Encantar a través del poder del agua universal; recordada la verdad de Mercurio solar.', 987, 1243, '987 - 1.243 D.C.', 'Para Regresar por la Puerta Cósmica'),
(18, 'del Viento Blanco', 222, 02, 3, 4, 5, 2, -1887, 'a -1.887 años, La tribu del Viento blanco refina el Encantar a través del poder del espíritu; recordada la verdad de Urano galáctico.', 1243, 1499, '1.243 - 1.499 D.C.', 'Como Espíritu Puro'),
(19, 'del Águila Azul', 235, 15, 3, 5, 5, 3, -587, 'a -587 años la tribu del Águila azul transforma el Encantar a través del poder de la visión; recordada la verdad de Júpiter solar.', 1499, 1755, '1.499  - 1.755 D.C.', 'Para reunir íntegra la Mente de la Tierra'),
(20, 'de la Estrella Amarill', 248, 08, 3, 5, 5, 4, 713, 'a 713 años la tribu de la Estrella amarilla madura el Encantar a través del poder de la elegancia; recordada la verdad de Venus galáctico.', 1755, 2012, '1.755 - 2.012 D.C.', 'Y Sellarla con la Semilla Estelar de la Armonía');

-- --------------------------------------------------------

--
-- Estructura de tabla para la tabla `kin_pag`
--

CREATE TABLE `kin_pag` (
  `ide` tinyint(1) UNSIGNED ZEROFILL NOT NULL COMMENT 'Portal',
  `nom` varchar(10) COLLATE utf8mb4_spanish_ci NOT NULL COMMENT 'Estado'
) ENGINE=InnoDB DEFAULT CHARSET=utf8mb4 COLLATE=utf8mb4_spanish_ci COMMENT='Portal de Activación Galáctica';

--
-- Volcado de datos para la tabla `kin_pag`
--

INSERT INTO `kin_pag` (`ide`, `nom`) VALUES
(1, 'activo'),
(2, 'inactivo');

-- --------------------------------------------------------

--
-- Estructura de tabla para la tabla `lun`
--

CREATE TABLE `lun` (
  `ide` smallint(2) UNSIGNED ZEROFILL NOT NULL COMMENT 'Día Lunar',
  `arm` smallint(1) UNSIGNED ZEROFILL DEFAULT NULL COMMENT 'Héptada',
  `rad` smallint(1) UNSIGNED ZEROFILL DEFAULT NULL COMMENT 'Plasma Radial',
  `fas` smallint(1) UNSIGNED ZEROFILL NOT NULL COMMENT 'Fase del Telektonon',
  `ato_des` tinytext COLLATE utf8mb4_spanish_ci NOT NULL COMMENT 'Descripción del Átomo del Tiempo'
) ENGINE=InnoDB DEFAULT CHARSET=utf8mb4 COLLATE=utf8mb4_spanish_ci COMMENT='Día del Giro Lunar';

--
-- Volcado de datos para la tabla `lun`
--

INSERT INTO `lun` (`ide`, `arm`, `rad`, `fas`, `ato_des`) VALUES
(01, 1, 1, 1, 'Focaliza la fuerza térmica del átomo telepático del tiempo analogo'),
(02, 1, 2, 1, 'Fluye la fuerza lumínica del átomo telepático del tiempo analogo'),
(03, 1, 3, 1, 'Pacifica la fuerza de impacto t-l del átomo telepático del tiempo analogo'),
(04, 1, 4, 1, 'Establece la cohesión distensión del átomo telepático del tiempo analogo'),
(05, 1, 5, 1, 'Libera el electrón doble extendido del átomo telepático del tiempo analogo'),
(06, 1, 6, 1, 'Purifica el electrón mental del átomo telepático del tiempo analogo'),
(07, 1, 7, 2, 'Descarga el electrón neutrón mental del átomo telepático del tiempo analogo'),
(08, 2, 1, 2, 'Focaliza la fuerza térmica del átomo telepático del tiempo antípoda'),
(09, 2, 2, 2, 'Fluye la fuerza lumínica del átomo telepático del tiempo antípoda'),
(10, 2, 3, 2, 'Pacifica la fuerza de impacto t-l del átomo telepático del tiempo antípoda'),
(11, 2, 4, 2, 'Establece la cohesión distensión del átomo telepático del tiempo antípoda'),
(12, 2, 5, 2, 'Libera el electrón doble extendido del átomo telepático del tiempo antípoda'),
(13, 2, 6, 2, 'Purifica el electrón mental del átomo telepático del tiempo antípoda'),
(14, 2, 7, 2, 'Descarga el electrón neutrón mental del átomo telepático del tiempo antípoda'),
(15, 3, 1, 2, 'Focaliza la fuerza térmica del átomo telepático del tiempo oculto'),
(16, 3, 2, 2, 'Fluye la fuerza lumínica del átomo telepático del tiempo oculto'),
(17, 3, 3, 2, 'Pacifica la fuerza de impacto t-l del átomo telepático del tiempo oculto'),
(18, 3, 4, 2, 'Establece la cohesión distensión del átomo telepático del tiempo oculto'),
(19, 3, 5, 2, 'Libera el electrón doble extendido del átomo telepático del tiempo oculto'),
(20, 3, 6, 2, 'Purifica el electrón mental del átomo telepático del tiempo oculto'),
(21, 3, 7, 2, 'Descarga el electrón neutrón mental del átomo telepático del tiempo oculto'),
(22, 4, 1, 2, 'Focaliza la fuerza térmica del átomo telepático del tiempo de campo unificado'),
(23, 4, 2, 3, 'Fluye la fuerza lumínica del átomo telepático del tiempo de campo unificado'),
(24, 4, 3, 3, 'Pacifica la fuerza de impacto t-l del átomo telepático del tiempo de campo unificado'),
(25, 4, 4, 3, 'Establece la cohesión distensión del átomo telepático del tiempo de campo unificado'),
(26, 4, 5, 3, 'Libera el electrón doble extendido del átomo telepático del tiempo de campo unificado'),
(27, 4, 6, 3, 'Purifica el electrón mental del átomo telepático del tiempo de campo unificado'),
(28, 4, 7, 3, 'Descarga el electrón neutrón mental del átomo telepático del tiempo de campo unificado');

-- --------------------------------------------------------

--
-- Estructura de tabla para la tabla `lun_arm`
--

CREATE TABLE `lun_arm` (
  `ide` smallint(1) UNSIGNED ZEROFILL NOT NULL COMMENT 'Héptada',
  `nom` varchar(10) COLLATE utf8mb4_spanish_ci NOT NULL COMMENT 'Nombre',
  `col` varchar(10) COLLATE utf8mb4_spanish_ci NOT NULL COMMENT 'Color',
  `pod` varchar(10) COLLATE utf8mb4_spanish_ci NOT NULL COMMENT 'Poder',
  `car` varchar(15) COLLATE utf8mb4_spanish_ci NOT NULL COMMENT 'Característica',
  `dua` varchar(15) COLLATE utf8mb4_spanish_ci NOT NULL COMMENT 'Dualidad',
  `des` tinytext COLLATE utf8mb4_spanish_ci NOT NULL COMMENT 'Lectura',
  `dia` varchar(15) COLLATE utf8mb4_spanish_ci NOT NULL COMMENT 'Rango'
) ENGINE=InnoDB DEFAULT CHARSET=utf8mb4 COLLATE=utf8mb4_spanish_ci COMMENT='Heptada Lunar';

--
-- Volcado de datos para la tabla `lun_arm`
--

INSERT INTO `lun_arm` (`ide`, `nom`, `col`, `pod`, `car`, `dua`, `des`, `dia`) VALUES
(1, 'Semana 1', 'Roja', 'inicia', 'el conocimiento', 'la ignorancia', 'El Conocimiento inicia la Visión', 'Días 1-7'),
(2, 'Semana 2', 'Blanca', 'refina', 'la humildad', 'la sobervia', 'La Humildad refina Meditación', 'Días 8-14'),
(3, 'Semana 3', 'Azul', 'transforma', 'la paciencia', 'la ansiedad', 'La Paciencia transforma la Conducta', 'Días 14-21'),
(4, 'Semana 4', 'Amarilla', 'madura', 'el poder', 'la esclavitud', 'El Poder madura el Fruto', 'Días 22-28');

-- --------------------------------------------------------

--
-- Estructura de tabla para la tabla `lun_cub`
--

CREATE TABLE `lun_cub` (
  `ide` smallint(2) UNSIGNED ZEROFILL NOT NULL COMMENT 'Cubo del Guerrero',
  `nom` varchar(100) COLLATE utf8mb4_spanish_ci NOT NULL COMMENT 'Nombre',
  `des` tinytext COLLATE utf8mb4_spanish_ci NOT NULL COMMENT 'Descripción',
  `tit` varchar(200) COLLATE utf8mb4_spanish_ci NOT NULL COMMENT 'Título',
  `lec` text COLLATE utf8mb4_spanish_ci NOT NULL COMMENT 'Lectura',
  `afi` text COLLATE utf8mb4_spanish_ci NOT NULL COMMENT 'Afirmación del Telektonon',
  `sel` smallint(2) UNSIGNED ZEROFILL NOT NULL COMMENT 'Sello Solar',
  `lun` smallint(2) UNSIGNED ZEROFILL NOT NULL COMMENT 'Día Lunar'
) ENGINE=InnoDB DEFAULT CHARSET=utf8mb4 COLLATE=utf8mb4_spanish_ci COMMENT='Cubo del Guerrero';

--
-- Volcado de datos para la tabla `lun_cub`
--

INSERT INTO `lun_cub` (`ide`, `nom`, `des`, `tit`, `lec`, `afi`, `sel`, `lun`) VALUES
(01, 'Memoria en el Salón del Dragón', 'El ser inicia la claridad de la mente', 'Hoy es el mejor día, ahora es la mayor oportunidad', 'Los seres humanos pueden transformar su mundo. La red de nuestras relaciones con otros y el mundo natural que ha producido los problemas que enfrentamos como familia humana, pueden ser cambiados. Que este dolor y sufrimiento disminuya en alguna medida el dolor y el sufrimiento de todos los seres.', 'Por mi poder de libre voluntad de profecía, yo elijo ser uno de los 144.000. Por mi poder guerrero superconsciente de la memoria del Dragón, reclamo y redimo el Baktun 7 y prometo liberar a la Tierra de la prisión del Planeta Babilónico.', 01, 07),
(02, 'Espíritu en el Salón del Viento', 'El aliento refina la claridad de la mente', 'Las dificultades son el portal a la felicidad', 'El desarrollo viene desde el interior. El proceso del desarrollo humano y la comunidad se revela desde dentro de cada persona, relación, familia, organización, comunidad o nación.', 'Por la gracia de la compasión, el amor y consciencia de la verdad, que este momento conduzca a mi cuerpo, mente y espíritu a un estado de humildad y mayor reverencia por la vida. Por mi poder guerrero superconsciente del espíritu del Viento, yo redimo al Ungido como a mí mismo. ¡Que prevalezcan los Magos de la Paz!', 02, 08),
(03, 'Abundancia en el Salón de la Noche', 'El sueño transforma la claridad de la mente', 'Eres tú mismo quien determinas tu destino y creas tu entorno', 'La curación es una parte necesaria del desarrollo. Curar el pasado, cerrar viejas heridas y aprender hábitos saludables de pensamiento y acción que reemplazan el pensamiento disfuncional y los patrones perturbadores de las relaciones humanas es una parte necesaria del proceso de desarrollo sustentable.', 'Que mi ignorancia pasada y presente sea perfeccionada en el santo aliento de la verdad sagrada, ahora y siempre. Por mi poder guerrero superconsciente de la abundancia de la Noche, yo recupero mi poder visionario telepático 13:20 en plenitud. ¡Que la Verdad y la Paz Prevalezcan!', 03, 09),
(04, 'Florecimiento en el Salón de la Semilla', 'La conciencia madura la claridad de la mente', 'Los demás son el reflejo de tu propia mente, el Universo es tu mejor maestro', ' Justicia. Cada persona (sin importar género, raza, edad, cultura, religión) debe tener una oportunidad igual para participar en el proceso de curación y desarrollo y recibir una parte justa de los beneficios. Que mi entrega sea completa, auténtica y eterna.', 'Por mi poder guerrero superconsciente del florecimiento de la Semilla. ¡Que el poder de la iluminación solar de la Flor Maya sea el cumplimiento de la Profecía para Todos!', 04, 10),
(05, 'Sexo en el Salón de la Serpiente', 'El instinto inicia la radiancia del espíritu', 'Hombre y mujer son un par de espejos', 'Sin visión, no hay desarrollo. Una visión de quién podemos llegar a ser, y el mundo sustentable que nos gustaría funciona como un poderoso magneto que nos lleva a nuestro potencial. Escuchen esta plegaria, espíritus perfectos de luz y bendigan mi sendero de vida con su presencia sanadora.', 'Por mi poder guerrero consciente continuo del sexo de la Serpiente, guiado por el poder de la Profecía, que la fuerza agresiva de la guerra sea trascendida y vencida por la fuerza sexual de la vida. ¡Que la Paz y el Amor prevalezcan para Todos!', 05, 11),
(06, 'Muerte en el Salón del Enlazador', 'La oportunidad refina la radiancia del espíritu', 'El niño es un actor interpretando en un escenario la mente de sus padres', 'El desarrollo auténtico está basado culturalmente. La curación y el desarrollo deben estar enraizados en la sabiduría, en el conocimiento y en el proceso vivo de la cultura de la gente. He estado ciego ante la verdad, arrogante y distante de la verdadera naturaleza del amor, compasión y sabiduría perfecta de Dios.', 'Por mi poder guerrero consciente de la muerte del Enlazador de Mundos, que lo que ha sido escondido sea revelado ahora. ¡Que la Paz de las 13 lunas Prevalezca!', 06, 12),
(07, 'Realización en el Salón de la Mano', 'La sanación transforma la radiancia del espíritu', 'El cuerpo es un símbolo del corazón y el espíritu. La enfermedad es una señal de peligro para el cuerpo', 'Interconexión. Todo está conectado con todo. Por lo tanto, cualquier aspecto de nuestra curación y desarrollo está relacionado con todo lo demás (personal, social, cultural, político, económico, etc.) Cuando trabajamos en cada parte, el círculo entero es afectado. Yo sólo soy responsable de mi estado actual de ser, y ruego por la comprensión y la sabiduría para dejar atrás las complacencias del pasado que son la raíz de mi sufrimiento.', 'Por mi poder guerrero inconsciente del conocimiento de la Profecía, que la verdad divina prevalezca. ¡Por mi fuerza telepática inconsciente, hago reemplazar al Planeta Babilónico por la Biosfera!', 07, 13),
(08, 'Arte en el Salón de la Estrella', 'La belleza madura la radiancia del espíritu', 'La alegría es el padre de la buena salud. La amistad es la madre de la felicidad', '	Sin unidad, no hay desarrollo. Unidad significa unicidad. Sin unidad, la unicidad común que hace separados (aparentemente) a los seres humanos en la ‘comunidad’ es imposible. La desunión es la primera enfermedad de la comunidad. Esta vida pertenece a la totalidad de la vida, por favor, fortalece mi determinación para vivir de acuerdo con las virtudes de amor, compasión y servicio al Uno.', 'Por mi poder guerrero inconsciente almacenado del arte de la Estrella, que la profecía alcance la victoria de los justos. Que la bestia de la ignorancia sea destruida. ¡Que prevalezca la libre voluntad, la Paz, el Arte y la Armonía!', 08, 14),
(09, 'Purificación en el Salón de la Luna', 'La purifiación inicia la desobstrucción de la voluntad', 'No cumplir una promesa causará que pierdas tu felicidad y privará a los demás de la suya', 'Sin participación no hay desarrollo. Participación es el compromiso activo de mentes, corazones y energía de la gente en el proceso de su propia curación y desarrollo. Ruego y rezo por la paz, la sanación y la integridad y me entrego a ellas.', 'Por mi poder guerrero inconsciente de purificación de la Luna, que la Profecía conduzca a la victoria de los justos. Que el terror del error kármico del Planeta Babilónico sea purificado para siempre ¡Que el Águila Cósmica vuele de nuevo!', 09, 15),
(10, 'Amor en el Salón del Perro', 'La lealtad refina la desobstrucción de la voluntad', 'El trabajo es la mayor alegría', '	El daño a uno es el daño de todos; el honor a uno es el honor de todos. El asunto básico de nuestra unidad como una familia humana significa que el desarrollo de unos a expensas de la buena voluntad de los demás no es aceptable o sostenible. Sana esta vida y pondré todo el corazón al servicio del Tao infinito, disuelve la dualidad y libera este aliento de vida para que pueda seguir los pasos de los futuros maestros en el gran círculo de la vida universal.', 'Por mi poder guerrero inconsciente de amor del Perro, que la Profecía pacifique la victoria de los justos. ¡Que el regreso del guerrero sagrado traiga Paz, Verdad y Amor a esta afligida Tierra!', 10, 16),
(11, 'Magia en el Salón del Mono', 'La ilusión y el juego transforman la desobstrucción de la voluntad', 'Los bienes materiales llegan a quien mejor uso hace de ellos', 'Espíritu. Los seres humanos son tanto materiales como espirituales por naturaleza. Por lo tanto, es inconcebible que la comunidad humana pueda convertirse en un entero y sustentable sin llevar nuestras vidas al equilibrio con los requerimientos de nuestra naturaleza espiritual. Sana esta vida de apegos y deseos mundanos e inspira esta vida al servicio del amor eterno y servicio al Uno.', 'Por mi poder guerrero consciente de la magia del Mono, que la Profecía establezca la victoria de las 13 Lunas como el camino justo del Cielo en la Tierra. ¡Que prevalezca la Paz!', 11, 17),
(12, 'Libre Voluntad en el Salón del Humano', 'La influencia madura la desobstrucción de la voluntad', 'Ríndete y recibirás', 'Moral y ética. El humano sustentable y el desarrollo de la comunidad requiere de una base moral. Cuando declina la moral y los principios éticos básicos son violados, el desarrollo se detiene. Si voy a vivir, permíteme vivir en paz, libre de las restricciones del ego y del materialismo.', 'Por mi poder guerrero consciente continuo de la libre voluntad del Humano, que la Profecía libere la victoria de las 13 Lunas como el poder de la humanidad para regenerar la Biosfera. ¡Que prevalezca la Paz!', 12, 18),
(13, 'Profecía en el Salón del Caminante', 'La vigilancia inicia el telektonon de la sabiduría', 'No olvides el origen ni abandones la finalización', 'Aprendizaje. Los seres humanos son seres que aprenden. Comenzamos a aprender desde que estamos en el útero materno, y a menos que suceda algo que cierre nuestra mente y paralice nuestras capacidades, seguimos aprendiendo a lo largo de toda nuestra vida. El aprendizaje está en el núcleo de la curación y del desarrollo. Si voy a morir, permite que a mi muerte despierte esta naturaleza eterna mortal para convertirme en lo que verdaderamente soy.', 'Por mi poder guerrero consciente continuo de la Profecía del Caminante del Cielo, que la Profecía purifique la victoria del camino de las 13 Lunas, como el triunfo de la religión de la verdad. ¡Que la paz Regenere la Biosfera!', 13, 19),
(14, 'Atemporalidad en el Salón del Mago', 'La receptividad refina el telektonon de la sabiduría', 'La esperanza es el Sol de nuestro corazón', 'Sustentabilidad. Sostener algo significa posibilitar que continúe por un largo período de tiempo. El desarrollo auténtico no debilita lo que se necesita mantener. Que la Luz de las luces, el Sendero del Vacío, el Corazón de la Verdad, libere esta naturaleza eterna para convertirme en lo que verdaderamente soy.', 'Por mi poder guerrero consciente continuo de la atemporalidad del Mago, que la victoria descargue la Profecía del camino de las 13 Lunas como el reino del cielo en la Tierra. ¡Que la Paz Universal prevalezca!', 14, 20),
(15, 'Visión en el Salón del Águila', 'La mente transforma el telektonon de la sabiduría', 'La confianza conduce al éxito, el miedo y la duda al error', 'Ir a lo positivo. Resolver los problemas críticos en nuestras vidas y comunidades es la mejor vía para visualizar y moverse hacia la alternativa positiva que queremos crear, y construirlo en la fuerza que ya tenemos, más que dejar ir nuestra energía luchando con lo negativo. Que todos los seres sientan el amor de nuestra verdadera naturaleza y sean liberados del dolor, sufrimiento e ilusorio de esta vida.', 'Por mi poder guerrero telepático consciente de la visión del Águila, que el camino de paz de las 13 Lunas restaure el reino del cielo en la Tierra como la Segunda Creación prometida. ¡Paz!', 15, 21),
(16, 'Inteligencia en el Salón del Guerrero', 'La intrepidez madura el telektonon de la sabiduría', 'Respétate a ti mismo y haz lo mismo con los demás', 'Sé tú el cambio que quieres ver. Las estrategias más poderosas para cambiar siempre involucran el modelado del papel positivo y la creación de ejemplos vivos de las soluciones que estamos proponiendo. Caminando el sendero, hacemos el sendero visible. Que la paz prevalezca en el corazón de todos los seres, ahora y eternamente.', 'Por mi poder guerrero de consciencia instintiva de la inteligencia del guerrero, que pueda ayudar a llevar a toda la humanidad a la Nueva Jerusalén de vida universal. ¡Por el poder del Cubo, que la Paz Prevalezca!', 16, 22),
(17, 'Navegación de la Tierra', 'Encuentro de los amantes', 'La vida es un drama producido por Dios y tú tienes un papel protagonista', '', 'Que todos los seres sean libres para regresar al sendero perfecto de verdad, simplicidad y amor. ¡Disfruta del Cielo en la Tierra!', 17, 23);

-- --------------------------------------------------------

--
-- Estructura de tabla para la tabla `lun_fas`
--

CREATE TABLE `lun_fas` (
  `ide` smallint(1) UNSIGNED ZEROFILL NOT NULL COMMENT 'Fase',
  `nom` varchar(30) COLLATE utf8mb4_spanish_ci NOT NULL COMMENT 'Nombre',
  `des` varchar(100) COLLATE utf8mb4_spanish_ci NOT NULL COMMENT 'Descripción',
  `lun` varchar(5) COLLATE utf8mb4_spanish_ci NOT NULL COMMENT 'Posiciones',
  `lun_ini` smallint(2) UNSIGNED ZEROFILL NOT NULL COMMENT 'Inicial',
  `lun_fin` smallint(2) UNSIGNED ZEROFILL NOT NULL COMMENT 'Final'
) ENGINE=InnoDB DEFAULT CHARSET=utf8mb4 COLLATE=utf8mb4_spanish_ci COMMENT='Fase del Telektonon';

--
-- Volcado de datos para la tabla `lun_fas`
--

INSERT INTO `lun_fas` (`ide`, `nom`, `des`, `lun`, `lun_ini`, `lun_fin`) VALUES
(1, 'Caminata en la Tierra', '', '01-06', 01, 06),
(2, 'Viaje en el Cubo del Guerrero', '', '07-22', 07, 22),
(3, 'Caminata en el Cielo', '', '23-28', 23, 28);

-- --------------------------------------------------------

--
-- Estructura de tabla para la tabla `lun_fue`
--

CREATE TABLE `lun_fue` (
  `ide` smallint(1) UNSIGNED ZEROFILL NOT NULL COMMENT 'Línea de Fuerza Vertical',
  `nom` varchar(15) COLLATE utf8mb4_spanish_ci NOT NULL COMMENT 'Nombre',
  `des` tinytext COLLATE utf8mb4_spanish_ci NOT NULL COMMENT 'Descripción',
  `lun_ini` smallint(2) UNSIGNED ZEROFILL NOT NULL COMMENT 'Inicial',
  `lun_fin` smallint(2) UNSIGNED ZEROFILL NOT NULL COMMENT 'Final'
) ENGINE=InnoDB DEFAULT CHARSET=utf8mb4 COLLATE=utf8mb4_spanish_ci COMMENT='Línea de Fuerza Vertical del Telektonon';

--
-- Volcado de datos para la tabla `lun_fue`
--

INSERT INTO `lun_fue` (`ide`, `nom`, `des`, `lun_ini`, `lun_fin`) VALUES
(1, '01-28', 'Torre del Espíritu (Torre de Babel). Flujo Galáctico-Kármico, plano preconsciente', 01, 28),
(2, '02-27', 'Poder telecósmico del 9, plano inconsciente', 02, 27),
(3, '03-26', 'Poder telecósmico del 13, plano consciente', 03, 26),
(4, '04-25', 'Poder telecósmico del 5, quinta fuerza del plano del consciente continuo', 04, 25),
(5, '05-24', 'Poder telecósmico del 4, plano supraconsciente de la forma cósmica', 05, 24),
(6, '06-23', 'Torre de la Navegación (Torre de Profecía): Flujo Solar-Profético, plano consciente subliminal', 06, 23),
(7, '07-22', 'Buda - Nueva Jerusalén', 07, 22),
(8, '08-21', 'Cristo - Nuevo Cielo, Nueva Tierra', 08, 21),
(9, '09-20', 'Señores de Rojo y Negro - Profecía 7  ', 09, 20),
(10, '10-19', 'Mahoma, Pacal Votan - Profecía 6', 10, 19),
(11, '11-18', 'Quetzalcoatl - Profecía 5', 11, 18),
(12, '12-17', 'Baktun 12 - Profecía 4 (Escalera al Cielo)', 12, 17),
(13, '13-16', 'Baktún 13 - Profecía 3', 13, 16),
(14, '14-15', 'Profecía 1 - Profecía 2', 14, 15);

-- --------------------------------------------------------

--
-- Estructura de tabla para la tabla `psi`
--

CREATE TABLE `psi` (
  `ide` smallint(3) UNSIGNED ZEROFILL NOT NULL COMMENT 'Día Anual',
  `des` text COLLATE utf8mb4_spanish_ci NOT NULL COMMENT 'Cita',
  `fec` varchar(5) COLLATE utf8mb4_spanish_ci NOT NULL COMMENT 'Fecha',
  `fec_dia` smallint(2) UNSIGNED ZEROFILL NOT NULL COMMENT 'Día',
  `fec_mes` smallint(2) UNSIGNED ZEROFILL NOT NULL COMMENT 'Mes',
  `fec_cod` smallint(3) UNSIGNED ZEROFILL NOT NULL COMMENT 'Conversión',
  `tzo` smallint(3) UNSIGNED ZEROFILL NOT NULL COMMENT 'Psi-Cronos',
  `est` smallint(1) UNSIGNED ZEROFILL NOT NULL COMMENT 'Estación Solar',
  `est_dia` smallint(2) UNSIGNED ZEROFILL NOT NULL COMMENT 'Día en Estación',
  `lun` smallint(2) UNSIGNED ZEROFILL NOT NULL COMMENT 'Giro Lunar',
  `lun_dia` smallint(2) UNSIGNED ZEROFILL NOT NULL COMMENT 'Día en Luna',
  `vin` smallint(2) UNSIGNED ZEROFILL NOT NULL COMMENT 'Vinal',
  `vin_dia` smallint(2) UNSIGNED ZEROFILL NOT NULL COMMENT 'Día en Vinal',
  `hep` smallint(2) UNSIGNED ZEROFILL NOT NULL COMMENT 'Héptada',
  `hep_dia` smallint(1) UNSIGNED ZEROFILL NOT NULL COMMENT 'Día en Héptada',
  `cro` smallint(2) UNSIGNED ZEROFILL NOT NULL COMMENT 'Cromática Entonada',
  `cro_dia` smallint(1) UNSIGNED ZEROFILL NOT NULL COMMENT 'Día en Cromática'
) ENGINE=InnoDB DEFAULT CHARSET=utf8mb4 COLLATE=utf8mb4_spanish_ci COMMENT='Banco-Psi';

--
-- Volcado de datos para la tabla `psi`
--

INSERT INTO `psi` (`ide`, `des`, `fec`, `fec_dia`, `fec_mes`, `fec_cod`, `tzo`, `est`, `est_dia`, `lun`, `lun_dia`, `vin`, `vin_dia`, `hep`, `hep_dia`, `cro`, `cro_dia`) VALUES
(001, 'Un lienzo en blanco es una maravilla viva... mucho más hermosa que ciertos cuadros. ~ Wassily Kandinsky ~', '26/07', 26, 07, 181, 001, 1, 01, 01, 01, 01, 01, 01, 1, 01, 1),
(002, 'El talento percibe la diferencia; la genialidad percibe la unidad. ~ William Butler Yeats ~', '27/07', 27, 07, 181, 001, 1, 02, 01, 02, 01, 02, 01, 2, 01, 2),
(003, 'No hay más realidad que la contenida en nuestro interior. Por eso muchas personas viven una vida irreal. Toman las imágenes externas a ellos como realidad y nunca permiten manifestarse a su propio mundo interior. ~ Hermann Hesse ~', '28/07', 28, 07, 181, 001, 1, 03, 01, 03, 01, 03, 01, 3, 01, 3),
(004, 'El mayor servicio que podemos ofrecer al mundo es nuestra propia realización. ~ Ramana Maharshi ~', '29/07', 29, 07, 181, 020, 1, 04, 01, 04, 01, 04, 01, 4, 01, 4),
(005, 'La Divinidad, en su omnisciencia y omnipotencia, es semejante a una rueda, un círculo, una totalidad que nunca puede ser abarcada, ni dividida, ni iniciada, ni finalizada. ~ Hildegarda de Bingen ~', '30/07', 30, 07, 181, 020, 1, 05, 01, 05, 01, 05, 01, 5, 01, 5),
(006, 'Telepáticamente, por supuesto, somos uno, un único organismo disperso en el tiempo y el espacio. ~ José Argüelles ~', '31/07', 31, 07, 181, 020, 1, 06, 01, 06, 01, 06, 01, 6, 02, 1),
(007, 'Eres aquello que piensas. Tu proyección mental es la proyección más eminente existente en el cuerpo humano. Nada llega del exterior. ~ Yogui Bhajan ~', '01/08', 01, 08, 212, 002, 1, 07, 01, 07, 01, 07, 01, 7, 02, 2),
(008, 'Lo que se necesita finalmente es simplemente esto: soledad, una gran soledad interior. Entrar en ti mismo y no sentir a nadie durante horas y horas –eso es lo que debes ser capaz de alcanzar. ~ Rainer Maria Rilke ~', '02/08', 02, 08, 212, 003, 1, 08, 01, 08, 01, 08, 02, 1, 02, 3),
(009, 'Cuando estés contento con ser simplemente tú mismo y no te compares ni compitas, todos te respetarán. ~ Lao Tzu ~', '03/08', 03, 08, 212, 004, 1, 09, 01, 09, 01, 09, 02, 2, 02, 4),
(010, 'Durante sólo un minuto al día recuerda, que sería mejor intentar verte a ti mismo como Dios lo hace, porque Ella conoce tu verdadera naturaleza real. ~ Hafiz ~', '04/08', 04, 08, 212, 005, 1, 10, 01, 10, 01, 10, 02, 3, 02, 5),
(011, 'La mayor sabiduría es ver a través de las apariencias. ~ Atisha ~', '05/08', 05, 08, 212, 006, 1, 11, 01, 11, 01, 11, 02, 4, 03, 1),
(012, 'La fortaleza de la Manada es el Lobo, y la fortaleza del Lobo está en la Manada. ~ Rudyard Kipling ~', '06/08', 06, 08, 212, 007, 1, 12, 01, 12, 01, 12, 02, 5, 03, 2),
(013, 'No recibimos sabiduría; debemos descubrirla por nosotros mismos después de recorrer una travesía que nadie más puede recorrer o librar por nosotros. ~ Marcel Proust ~', '07/08', 07, 08, 212, 008, 1, 13, 01, 13, 01, 13, 02, 6, 03, 3),
(014, 'Sólo el amor es capaz de unir a los seres vivos de tal manera como para complementarlos y completarlos, pues por sí solo toma y une en ellos lo que está más profundo en ellos mismos. ~ Pierre Teilhard de Chardin ~', '08/08', 08, 08, 212, 009, 1, 14, 01, 14, 01, 14, 02, 7, 03, 4),
(015, 'Una persona puede ser ella misma siempre y cuando ella sepa estar sola; y si no ama la soledad, no va a amar la libertad; porque solamente cuando se está solo se es realmente libre. ~ Arthur Schoepenhaur ~', '09/08', 09, 08, 212, 010, 1, 15, 01, 15, 01, 15, 03, 1, 03, 5),
(016, 'Siempre he sabido que al final tomaría este camino, pero ayer no sabía que sería hoy. ~ Haiku japonés ~', '10/08', 10, 08, 212, 011, 1, 16, 01, 16, 01, 16, 03, 2, 04, 1),
(017, 'El universo mental está compuesto de diferentes capas de pensamiento, el nivel de pensamiento al que te sintonizas determina el tipo de preguntas que haces y las respuestas que obtienes.', '11/08', 11, 08, 212, 012, 1, 17, 01, 17, 01, 17, 03, 3, 04, 2),
(018, 'Nuestra verdadera realidad está en nuestra identidad y unidad con toda forma de vida. ~ Khalil Gibran ~', '12/08', 12, 08, 212, 013, 1, 18, 01, 18, 01, 18, 03, 4, 04, 3),
(019, 'He renunciado a pensar como los demás piensan, a actuar como los demás actúan, a ser como los demás. Sabía que había algo más que buscar en la vida. ~ Yogananda ~', '13/08', 13, 08, 212, 014, 1, 19, 01, 19, 01, 19, 03, 5, 04, 4),
(020, 'Dos caminos se bifurcaban en un bosque, y yo tomé el menos transitado, y eso hizo toda la diferencia. ~ Robert Frost ~', '14/08', 14, 08, 212, 015, 1, 20, 01, 20, 01, 20, 03, 6, 04, 5),
(021, 'Sé quien eres y di lo que sientes, porque a los que les molesta, no te importan, y a los que te importan, no les molesta. ~ Dr. Seuss ~', '15/08', 15, 08, 212, 016, 1, 21, 01, 21, 02, 01, 03, 7, 05, 1),
(022, 'Cuando hay Convergencia Armónica, mi sueño principal entra en su vigilia y la Realidad toma el lugar de la historia. La clave es la receptividad, el recogimiento y la resonancia. ~ José Argüelles/Valum Votan ~', '16/08', 16, 08, 212, 017, 1, 22, 01, 22, 02, 02, 04, 1, 05, 2),
(023, 'Cuanto más poderosa y original sea una mente, más se inclinará hacia la religión de la soledad. ~ Aldous Huxley ~', '17/08', 17, 08, 212, 241, 1, 23, 01, 23, 02, 03, 04, 2, 05, 3),
(024, 'No hay más realidad que la contenida en nuestro interior. Por eso muchas personas viven una vida irreal. Toman las imágenes externas a ellos como realidad y nunca permiten manifestarse a su propio mundo interior. ~ Hermann Hesse ~', '18/08', 18, 08, 212, 241, 1, 24, 01, 24, 02, 04, 04, 3, 05, 4),
(025, 'El mayor servicio que podemos ofrecer al mundo es nuestra propia realización. ~ Ramana Maharshi ~', '19/08', 19, 08, 212, 241, 1, 25, 01, 25, 02, 05, 04, 4, 05, 5),
(026, 'La Divinidad, en su omnisciencia y omnipotencia, es semejante a una rueda, un círculo, una totalidad que nunca puede ser abarcada, ni dividida, ni iniciada, ni finalizada. ~ Hildegarda de Bingen ~', '20/08', 20, 08, 212, 260, 1, 26, 01, 26, 02, 06, 04, 5, 06, 1),
(027, 'Telepáticamente, por supuesto, somos uno, un único organismo disperso en el tiempo y el espacio. ~ José Argüelles ~ ', '21/08', 21, 08, 212, 260, 1, 27, 01, 27, 02, 07, 04, 6, 06, 2),
(028, 'Eres aquello que piensas. Tu proyección mental es la proyección más eminente existente en el cuerpo humano. Nada llega del exterior. ~ Yogui Bhajan ~', '22/08', 22, 08, 212, 260, 1, 28, 01, 28, 02, 08, 04, 7, 06, 3),
(029, 'Fe significa unidireccionalidad de la mente hacia el Infinito. Dualidad significa unidireccionalidad de la mente hacia dos existencias, finito e infinito. ~ Yogi Bhajan ~', '23/08', 23, 08, 212, 022, 1, 29, 02, 01, 02, 09, 05, 1, 06, 4),
(030, 'Debemos estar dispuestos a dejar de lado la vida que hemos planeado con el fin de tener la vida que nos está esperando. ~ Joseph Campbell ~', '24/08', 24, 08, 212, 022, 1, 30, 02, 02, 02, 10, 05, 2, 06, 5),
(031, 'Ninguno puede aconsejarte y ayudarte, ninguno. Sólo hay un camino: Adentrarte en ti mismo. ~ Rainer Maria Rilke ~', '25/08', 25, 08, 212, 022, 1, 31, 02, 03, 02, 11, 05, 3, 07, 1),
(032, 'Todo lo que fue brillante en el pasado fue ridiculizado, condenado, combatido, suprimido –sólo para emerger más poderoso, y aún más triunfante desde la contienda. ~ Nikola Tesla ~', '26/08', 26, 08, 212, 039, 1, 32, 02, 04, 02, 12, 05, 4, 07, 2),
(033, 'Recordar el paraíso perdido permite a la humanidad rechazar las condiciones impuestas en este mundo y le proporciona la fuerza suficiente para trabajar y superarlas. ~ Adonis ~', '27/08', 27, 08, 212, 039, 1, 33, 02, 05, 02, 13, 05, 5, 07, 3),
(034, 'Sólo el amor imprime el valor a todas las cosas. ~ Santa Teresa de Ávila ~', '28/08', 28, 08, 212, 039, 1, 34, 02, 06, 02, 14, 05, 6, 07, 4),
(035, 'Aléjate de la gente que intenta empequeñecer tus ambiciones. La gente estrecha siempre lo hace; pero la verdaderamente grande te hace sentir que tú también puedes ser grande. ~ Mark Twain ~', '29/08', 29, 08, 212, 018, 1, 35, 02, 07, 02, 15, 05, 7, 07, 5),
(036, 'La vida es realmente simple pero insistimos en hacerla complicada. ~ Confucio ~', '30/08', 30, 08, 212, 019, 1, 36, 02, 08, 02, 16, 06, 1, 08, 1),
(037, 'Sin opuestos no hay progresión. Atracción y repulsión, razón y energía, amor y odio, son necesarios para la existencia humana. ~ William Blake ~', '31/08', 31, 08, 212, 021, 1, 37, 02, 09, 02, 17, 06, 2, 08, 2),
(038, 'El mejor éxito siempre es acabar. ~ Robert Frost ~', '01/09', 01, 09, 243, 023, 1, 38, 02, 10, 02, 18, 06, 3, 08, 3),
(039, 'Vivimos, de hecho, en un mundo hambriento de soledad, silencio y privacidad; y por tanto hambriento de meditación y de verdadera amistad. ~ C.S. Lewis ~', '02/09', 02, 09, 243, 024, 1, 39, 02, 11, 02, 19, 06, 4, 08, 4),
(040, 'Deja de hablar de enemigos cuando una gesta puede encender una gran luz. La soledad te transmitirá mejor el mensaje que los murmullos de la multitud. ~ Nicholas Roerich ~', '03/09', 03, 09, 243, 025, 1, 40, 02, 12, 02, 20, 06, 5, 08, 5),
(041, 'Todo acto de creación es primero un acto de destrucción. ~ Pablo Picasso ~', '04/09', 04, 09, 243, 026, 1, 41, 02, 13, 03, 01, 06, 6, 09, 1),
(042, 'El individuo siempre ha luchado para evitar ser absorbido por la tribu. Si lo intentas, a menudo te sentirás solo, y a veces asustado. Pero ningún precio es demasiado alto para pagar por el privilegio de ser dueño de ti mismo. ~ Nietzsche ~', '05/09', 05, 09, 243, 027, 1, 42, 02, 14, 03, 02, 06, 7, 09, 2),
(043, 'Si podemos comprender realmente el problema, la respuesta surgirá de él, ya que la respuesta no está separada del problema. ~ Jiddu Krishnamurti. ~', '06/09', 06, 09, 243, 028, 1, 43, 02, 15, 03, 03, 07, 1, 09, 3),
(044, 'Sé amable, pues cada persona que encuentras está librando una dura batalla. ~ Platón ~', '07/09', 07, 09, 243, 029, 1, 44, 02, 16, 03, 04, 07, 2, 09, 4),
(045, 'La persona que promulga que no se puede hacer, no debería interrumpir a la persona que está haciendo. ~ Proverbio chino ~', '08/09', 08, 09, 243, 030, 1, 45, 02, 17, 03, 05, 07, 3, 09, 5),
(046, 'Nuestra mente es capaz de pasar más allá de la línea divisoria que hemos trazado. Más allá de los pares de opuestos de los que está compuesto el mundo, aparecen nuevas percepciones. ~ Hermann Hesse ~', '09/09', 09, 09, 243, 031, 1, 46, 02, 18, 03, 06, 07, 4, 10, 1),
(047, 'Al sentarte quieto y observar el flujo de pensamientos, puedes descubrir que en realidad ningún pensamiento es, ni más ni menos importante que cualquier otro, son sólo los diferentes apegos del ego los que lo hacen parecer así. ~ José Argüelles/Valum Votan ~', '10/09', 10, 09, 243, 032, 1, 47, 02, 19, 03, 07, 07, 5, 10, 2),
(048, 'Y la verdad debe recaer finalmente en lo que cada individuo oprimido siente dentro de sí pero no tiene el valor de expresar. ~ Wilhelm Reich ~', '11/09', 11, 09, 243, 033, 1, 48, 02, 20, 03, 08, 07, 6, 10, 3),
(049, 'Nadie obtiene el éxito sin esfuerzo... Los que tienen éxito deben su éxito a la perseverancia. ~ Ramana Maharshi ~', '12/09', 12, 09, 243, 034, 1, 49, 02, 21, 03, 09, 07, 7, 10, 4),
(050, 'Cree en la infinita travesía del amor, ya que es la tuya propia, porque tú eres amor. El amor es vida. ~ Rumi ~', '13/09', 13, 09, 243, 035, 1, 50, 02, 22, 03, 10, 08, 1, 10, 5),
(051, 'Aquí tienes una prueba para saber si tu misión en la tierra ha terminado. Si estás vivo, es no. ~ Francis Bacon ~', '14/09', 14, 09, 243, 222, 1, 51, 02, 23, 03, 11, 08, 2, 11, 1),
(052, 'No tengas miedo a no ser capaz de cumplir con tus tareas. Serás asistido por la gracia. La posibilidad de elevación está basada en la fe. Procede según veas que se desarrolla el camino, porque serás guiado en cada paso. ~ Trigueirinho ~', '15/09', 15, 09, 243, 222, 1, 52, 02, 24, 03, 12, 08, 3, 11, 2),
(053, 'Me he forzado a contradecirme a mi mismo para evitar ajustarme a mi propio gusto. ~ Marcel Duchamp ~', '16/09', 16, 09, 243, 222, 1, 53, 02, 25, 03, 13, 08, 4, 11, 3),
(054, 'El descenso a la materia debe ser completado antes que el ascenso al espíritu pueda comenzar. ~ Dion Fortune ~ ', '17/09', 17, 09, 243, 239, 1, 54, 02, 26, 03, 14, 08, 5, 11, 4),
(055, 'El mayor engaño que sufren las personas viene de sus propias opiniones. ~ Leonardo da Vinci ~', '18/09', 18, 09, 243, 239, 1, 55, 02, 27, 03, 15, 08, 6, 11, 5),
(056, 'Toda verdad pasa por tres fases. Primera, se ridiculiza. En segundo lugar, se niega con violencia. Tercera, se acepta como algo evidente. ~ Arthur Schopenhauer ~', '19/09', 19, 09, 243, 239, 1, 56, 02, 28, 03, 16, 08, 7, 12, 1),
(057, 'Si quieres encontrar los secretos del universo, piensa en términos de energía, frecuencia y vibración. ~ Nikola Tesla ~', '20/09', 20, 09, 243, 043, 1, 57, 03, 01, 03, 17, 09, 1, 12, 2),
(058, 'Tener la gratitud siempre presente te hace receptivo al Santísimo, estás preparado para servir con devoción. ~ Trigueirinho ~', '21/09', 21, 09, 243, 043, 1, 58, 03, 02, 03, 18, 09, 2, 12, 3),
(059, 'Para que un cambio llegue a su más extensa totalidad y profundidad, la consciencia tiene que cambiar su centro y posición estática y dinámica de la superficie hacia el interior del ser. ~ Sri Aurobindo ~', '22/09', 22, 09, 243, 043, 1, 59, 03, 03, 03, 19, 09, 3, 12, 4),
(060, 'La gratitud es la que abre las puertas a todas las bendiciones espirituales. Todo se vuelve claro, ves, sientes, vives. ~ Omraam Mikhaël Aïvanhov ~', '23/09', 23, 09, 243, 058, 1, 60, 03, 04, 03, 20, 09, 4, 12, 5),
(061, 'Yo estoy en el presente. No puedo saber lo que el mañana traerá. Puedo saber sólo lo que es la verdad para mí hoy. Eso es lo que estoy llamado a servir y sirvo en toda lucidez. ~ Igor Stravinsky ~', '24/09', 24, 09, 243, 058, 1, 61, 03, 05, 04, 01, 09, 5, 13, 1),
(062, 'Vive para ti mismo y vivirás en vano; Vive para los demás, y vivirás de nuevo. ~ Bob Marley ~', '25/09', 25, 09, 243, 058, 1, 62, 03, 06, 04, 02, 09, 6, 13, 2),
(063, 'Crear una obra de arte es crear el mundo. ~ Wassily Kandinsky ~', '26/09', 26, 09, 243, 036, 1, 63, 03, 07, 04, 03, 09, 7, 13, 3),
(064, 'Es literalmente cierto que puedes tener más éxito y de una manera más rápida ayudando a los demás a tener éxito. ~ Napoleón Hill ~', '27/09', 27, 09, 243, 037, 1, 64, 03, 08, 04, 04, 10, 1, 13, 4),
(065, 'Uno no está ocioso porque esté abstraído. Hay labores tanto visibles como invisibles. Contemplar es esforzarse, pensar es hacer. Los brazos cruzados trabajan, las manos unidas actúan. Los ojos vueltos al Cielo son un acto de creación. ~ Víctor Hugo ~', '28/09', 28, 09, 243, 038, 1, 65, 03, 09, 04, 05, 10, 2, 13, 5),
(066, 'Los símbolos son formas oraculares –patrones misteriosos creando vórtices en las sustancias del mundo invisible. ~ Manly Salón ~', '29/09', 29, 09, 243, 040, 1, 66, 03, 10, 04, 06, 10, 3, 14, 1),
(067, 'Saber no es suficiente; debemos aplicarlo. Estar dispuestos no es suficiente; debemos hacer. ~ Johann Wolfgang von Goethe ~', '30/09', 30, 09, 243, 041, 1, 67, 03, 11, 04, 07, 10, 4, 14, 2),
(068, 'Somos Maya. Quien nos conoce, conoce el tiempo y la trascendencia del tiempo. Incluso después de que hemos activado un patrón genético, estamos disponibles. Quién nos conoce nos puede llamar siempre y contar con nosotros. ~ José Argüelles/Valum Votan ~', '01/10', 01, 10, 013, 042, 1, 68, 03, 12, 04, 08, 10, 5, 14, 3),
(069, 'El propósito de la vida humana es servir, y mostrar compasión y el deseo de ayudar a los demás. ~ Albert Schweitzer ~', '02/10', 02, 10, 013, 044, 1, 69, 03, 13, 04, 09, 10, 6, 14, 4),
(070, 'La mejor manera de encontrarte es perderte en el servicio a los demás. ~ Gandhi ~', '03/10', 03, 10, 013, 045, 1, 70, 03, 14, 04, 10, 10, 7, 14, 5),
(071, '¡El secreto de conseguir cosas es actuar! ~ Dante Alighieri ~', '04/10', 04, 10, 013, 046, 1, 71, 03, 15, 04, 11, 11, 1, 15, 1),
(072, 'Atrévete a declarar quién eres. No está lejos de las orillas del silencio en los límites del discurso. El camino no es largo, pero el camino es profundo. No debes caminar solo allí, debes estar preparado para saltar. ~ Hildegarda de Bingen ~', '05/10', 05, 10, 013, 047, 1, 72, 03, 16, 04, 12, 11, 2, 15, 2),
(073, 'Busco lo que es necesario hacer. A fin de cuentas, eso es lo que diseña el mismo Universo. ~ R. Buckminster Fuller ~', '06/10', 06, 10, 013, 048, 1, 73, 03, 17, 04, 13, 11, 3, 15, 3),
(074, 'El Universo es igual que Vosotros. Sois un libro y el universo es un libro. Sois un misterio y el universo es también un misterio. Sois un consciente y el Universo también es un consciente. El que Os lee, también escribe sobre Vosotros y el que lee el Universo, escribe sobre el Universo. ~ Mevlana ~', '07/10', 07, 10, 013, 049, 1, 74, 03, 18, 04, 14, 11, 4, 15, 4),
(075, 'No preguntes lo que necesita el mundo. Pregunta por lo que te hace sentir vivo y hazlo. Porque lo que el mundo necesita es gente que se sienta realmente viva. ~ Howard Thurman ~', '08/10', 08, 10, 013, 052, 1, 75, 03, 19, 04, 15, 11, 5, 15, 5),
(076, 'El verdadero conocimiento no se alcanza por medio del pensamiento; Es lo que vosotros sois, lo que vosotros llegáis a ser. ~ Sri Aurobindo ~', '09/10', 09, 10, 013, 053, 1, 76, 03, 20, 04, 16, 11, 6, 16, 1),
(077, 'Un pez no nada, es NADADO. Un pájaro no vuela, es VOLADO. ~ Viktor Schauberger ~', '10/10', 10, 10, 013, 054, 1, 77, 03, 21, 04, 17, 11, 7, 16, 2),
(078, 'Sin embargo, el Universo es lo suficientemente real para los seres conscientes que en él residen, los cuales son tan ilusorios como lo es él mismo. ~ Helena Blavatsky ~', '11/10', 11, 10, 013, 055, 1, 78, 03, 22, 04, 18, 12, 1, 16, 3),
(079, 'Cuando las mujeres dormidas despiertan, mueven montañas. ~ Proverbio chino ~', '12/10', 12, 10, 013, 203, 1, 79, 03, 23, 04, 19, 12, 2, 16, 4),
(080, 'El amor, el trabajo y el conocimiento son las fuentes de nuestra vida y también deberían gobernarla. ~ Wilhelm Reich ~', '13/10', 13, 10, 013, 203, 1, 80, 03, 24, 04, 20, 12, 3, 16, 5),
(081, 'Amor es la única realidad y no es un mero sentimiento. Es la verdad última que yace en el corazón de la creación. ~ Rabindranath Tagore ~', '14/10', 14, 10, 013, 203, 1, 81, 03, 25, 05, 01, 12, 4, 17, 1),
(082, 'Promete sólo aquello que puedas cumplir. Luego, entrega más de lo que prometiste. ~ Anónimo ~', '15/10', 15, 10, 013, 218, 1, 82, 03, 26, 05, 02, 12, 5, 17, 2),
(083, 'Nadie es inútil en este mundo mientras pueda aligerar las cargas a los demás. ~ Charles Dickens ~', '16/10', 16, 10, 013, 218, 1, 83, 03, 27, 05, 03, 12, 6, 17, 3),
(084, 'Toda la vida es un experimento. Cuantos más experimentos hagas, mejor. ~ Ralph Waldo Emerson ~', '17/10', 17, 10, 013, 218, 1, 84, 03, 28, 05, 04, 12, 7, 17, 4),
(085, 'Todo lo que es, ha sido, y será, eternamente ES, incluso las innumerables formas que son finitas y perecederas sólo en su objetivo, pero no en su Forma ideal. ~ Helena Blavatsky ~', '18/10', 18, 10, 013, 050, 1, 85, 04, 01, 05, 05, 13, 1, 17, 5),
(086, 'Un barco está seguro en el puerto, pero los barcos no han sido construidos para eso. ~ John A. Shedd ~', '19/10', 19, 10, 013, 050, 1, 86, 04, 02, 05, 06, 13, 2, 18, 1),
(087, 'Perdemos tres cuartas partes de nosotros mismos pretendiendo ser iguales a las demás personas. ~ Arthur Schopenhauer ~', '20/10', 20, 10, 013, 050, 1, 87, 04, 03, 05, 07, 13, 3, 18, 2),
(088, 'La medida de la inteligencia la da su capacidad de cambiar. ~ Albert Einstein ~', '21/10', 21, 10, 013, 051, 1, 88, 04, 04, 05, 08, 13, 4, 18, 3),
(089, 'Todas las verdades son fáciles de comprender una vez que son descubiertas; el punto es descubrirlas. ~ Galileo Galilei ~', '22/10', 22, 10, 013, 051, 1, 89, 04, 05, 05, 09, 13, 5, 18, 4),
(090, 'Cuando hablamos de Camino nos referimos a algo más que un curso de estudio. El Camino es una forma de vida y en él, cada ser debe cooperar si se desean ganar las alturas. ~ Dion Fortune ~', '23/10', 23, 10, 013, 051, 1, 90, 04, 06, 05, 10, 13, 6, 18, 5),
(091, 'Amor por la belleza es gusto. La creación de belleza es arte. ~ Ralph Waldo Emerson', '24/10', 24, 10, 013, 056, 1, 91, 04, 07, 05, 11, 13, 7, 19, 1),
(092, 'Si has construido castillos en el aire, tu trabajo no tendría por qué perderse; ahí es donde deberían estar. Ahora coloca los cimientos bajo ellos. ~ Henry David Thoreau ~', '25/10', 25, 10, 013, 057, 2, 01, 04, 08, 05, 12, 14, 1, 19, 2),
(093, 'El espíritu está oculto a menudo dentro de la materia hasta el punto que pocas personas en general son capaces de percibirlo. ~ Wassily Kandinsky ~', '26/10', 26, 10, 013, 059, 2, 02, 04, 09, 05, 13, 14, 2, 19, 3),
(094, 'Una persona sabia se adapta a las circunstancias, igual que la propia agua se adapta al recipiente que lo contiene. ~ Proverbio chino ~', '27/10', 27, 10, 013, 060, 2, 03, 04, 10, 05, 14, 14, 3, 19, 4),
(095, 'Permanece cerca de aquello que te hace sentir feliz de estar vivo. ~ Hafiz ~', '28/10', 28, 10, 013, 061, 2, 04, 04, 11, 05, 15, 14, 4, 19, 5),
(096, 'Si no tienes un plan, te conviertes en parte del plan de otra persona. ~ Terence McKenna ~', '29/10', 29, 10, 013, 062, 2, 05, 04, 12, 05, 16, 14, 5, 20, 1),
(097, 'La verdad es hija del tiempo, y no siento ninguna vergüenza en ser su partera. ~ Johannes Kepler ~', '30/10', 30, 10, 013, 063, 2, 06, 04, 13, 05, 17, 14, 6, 20, 2),
(098, 'Y, sobre todo, mira con ojos brillantes a todo el mundo que te rodea porque los mayores secretos siempre se esconden en los lugares más inverosímiles. Los que no creen en la magia nunca los encontrarán. ~ Roald Dahl ~', '31/10', 31, 10, 013, 065, 2, 07, 04, 14, 05, 18, 14, 7, 20, 3),
(099, 'Para tener éxito, primero debemos creer que podemos. ~ Nikos Kazantzakis ~', '01/11', 01, 11, 044, 066, 2, 08, 04, 15, 05, 19, 15, 1, 20, 4),
(100, '¿Quieres ser grande? Entonces comienza por ser pequeño. ¿Quieres construir un vasto y sublime edificio que llegue hasta el cielo? Piensa primero en poner los cimientos de la humildad. Cuanto mayor sea su estructura, tanto más profundo debe cavarse el cimiento. ~ San Agustín ~', '02/11', 02, 11, 044, 067, 2, 09, 04, 16, 05, 20, 15, 2, 20, 5),
(101, 'El cielo mientras va girando te llama en voz alta, a la vez que te muestra sus bellezas eternas, y sin embargo, tus ojos sólo están enfocados en la tierra. ~ Dante Alighieri ~', '03/11', 03, 11, 044, 068, 2, 10, 04, 17, 06, 01, 15, 3, 21, 1),
(102, 'No te aflijas. Cualquier cosa que pierdas regresa de nuevo en otra forma. ~ Rumi ~', '04/11', 04, 11, 044, 070, 2, 11, 04, 18, 06, 02, 15, 4, 21, 2),
(103, 'El misterio de Dios te abraza con sus brazos todo poderosos. ~ Hildegarda de Bingen ~', '05/11', 05, 11, 044, 071, 2, 12, 04, 19, 06, 03, 15, 5, 21, 3),
(104, 'Los caminos más bellos no se abren sin ser paciente, sin ser perseverante, sin caminar por el Alma de los Mundos. ~ Mevlana ~', '06/11', 06, 11, 044, 073, 2, 13, 04, 20, 06, 04, 15, 6, 21, 4),
(105, 'Si supieras lo poderosos que son tus pensamientos, nunca tendrías un pensamiento negativo. ~ Peregrino de la Paz ~', '07/11', 07, 11, 044, 074, 2, 14, 04, 21, 06, 05, 15, 7, 21, 5),
(106, 'El tiempo es la moneda de tu vida. Es la única moneda que tienes, y sólo tú puedes determinar cómo gastarla. Ten cuidado en dejar que otros la gasten por ti. ~ Carl Sandburg ~', '08/11', 08, 11, 044, 075, 2, 15, 04, 22, 06, 06, 16, 1, 22, 1),
(107, 'Al mirar a través de las lentes vibratorias del telescopio galáctico, en lugar de un mundo atomista de espacio y tiempo, distancia y separación, el factor Maya centra la atención en un mundo de coherencia y unidad, una matriz resonante interior, con una transmisión de información que es prácticamente instantánea. ~ José Argüelles/Valum Votan ~', '09/11', 09, 11, 044, 210, 2, 16, 04, 23, 06, 07, 16, 2, 22, 2),
(108, 'El punto no es transformar a nadie con nuestra visión, sino ayudar a despertar a la gente a su propia visión, su propia cordura. ~ Chögyam Trungpa ~', '10/11', 10, 11, 044, 210, 2, 17, 04, 24, 06, 08, 16, 3, 22, 3),
(109, 'Los que pueden hacerlo todo es porque creen que pueden hacerlo. ~ Virgilio ~', '11/11', 11, 11, 044, 210, 2, 18, 04, 25, 06, 09, 16, 4, 22, 4),
(110, 'Detrás de cada creación, sosteniéndola como un arco, está la fe. El entusiasmo no es nada: viene y va. Pero si uno cree, entonces se producen los milagros. ~ Henry Miller ~', '12/11', 12, 11, 044, 211, 2, 19, 04, 26, 06, 10, 16, 5, 22, 5),
(111, 'Nuestro deber como hombres y mujeres es proceder como si nuestras capacidades no tuvieran límites. Somos colaboradores en la creación. ~ Pierre Teilhard de Chardin ~', '13/11', 13, 11, 044, 211, 2, 20, 04, 27, 06, 11, 16, 6, 23, 1),
(112, 'Si encuentras por tu propia experiencia algo que es un hecho y es contradictorio con lo que alguna autoridad ha escrito, entonces debes cuestionar la autoridad y basar tu razonamiento en tus propios resultados. ~ Leonardo da Vinci ~', '14/11', 14, 11, 044, 211, 2, 21, 04, 28, 06, 12, 16, 7, 23, 2),
(113, 'Cualquier cosa que puedas hacer o sueñes que puedes hacer, comiénzala. La osadía contiene poder, genio, y hasta magia en su interior. ~ Goethe ~', '15/11', 15, 11, 044, 064, 2, 22, 05, 01, 06, 13, 17, 1, 23, 3),
(114, 'La experiencia del misterio no llega desde la expectativa sino por desactivar todos tus programas; porque tus programas están basados en el miedo y el deseo. Abandónalos y la Radiancia llegará. ~ Joseph Campbell ~', '16/11', 16, 11, 044, 064, 2, 23, 05, 02, 06, 14, 17, 2, 23, 4),
(115, 'No supliquéis ayuda a los demás porque os suponéis incapaces. No subestiméis vuestro propio poder. ~ Mevlana ~', '17/11', 17, 11, 044, 064, 2, 24, 05, 03, 06, 15, 17, 3, 23, 5),
(116, 'Ayer, yo era inteligente, por eso quise cambiar el mundo. Hoy soy sabio, así que estoy cambiándome a mi mismo. ~ Rumi ~', '18/11', 18, 11, 044, 077, 2, 25, 05, 04, 06, 16, 17, 4, 24, 1),
(117, 'Cambia tu vida hoy. No apuestes a futuro, actúa ahora sin demora. ~ Simone de Beauvoir ~', '19/11', 19, 11, 044, 077, 2, 26, 05, 05, 06, 17, 17, 5, 24, 2),
(118, 'No escondas tus talentos, fueron hechos para ser utilizados; ¿De qué serviría un reloj de sol en la sombra? ~ Benjamin Franklin ~', '20/11', 20, 11, 044, 077, 2, 27, 05, 06, 06, 18, 17, 6, 24, 3),
(119, 'Desearía poder mostrarte cuando estás en soledad o en la oscuridad, la asombrosa luz de tu propio ser. ~ Hafiz ~', '21/11', 21, 11, 044, 076, 2, 28, 05, 07, 06, 19, 17, 7, 24, 4),
(120, 'No es lo que miramos lo que importa, sino lo que vemos. ~ Henry David Thoreau ~', '22/11', 22, 11, 044, 078, 2, 29, 05, 08, 06, 20, 18, 1, 24, 5),
(121, 'No te conformes con historias de cómo le han ido las cosas a los demás. Despliega tu propio mito. ~ Rumi ~', '23/11', 23, 11, 044, 079, 2, 30, 05, 09, 07, 01, 18, 2, 25, 1),
(122, 'En uno mismo yace el mundo entero y si sabes cómo mirar y aprender, la puerta está allí y la llave está en tu mano. Nadie en la tierra puede darte la llave o abrir la puerta, excepto tú mismo. ~ Jiddu Krishnamurti ~', '24/11', 24, 11, 044, 080, 2, 31, 05, 10, 07, 02, 18, 3, 25, 2),
(123, 'Tú tienes las respuestas que necesitas dentro de ti. Libérate de las dudas. Supera la inseguridad y el miedo. ~ Trigueirinho ~', '25/11', 25, 11, 044, 081, 2, 32, 05, 11, 07, 03, 18, 4, 25, 3),
(124, 'En el centro de tu ser yace la respuesta; sabes quién eres y qué quieres. ~ Lao Tzu ~', '26/11', 26, 11, 044, 082, 2, 33, 05, 12, 07, 04, 18, 5, 25, 4),
(125, 'No tengo miedo ... Nací para hacer esto. ~ Juana de Arco ~ ', '27/11', 27, 11, 044, 083, 2, 34, 05, 13, 07, 05, 18, 6, 25, 5),
(126, 'Cuando llegas a perder la noción de la realidad, no existe nada sino la espontaneidad del potencial puro. No hay otra forma de danzar en el cielo. ~ Yeshe Tsogyal ~', '28/11', 28, 11, 044, 084, 2, 35, 05, 14, 07, 06, 18, 7, 26, 1),
(127, 'La reforma personal trae automáticamente la reforma social. ~ Ramana Maharshi ~', '29/11', 29, 11, 044, 086, 2, 36, 05, 15, 07, 07, 19, 1, 26, 2),
(128, 'Haz de tu vida un regalo y enaltece a toda la humanidad siendo una persona amable, considerada, comprensiva y compasiva en todo momento, en todo lugar, y con todo el mundo bajo cualquier condición, así como contigo mismo. Este es el mayor regalo que cualquier persona puede ofrecer.\" ~ Dr. David Hawkins ~', '30/11', 30, 11, 044, 087, 2, 37, 05, 16, 07, 08, 19, 2, 26, 3),
(129, 'La curiosidad es una de las formas de la valentía femenina. ~ Víctor Hugo ~', '01/12', 01, 12, 074, 089, 2, 38, 05, 17, 07, 09, 19, 3, 26, 4),
(130, 'Aquellos que no pueden cambiar sus mentes no pueden cambiar nada. ~ George Bernard Shaw ~', '02/12', 02, 12, 074, 090, 2, 39, 05, 18, 07, 10, 19, 4, 26, 5),
(131, 'El futuro pertenece a aquellos capaces de darle a la próxima generación razones para tener esperanza. ~ Pierre Teilhard de Chardin ~', '03/12', 03, 12, 074, 091, 2, 40, 05, 19, 07, 11, 19, 5, 27, 1),
(132, 'No soy ni hombre ni mujer, ni soy asexual. Soy el Pacífico, cuya forma es la propia radiancia poderosa y resplandeciente. ~ Guru Nanak ~', '04/12', 04, 12, 074, 092, 2, 41, 05, 20, 07, 12, 19, 6, 27, 2),
(133, 'Quién posee tu tiempo, posee tu mente. Cambia tu tiempo y cambiará tu mente. Cambia tu mente y cambiará tu mundo. ~ José Argüelles/Valum Votan ~', '05/12', 05, 12, 074, 094, 2, 42, 05, 21, 07, 13, 19, 7, 27, 3),
(134, 'Si uno avanza confiadamente en la dirección de sus sueños, y se esfuerza en vivir la vida que ha imaginado, se encontrará con el éxito inesperado en su vida cotidiana. ~ Henry David Thoreau ~', '06/12', 06, 12, 074, 095, 2, 43, 05, 22, 07, 14, 20, 1, 27, 4),
(135, 'Sonríe, sonríe, sonríe a tu mente tan a menudo como te sea posible. Tu sonrisa reducirá considerablemente la tensión desgarradora de tu mente. ~ Sri Chinmoy ~', '07/12', 07, 12, 074, 184, 2, 44, 05, 23, 07, 15, 20, 2, 27, 5),
(136, 'Estate siempre atento a la presencia de la maravilla. ~ E.B. White ~', '08/12', 08, 12, 074, 184, 2, 45, 05, 24, 07, 16, 20, 3, 28, 1),
(137, 'La vida no se trata de encontrarse con uno mismo. La vida se trata de crearse a si mismo. ~ George Bernard Shaw ~', '09/12', 09, 12, 074, 184, 2, 46, 05, 25, 07, 17, 20, 4, 28, 2),
(138, 'Deshazte de todos los pensamientos que te debilitan. ~ Swami Vivekinanda ~', '10/12', 10, 12, 074, 197, 2, 47, 05, 26, 07, 18, 20, 5, 28, 3),
(139, 'Si no tenemos en nosotros la confianza de ese sentimiento profundamente arraigado de que hay algo superior a nosotros, nunca encontraremos la fortaleza para convertirnos en algo superior. ~ Rudolf Steiner ~ ', '11/12', 11, 12, 074, 197, 2, 48, 05, 27, 07, 19, 20, 6, 28, 4),
(140, 'Sé que el poder de la obediencia puede hacer fáciles aquellas cosas que parecían imposibles. ~ Santa Teresa de Ávila ~', '12/12', 12, 12, 074, 197, 2, 49, 05, 28, 07, 20, 20, 7, 28, 5),
(141, 'La felicidad no es una cuestión de intensidad, sino de equilibrio, orden, ritmo y armonía. ~ Thomas Merton ~', '13/12', 13, 12, 074, 069, 2, 50, 06, 01, 08, 01, 21, 1, 29, 1),
(142, 'Los valores femeninos son la fuente de la felicidad. Conoce lo masculino, Mantén lo femenino. ~ Lao Tzu ~', '14/12', 14, 12, 074, 069, 2, 51, 06, 02, 08, 02, 21, 2, 29, 2),
(143, 'Debes permitir que suceda lo que sucede. Todo tiene que ser igual a tus ojos, bueno y malo, hermoso y feo, tonto y sabio. ~ Michael Ende ~', '15/12', 15, 12, 074, 069, 2, 52, 06, 03, 08, 03, 21, 3, 29, 3),
(144, 'Yo no pido ningún premio, sino que todos podamos ganar; Tampoco tratar de conquistar ningún mundo, excepto el interior. ~ Lousia May Alcott ~', '16/12', 16, 12, 074, 072, 2, 53, 06, 04, 08, 04, 21, 4, 29, 4),
(145, 'El 99 por ciento de lo que eres es invisible e intocable. ~ Buckminster Fuller ~', '17/12', 17, 12, 074, 072, 2, 54, 06, 05, 08, 05, 21, 5, 29, 5),
(146, 'La vida se trata de ritmo. Vibramos, nuestros corazones están bombeando sangre, somos una máquina de ritmo, eso es lo que somos. ~ Mickey Hart ~', '18/12', 18, 12, 074, 072, 2, 55, 06, 06, 08, 06, 21, 6, 30, 1),
(147, 'Todo lo que tienes que hacer es sentarte en meditación, y con la espada del discernimiento, cortar uno por uno, el avance de pensamientos angustiosos. Cuando estén todos muertos, el apacible reino de la sabiduría de Dios será tuyo. ~ Yogananda ~', '19/12', 19, 12, 074, 097, 2, 56, 06, 07, 08, 07, 21, 7, 30, 2),
(148, 'La gente exige libertad de expresión como una compensación de la libertad de pensamiento que rara vez utiliza. ~ Søren Kierkegaard ~', '20/12', 20, 12, 074, 098, 2, 57, 06, 08, 08, 08, 22, 1, 30, 3),
(149, 'No presto ninguna atención a la alabanza o reproche de nadie. Yo simplemente sigo mis propios sentimientos. ~ Wolfgang Amadeus Mozart ~', '21/12', 21, 12, 074, 099, 2, 58, 06, 09, 08, 09, 22, 2, 30, 4),
(150, 'Cuando vives en la inocencia de la bienaventuranza de Dios, no hay preocupaciones o inquietudes que realmente puedan afectarte ~ ninguna en absoluto. Este es el estado de la ecuanimidad universal. ~ Valum Votan ~', '22/12', 22, 12, 074, 100, 2, 59, 06, 10, 08, 10, 22, 3, 30, 5),
(151, 'Yo definiría, brevemente, la poesía de las palabras como la creación rítmica de la Belleza. ~ Edgar Allan Poe ~', '23/12', 23, 12, 074, 101, 2, 60, 06, 11, 08, 11, 22, 4, 31, 1),
(152, 'La capacidad de observar sin evaluar es la forma más elevada de inteligencia. ~ Jiddu Krishnamurti ~', '24/12', 24, 12, 074, 102, 2, 61, 06, 12, 08, 12, 22, 5, 31, 2),
(153, 'El nacimiento y renacimiento de toda la naturaleza, / El paso del invierno y la primavera, /Compartimos esto con la vida universal, / Regocijaos en el anillo mágico. ~ Doreen Valiente ~', '25/12', 25, 12, 074, 103, 2, 62, 06, 13, 08, 13, 22, 6, 31, 3),
(154, 'La vida es una sinfonía, y la acción de cada persona en esta vida es tocar su partitura particular en la música. ~ Hazrat Inayat Khan ~', '26/12', 26, 12, 074, 104, 2, 63, 06, 14, 08, 14, 22, 7, 31, 4),
(155, 'Nuestra especie necesita y merece, una ciudadanía con mentes muy despiertas y un conocimiento básico de cómo funciona el mundo. ~ Carl Sagan ~', '27/12', 27, 12, 074, 105, 2, 64, 06, 15, 08, 15, 23, 1, 31, 5),
(156, 'No te compadezcas de nadie. Mira a todos como tu igual, límpiate del pecado original de la desigualdad. Todos somos iguales y no hay que pensar, \"yo soy bueno y tú eres malo, y estoy tratando de recuperarte\". La igualdad es la señal del libre. ~ Swami Vivikenanda ~', '28/12', 28, 12, 074, 116, 2, 65, 06, 16, 08, 16, 23, 2, 32, 1),
(157, 'La paciencia da resultado. No dejes que ninguna tentación te agite, ninguna vibración te mueva, y ninguna acción te obligue a salir de ti mismo y de lo justo. Un ser humano inquebrantable es el fenómeno vivo más elevado de Dios. ~ Yogi Bhajan ~', '29/12', 29, 12, 074, 117, 2, 66, 06, 17, 08, 17, 23, 3, 32, 2),
(158, 'Los actos nobles que se ocultan son los más preciados. ~ Blaise Pascal ~', '30/12', 30, 12, 074, 118, 2, 67, 06, 18, 08, 18, 23, 4, 32, 3),
(159, 'La verdadera meditación es ... la meditación de la propia identidad. ¡Ah, he aquí la cuestión! Inténtalo. Intenta averiguar por qué eres tú y no alguna otra persona. Y de todos modos ¿quién diablos eres tú? ¡Ah, he aquí la cuestión! ~ Ezra Pound ~ ', '31/12', 31, 12, 074, 119, 2, 68, 06, 19, 08, 19, 23, 5, 32, 4),
(160, '¡Sé realista! Planea un milagro. ~ Osho ~', '01/01', 01, 01, 000, 120, 2, 69, 06, 20, 08, 20, 23, 6, 32, 5),
(161, 'Piensa por la mañana. Actúa al mediodía. Come en la tarde. Duerme en la noche. ~ William Blake ~ ', '02/01', 02, 01, 000, 121, 2, 70, 06, 21, 09, 01, 23, 7, 33, 1),
(162, 'La naturaleza dota a cada persona con alguna facultad que le permita hacer fácilmente cualquier hazaña imposible para otra. ~ Ralph Waldo Emerson ~', '03/01', 03, 01, 000, 122, 2, 71, 06, 22, 09, 02, 24, 1, 33, 2),
(163, 'Muchos dicen que la vida entró en el cuerpo humano con la ayuda de la música, pero la verdad es que la vida misma es música. ~ Hafiz ~', '04/01', 04, 01, 000, 189, 2, 72, 06, 23, 09, 03, 24, 2, 33, 3),
(164, 'La gente debería pensar sobre cosas novedosas y no sólo aceptar los términos convencionales y la forma convencional de hacer las cosas. ~ R. Buckminster Fuller ~', '05/01', 05, 01, 000, 189, 2, 73, 06, 24, 09, 04, 24, 3, 33, 4),
(165, 'Cualquier cosa que deambule con intensidad y firme determinación en la mente de una persona, en eso es exactamente en lo que se convertirá.~ Shankaracharya ~', '06/01', 06, 01, 000, 189, 2, 74, 06, 25, 09, 05, 24, 4, 33, 5),
(166, 'Sé una lámpara para ti mismo. Sé tu propio confidente. Aférrate a tu propia verdad interna como la única verdad. ~ Buda ~', '07/01', 07, 01, 000, 192, 2, 75, 06, 26, 09, 06, 24, 5, 34, 1),
(167, 'Somos las Semillas Galácticas del nuevo ciclo. Las nuevas semillas germinan primero en la oscuridad bajo el suelo antes de que florezcan hacia la fragancia de las nuevas flores. ~ Stephanie South ~', '08/01', 08, 01, 000, 192, 2, 76, 06, 27, 09, 07, 24, 6, 34, 2),
(168, 'Camina con cuidado y mucho tacto, y recuerda que la Vida es un Gran Acto de Equilibrio. ~ Dr. Suess ~', '09/01', 09, 01, 000, 192, 2, 77, 06, 28, 09, 08, 24, 7, 34, 3),
(169, 'Introdúcete en la piscina multiversal de la resonancia, y en sus profundidades brillantes descubre la armonía que mantiene tus células unidas. ~ José Argüelles / Valum Votan ~', '10/01', 10, 01, 000, 085, 2, 78, 07, 01, 09, 09, 25, 1, 34, 4),
(170, 'El Universo es trabajado y guiado desde el interior hacia el exterior. ~ Madame Blavatsky ~', '11/01', 11, 01, 000, 085, 2, 79, 07, 02, 09, 10, 25, 2, 34, 5),
(171, 'Calla, o di algo mejor que el silencio. ~ Pitágoras. ~', '12/01', 12, 01, 000, 085, 2, 80, 07, 03, 09, 11, 25, 3, 35, 1),
(172, 'Recordemos que dentro de nosotros hay un palacio de gran magnificencia. ~ Santa Teresa de Ávila ~', '13/01', 13, 01, 000, 096, 2, 81, 07, 04, 09, 12, 25, 4, 35, 2),
(173, 'La meta de la vida es hacer que los latidos de tu corazón coincidan con el ritmo del universo para que coincidan tu naturaleza con la Naturaleza. ~ Joseph Campbell ~', '14/01', 14, 01, 000, 096, 2, 82, 07, 05, 09, 13, 25, 5, 35, 3),
(174, 'Lo atemporal en ti es consciente de la atemporalidad de la vida. Y sabe que el ayer no es sino la memoria de hoy y mañana es el sueño de hoy. ~ Khalil Gibran ~', '15/01', 15, 01, 000, 096, 2, 83, 07, 06, 09, 14, 25, 6, 35, 4),
(175, 'Todo el mundo es un escenario, y todos los hombres y mujeres simples actores: tienen sus entradas y sus salidas; y un hombre en su vida juega muchos roles, siendo sus actos en siete edades. ~ William Shakespeare ~ ', '16/01', 16, 01, 000, 123, 2, 84, 07, 07, 09, 15, 25, 7, 35, 5),
(176, 'No te aferres a lo que te han enseñado o lo que has aprendido. Al final, tendrás que tirarlo todo por la borda. ~ Nisargadatta Maharaj ~', '17/01', 17, 01, 000, 124, 2, 85, 07, 08, 09, 16, 26, 1, 36, 1),
(177, '¿Te has sintonizado a ti mismo con el sufrimiento de la humanidad, o postulado por la luz? ~ H. P. Blavatsky ~', '18/01', 18, 01, 000, 125, 2, 86, 07, 09, 09, 17, 26, 2, 36, 2),
(178, 'La relatividad es un cambio de tiempo que atrae vuestra visión y conciencia a diferentes dimensiones. Alcanzáis cada conciencia con la relatividad. Aparte de esto, el proceso de la vida está determinado por vuestros momentos de pensamiento. ~ Mevlana ~', '19/01', 19, 01, 000, 126, 2, 87, 07, 10, 09, 18, 26, 3, 36, 3),
(179, 'El silencio también es conversación. ~ Ramana Maharshi ~ ', '20/01', 20, 01, 000, 127, 2, 88, 07, 11, 09, 19, 26, 4, 36, 4),
(180, 'Trata de poner en buena práctica aquello que ya sabes; y, al hacerlo, a su debido tiempo, descubrirás las cosas ocultas sobre las que preguntas ahora. Practica lo que sabes, y te ayudará a clarificar lo que ahora no conoces. ~ Rembrandt ~', '21/01', 21, 01, 000, 128, 2, 89, 07, 12, 09, 20, 26, 5, 36, 5),
(181, 'Resonancia es la estructura subyacente de la unificación. Estamos en un proceso de recuperación de la memoria cósmica. ~ Historia Cósmica ~', '22/01', 22, 01, 000, 129, 2, 90, 07, 13, 10, 01, 26, 6, 37, 1),
(182, 'Cuantas más almas resuenen entre sí, mayor es la intensidad de su amor... y, como un espejo ... Cada alma refleja a la otra. ~ Dante Alighieri ~', '23/01', 23, 01, 000, 130, 2, 91, 07, 14, 10, 02, 26, 7, 37, 2),
(183, 'No todo lo que reluce es oro; Ni todos los errantes están perdidos; El viejo que es fuerte no se marchita; A las raíces profundas no les alcanzan las heladas. ~ J.R.R. Tolkien ~', '24/01', 24, 01, 000, 131, 3, 01, 07, 15, 10, 03, 27, 1, 37, 3),
(184, 'Mi cerebro es solamente un receptor, en el Universo hay un núcleo desde el que obtenemos conocimiento, fuerza e inspiración. No he penetrado en el secreto de este núcleo, pero sabemos que existe. ~ Nikola Tesla ~', '25/01', 25, 01, 000, 132, 3, 02, 07, 16, 10, 04, 27, 2, 37, 4),
(185, 'Creo que lo que estamos buscando es la experiencia de estar vivos, de modo que nuestras experiencias de vida en el plano puramente físico tengan resonancias en el interior de nuestro ser y nuestra realidad más íntima, para que realmente sintamos el éxtasis de estar vivos. ~ Joseph Campbell ~', '26/01', 26, 01, 000, 133, 3, 03, 07, 17, 10, 05, 27, 3, 37, 5),
(186, 'Si deseas preparar un pastel de manzana desde el principio, antes debes crear el universo. ~ Carl Sagan ~', '27/01', 27, 01, 000, 134, 3, 04, 07, 18, 10, 06, 27, 4, 38, 1),
(187, 'Una vida que no se cuestiona no merece ser vivida. ~ Sócrates ~', '28/01', 28, 01, 000, 135, 3, 05, 07, 19, 10, 07, 27, 5, 38, 2),
(188, 'Date cuenta que todo está conectado con todo lo demás. ~ Leonardo da Vinci ~', '29/01', 29, 01, 000, 136, 3, 06, 07, 20, 10, 08, 27, 6, 38, 3),
(189, 'No permitas que el estado sagrado del silencio sea invadido por la ignorancia humana. El silencio es tu mejor guardián. Vigila. El servicio que se te pide, sobre todo, es que permanezcas en el silencio interno. ~ Triguerinho ~ ', '30/01', 30, 01, 000, 137, 3, 07, 07, 21, 10, 09, 27, 7, 38, 4),
(190, 'Una mente que se amplia por una nueva experiencia nunca puede volver a su antigua dimensión. ~ Oliver Wendell Holmes ~', '31/01', 31, 01, 000, 138, 3, 08, 07, 22, 10, 10, 28, 1, 38, 5),
(191, 'A pesar de que somos libres de pensar y actuar, nos mantenemos unidos, como las estrellas en el firmamento con vínculos inseparables. Estos vínculos no se pueden ver, pero podemos sentirlos. ~ Nikola Tesla ~', '01/02', 01, 02, 031, 165, 3, 09, 07, 23, 10, 11, 28, 2, 39, 1),
(192, 'La esencia de la información ... no es su contenido sino su resonancia. Es por eso que sentir o percibir las cosas es tan importante. Sentir la resonancia de la información entrante co-crea un campo resonante. ~ José Argüelles/Valum Votan ~', '02/02', 02, 02, 031, 165, 3, 10, 07, 24, 10, 12, 28, 3, 39, 2),
(193, 'No necesitas conseguir ni aspirar a ningún estado nuevo. Deshazte de tus pensamientos actuales, eso es todo. ~ Ramana Maharshi ~', '03/02', 03, 02, 031, 165, 3, 11, 07, 25, 10, 13, 28, 4, 39, 3),
(194, 'Meditación es la disolución de pensamientos en la conciencia Eterna o conciencia Pura sin objetivación, sabiendo sin pensar, fusión de la finitud en el infinito. ~ Swami Sivananda ~', '04/02', 04, 02, 031, 176, 3, 12, 07, 26, 10, 14, 28, 5, 39, 4),
(195, 'Debemos prepararnos y estudiar la verdad bajo todos los aspectos, procurando no ignorar nada, si no queremos caer en el abismo de lo desconocido cuando nos llegue la hora. -H. P. Blavatsky ~', '05/02', 05, 02, 031, 176, 3, 13, 07, 27, 10, 15, 28, 6, 39, 5),
(196, 'Los seres humanos deben ser conocidos para ser amados; los seres Divinos deben ser amados para ser conocidos. ~ Blaise Pascal ~', '06/02', 06, 02, 031, 176, 3, 14, 07, 28, 10, 16, 28, 7, 40, 1),
(197, 'La educación superior no es la que se limita a darnos información sino la que armoniza nuestra vida con toda la existencia. ~ Rabindranath Tagore ~', '07/02', 07, 02, 031, 088, 3, 15, 08, 01, 10, 17, 29, 1, 40, 2),
(198, 'Integridad es hacer lo correcto, incluso cuando nadie está mirando. ~ C.S. Lewis ~', '08/02', 08, 02, 031, 088, 3, 16, 08, 02, 10, 18, 29, 2, 40, 3),
(199, 'Aspira siempre a la completa armonía de pensamiento, palabra y obra. Aspira siempre a purificar tus pensamientos y todo estará bien. ~ Gandhi ~', '09/02', 09, 02, 031, 088, 3, 17, 08, 03, 10, 19, 29, 3, 40, 4),
(200, 'Durante los tiempos de engaño universal, decir la verdad se convierte en un acto revolucionario. ~ George Orwell ~', '10/02', 10, 02, 031, 093, 3, 18, 08, 04, 10, 20, 29, 4, 40, 5),
(201, '¿Qué podemos ganar navegando hasta la luna si no somos capaces de cruzar el abismo que nos separa de nosotros mismos? Este es el viaje más importante de todos los viajes de descubrimiento, y sin él, todos los demás no sólo son inútiles, sino desastrosos. ~ Thomas Merton ~', '11/02', 11, 02, 031, 093, 3, 19, 08, 05, 11, 01, 29, 5, 41, 1),
(202, 'La grandeza de un hombre no está en la cantidad de riqueza que adquiere, sino en su integridad y su habilidad de afectar a los que le rodean positivamente. ~ Bob Marley ~', '12/02', 12, 02, 031, 093, 3, 20, 08, 06, 11, 02, 29, 6, 41, 2),
(203, 'Sigue a la voz de tu corazón, incluso si ello te conduce al camino de las almas tímidas. No te conviertas en alguien duro y amargado, aunque la vida te torture a veces. Sólo hay una cosa que cuenta: vivir bien y felizmente la vida. ~ Wilhelm Reich ~', '13/02', 13, 02, 031, 139, 3, 21, 08, 07, 11, 03, 29, 7, 41, 3),
(204, 'El sueño que soñamos depende del tiempo que llevamos. En el sueño cósmico recordamos lo que hemos soñado originalmente. Estamos aquí para completar ese sueño, y estamos aquí para restaurar la armonía en el orden sincrónico de la vida. ~ José Argüelles/Valum Votan ~', '14/02', 14, 02, 031, 140, 3, 22, 08, 08, 11, 04, 30, 1, 41, 4),
(205, 'Tenemos una ilusión óptica con cada persona que conocemos. ~ Ralph Waldo Emerson ~ ', '15/02', 15, 02, 031, 141, 3, 23, 08, 09, 11, 05, 30, 2, 41, 5),
(206, 'Aquello que contemplas, lo tocas. Lo que tu introduces en tu imaginación, se hace uno contigo. ~ Dion Fortune ~ ', '16/02', 16, 02, 031, 142, 3, 24, 08, 10, 11, 06, 30, 3, 42, 1),
(207, 'La clave para el crecimiento es la introducción de dimensiones superiores de consciencia en nuestra conciencia. ~ Lao Tzu ~', '17/02', 17, 02, 031, 143, 3, 25, 08, 11, 11, 07, 30, 4, 42, 2),
(208, 'Tenemos miedo de enfrentarnos a nosotros mismos. Ese es el obstáculo. Experimentar el núcleo más interno de nuestra existencia es embarazoso para mucha gente. La gente recurre a algo en la esperanza de que les libere sin tener que enfrentarse a sí mismos. Eso es imposible. No podemos hacer eso. Tenemos que enfrentarnos a nosotros mismos. ~ Chögyam Trungpa Rinpoche ~', '18/02', 18, 02, 031, 144, 3, 26, 08, 12, 11, 08, 30, 5, 42, 3),
(209, 'Meditación es la disolución de pensamientos en la conciencia Eterna o conciencia Pura sin objetivación, sabiendo sin pensar, fusión de la finitud en el infinito. ~ Swami Sivananda ~', '19/02', 19, 02, 031, 145, 3, 27, 08, 13, 11, 09, 30, 6, 42, 4),
(210, 'Antes de que el alma pueda ver, debe haberse alcanzado la Armonía interior, y los ojos mundanos han de estar cegados a toda ilusión. ~ Helena Blavatsky ~', '20/02', 20, 02, 031, 156, 3, 28, 08, 14, 11, 10, 30, 7, 42, 5),
(211, 'El mundo está lleno de cosas mágicas, esperando pacientemente a que nuestros sentidos se agudicen. ~ W.B. Yeats ~', '21/02', 21, 02, 031, 157, 3, 29, 08, 15, 11, 11, 31, 1, 43, 1),
(212, 'La naturaleza no se apresura, finalmente todo se cumple. ~ Lao Tzu ~', '22/02', 22, 02, 031, 158, 3, 30, 08, 16, 11, 12, 31, 2, 43, 2),
(213, 'Nada debe distraernos del verdadero Camino, que es amar sólo la Vida Superior y entregarse a él únicamente. ~ Triguierihno ~ ', '23/02', 23, 02, 031, 159, 3, 31, 08, 17, 11, 13, 31, 3, 43, 3),
(214, 'El camino más claro hacia el Universo es a través de un bosque desierto. ~ John Muir ~', '24/02', 24, 02, 031, 160, 3, 32, 08, 18, 11, 14, 31, 4, 43, 4),
(215, 'Si te encargas de que cada día tu conducta sea impecable, el día siguiente estará completamente desocupado, y estarás libre para llevar a cabo tus planes, vigila siempre no dejar ningún cabo suelto. De esta manera, cada nuevo día te encontrará libre y disponible. ~ Omraam Mikhaël Aïvanhov ~', '25/02', 25, 02, 031, 161, 3, 33, 08, 19, 11, 15, 31, 5, 43, 5),
(216, 'Nada en los universos puede resistir el ardor convergente de un número lo suficientemente grande de inteligencias unidas y organizadas. ~ Teilhard de Chardin ~', '26/02', 26, 02, 031, 162, 3, 34, 08, 20, 11, 16, 31, 6, 44, 1),
(217, 'Nuestras mentes se unirán como los fragmentos de un holograma. ~ Terence McKenna ~', '27/02', 27, 02, 031, 163, 3, 35, 08, 21, 11, 17, 31, 7, 44, 2),
(218, 'La integridad es la esencia de todo lo que es exitoso. ~ R. Buckminster Fuller ~', '28/02', 28, 02, 031, 164, 3, 36, 08, 22, 11, 18, 32, 1, 44, 3),
(219, 'La perseverancia es un gran elemento del éxito. Si tocas la puerta el tiempo suficiente con la fuerza necesaria, estate seguro que despertarás a alguien. ~ Longfellow ~', '01/03', 01, 03, 059, 168, 3, 37, 08, 23, 11, 19, 32, 2, 44, 4),
(220, 'De las cenizas se despertará un fuego; De las sombras surgirá la luz; De sus pedazos será forjada la espada; El destronado retornará nuevamente para ser Rey. ~ J.R.R. Tolkien ~', '02/03', 02, 03, 059, 168, 3, 38, 08, 24, 11, 20, 32, 3, 44, 5),
(221, 'El único destino afortunado supremo para un viajero estelar intergaláctico en una misión sin fin es la de retornar al grupo de los maestros estelares donde comenzó su misión. ~ Valum Votan~', '03/03', 03, 03, 059, 168, 3, 39, 08, 25, 12, 01, 32, 4, 45, 1),
(222, 'Si aspiras a las estrellas y llegas a la luna, está bien. Pero tienes que aspirar a algo. Mucha gente ni siquiera aspira. ~ Confucio ~', '04/03', 04, 03, 059, 173, 3, 40, 08, 26, 12, 02, 32, 5, 45, 2),
(223, 'Sé leal a aquello que has recibido y trabaja en ello con seriedad. De otra manera nunca conocerás las bendiciones gloriosas de este camino. ~ Yogananda ~', '05/03', 05, 03, 059, 173, 3, 41, 08, 27, 12, 03, 32, 6, 45, 3),
(224, 'Hacer o no hacer. Intentar no es. ~ Yoda ~', '06/03', 06, 03, 059, 173, 3, 42, 08, 28, 12, 04, 32, 7, 45, 4),
(225, 'Tú debes ser el cambio que deseas ver en el mundo. ~ Mohandas K. Gandhi ~', '07/03', 07, 03, 059, 106, 3, 43, 09, 01, 12, 05, 33, 1, 45, 5),
(226, 'Y salgamos a contemplar las estrellas. ~ Dante Alighieri ~', '08/03', 08, 03, 059, 106, 3, 44, 09, 02, 12, 06, 33, 2, 46, 1),
(227, 'Echa un vistazo al sol. Mira la luna y las estrellas. Admira la belleza de los brotes de la tierra. Luego piensa. ~ Hildegarda de Bingen ~', '09/03', 09, 03, 059, 106, 3, 45, 09, 03, 12, 07, 33, 3, 46, 2),
(228, 'El conocimiento es la mayor alquimia que existe. Sólo tienes que ser cada vez más y más consciente, y verás que tu vida mejora en todas las dimensiones posibles. Te reportará una gran satisfacción. ~ Osho ~', '10/03', 10, 03, 059, 115, 3, 46, 09, 04, 12, 08, 33, 4, 46, 3);
INSERT INTO `psi` (`ide`, `des`, `fec`, `fec_dia`, `fec_mes`, `fec_cod`, `tzo`, `est`, `est_dia`, `lun`, `lun_dia`, `vin`, `vin_dia`, `hep`, `hep_dia`, `cro`, `cro_dia`) VALUES
(229, 'La Senda que conduce a la meta está iluminada por una única luz – la luz del arrojo que arde en el corazón. Cuanto más osado seas, más obtendrás. Cuanto más temas, tanto más palidecerá la luz. ~ H. P. Blavatsky ~', '11/03', 11, 03, 059, 115, 3, 47, 09, 05, 12, 09, 33, 5, 46, 4),
(230, 'Una persona sabia creará más oportunidades que las que encuentra. ~ Francis Bacon ~', '12/03', 12, 03, 059, 115, 3, 48, 09, 06, 12, 10, 33, 6, 46, 5),
(231, 'Enfréntate a la realidad como un niño pequeño, abandona cualquier idea preconcebida, dirígete humildemente a cualquier abismo donde la naturaleza te conduzca o nunca aprenderás nada. ~ Thomas Huxley ~', '13/03', 13, 03, 059, 166, 3, 49, 09, 07, 12, 11, 33, 7, 47, 1),
(232, 'No puedes enseñar nada a nadie, sólo puedes ayudarle a encontrarla en su interior. ~ Galileo Galilei ~', '14/03', 14, 03, 059, 167, 3, 50, 09, 08, 12, 12, 34, 1, 47, 2),
(233, 'La atención es la forma más rara y pura de generosidad. ~ Simone Weil ~', '15/03', 15, 03, 059, 169, 3, 51, 09, 09, 12, 13, 34, 2, 47, 3),
(234, 'Esfuérzate cada día en hacer tu vida más pura, más rica y más luminosa. Porque sutil e imperceptiblemente conduces a toda la creación al cielo. ~ Omraam Mikhael ~', '16/03', 16, 03, 059, 170, 3, 52, 09, 10, 12, 14, 34, 3, 47, 4),
(235, 'Así como la electricidad funciona a través de todo en el universo, también lo hace la sincronicidad – que es el sistema de señal telepática. Cuanto más confías en la sincronía, más se abre un sistema de señales para ti mostrando una fuente insondable de revelaciones. ~ José Argüelles/Valum Votan ~', '17/03', 17, 03, 059, 171, 3, 53, 09, 11, 12, 15, 34, 4, 47, 5),
(236, 'Sigo el Camino del Amor, y donde la caravana del Amor toma su camino, está mi religión, mi fe. ~ Ibn Arabi ~', '18/03', 18, 03, 059, 172, 3, 54, 09, 12, 12, 16, 34, 5, 48, 1),
(237, 'Captar la verdad está relacionado con el poder de la personalidad. En las operaciones realizadas por las Asambleas de Conciencia Desarrolladas, todo el mundo está en la realización de su correspondiente Misión. ~ Mevlana ~', '19/03', 19, 03, 059, 174, 3, 55, 09, 13, 12, 17, 34, 6, 48, 2),
(238, 'El mínimo acto de bondad vale más que la mayor intención. ~ Khalil Gibran ~', '20/03', 20, 03, 059, 175, 3, 56, 09, 14, 12, 18, 34, 7, 48, 3),
(239, 'Verdaderamente, en la oscuridad es donde uno encuentra la luz, así que cuando caemos en la desolación, es cuando la luz esta más cerca de todos nosotros. ~ Meister Eckhart ~', '21/03', 21, 03, 059, 177, 3, 57, 09, 15, 12, 19, 35, 1, 48, 4),
(240, 'Contén al conocedor de la mente. Si crees en tus pensamientos te decepcionarás. Sé el testigo de los pensamientos. Permanece como el vidente.~ Nisargadatta Maharaj ~', '22/03', 22, 03, 059, 178, 3, 58, 09, 16, 12, 20, 35, 2, 48, 5),
(241, 'Deja ir a lo que ha pasado. Deja ir lo que puede venir. Deja ir lo que está sucediendo ahora. No trates de interpretar nada. No trates de hacer que algo suceda. Relájate, en este momento, y en el resto. ~ Tilopa ~ ', '23/03', 23, 03, 059, 179, 3, 59, 09, 17, 13, 01, 35, 3, 49, 1),
(242, 'Persigue tu felicidad. Si persigues tu felicidad, alcanzas una especie de pista que ha estado allí todo el tiempo esperándote, y la vida que debería ser vivida es justamente esa que estás viviendo. Te digo, persigue tu felicidad, y no tengas miedo, y las puertas se abrirán donde menos lo sospechabas. ~ Joseph Campbell ~', '24/03', 24, 03, 059, 180, 3, 60, 09, 18, 13, 02, 35, 4, 49, 2),
(243, 'La inspiración existe, pero tiene que encontrarte trabajando. ~ Pablo Picasso ~', '25/03', 25, 03, 059, 181, 3, 61, 09, 19, 13, 03, 35, 5, 49, 3),
(244, 'Sé paciente con todo lo que está aún sin resolver en tu corazón. Y trata de amar las preguntas mismas. ~ Rainer Maria Rilke ~', '26/03', 26, 03, 059, 182, 3, 62, 09, 20, 13, 04, 35, 6, 49, 4),
(245, 'El secreto del cambio está en enfocar toda tu energía, no en luchar contra lo viejo, sino en construir algo nuevo. ~ Sócrates ~', '27/03', 27, 03, 059, 183, 3, 63, 09, 21, 13, 05, 35, 7, 49, 5),
(246, 'Cuando estás inspirado por un gran propósito, todos tus pensamientos rompen sus barreras: Tu mente trasciende las limitaciones, tu conciencia se expande en todas direcciones. Las fuerzas latentes, facultades y talentos cobran vida, y te descubres a ti mismo siendo una gran persona mucho más grande de lo que jamás soñaste ser. ~ Patanjali ~', '28/03', 28, 03, 059, 185, 3, 64, 09, 22, 13, 06, 36, 1, 50, 1),
(247, 'El mito debe mantenerse vivo. Las personas que lo mantienen vivo son los artistas de un tipo u otro. ~ Joseph Campbell ~', '29/03', 29, 03, 059, 146, 3, 65, 09, 23, 13, 07, 36, 2, 50, 2),
(248, 'Si te acercas a la naturaleza, a su simplicidad, a esas pequeñas cosas apenas perceptibles, esas cosas inesperadamente pueden volverse grandes e inconmensurables. ~ Rainer Maria Rilke ~', '30/03', 30, 03, 059, 146, 3, 66, 09, 24, 13, 08, 36, 3, 50, 3),
(249, 'Comienza por hacer aquello que sea necesario; después, haz lo que sea posible; y de pronto estarás haciendo lo imposible. ~ Francisco de Asís ~', '31/03', 31, 03, 059, 146, 3, 67, 09, 25, 13, 09, 36, 4, 50, 4),
(250, 'La habilidad de percibir o pensar de manera diferente es más importante que el conocimiento adquirido. ~ David Bohm ~', '01/04', 01, 04, 090, 155, 3, 68, 09, 26, 13, 10, 36, 5, 50, 5),
(251, 'No es un hábito saludable estar tan bien adaptado a una sociedad profundamente enferma. ~ Jiddu Krishnamurti ~', '02/04', 02, 04, 090, 155, 3, 69, 09, 27, 13, 11, 36, 6, 51, 1),
(252, 'No conozco ningún hecho más alentador que la incuestionable habilidad del hombre de dignificar su vida a través de un esfuerzo consciente. ~ Henry David Thoreau ~', '03/04', 03, 04, 090, 155, 3, 70, 09, 28, 13, 12, 36, 7, 51, 2),
(253, 'Las personas sólo ven lo que están preparadas para ver. ~ Ralph Waldo Emerson ~', '04/04', 04, 04, 090, 107, 3, 71, 10, 01, 13, 13, 37, 1, 51, 3),
(254, 'La imaginación es el inicio de la creación. Imagina lo que deseas, desea lo que imaginas y al final crea lo que deseas. ~ George Bernard Shaw ~', '05/04', 05, 04, 090, 107, 3, 72, 10, 02, 13, 14, 37, 2, 51, 4),
(255, 'El tiempo es una fábrica donde todos trabajan como esclavos ganando suficiente amor para romper sus propias cadenas. ~ Hafiz ~', '06/04', 06, 04, 090, 107, 3, 73, 10, 03, 13, 15, 37, 3, 51, 5),
(256, 'Nunca te rindas, pues ese es el momento y la hora justa en que la marea cambiará. ~ Harriet Beecher Stowe ~', '07/04', 07, 04, 090, 114, 3, 74, 10, 04, 13, 16, 37, 4, 52, 1),
(257, 'No programes a tu ser un estado de ansiedad excesivo ante los cambios que puedas encontrar, ni consumas tu fuerza ni tu vitalidad ... No olvides el origen de tu inspiración. ~ Edgar Cayce ~', '08/04', 08, 04, 090, 114, 3, 75, 10, 05, 13, 17, 37, 5, 52, 2),
(258, 'Cuando deseas algo, todo el universo conspira en ayudarte a alcanzarlo. ~ Paulo Coelho ~', '09/04', 09, 04, 090, 114, 3, 76, 10, 06, 13, 18, 37, 6, 52, 3),
(259, 'Cuando te ofenden los errores del otro, mírate a ti mismo y estudia tus propios errores. Entonces olvidarás tu ira. ~ Epicteto ~', '10/04', 10, 04, 090, 186, 3, 77, 10, 07, 13, 19, 37, 7, 52, 4),
(260, 'Acostúmbrate a hacer continuos de amor, porque ellos encienden y derriten el alma. ~ Santa Teresa de Ávila ~', '11/04', 11, 04, 090, 187, 3, 78, 10, 08, 13, 20, 38, 1, 52, 5),
(261, 'Querer reformar el mundo sin descubrirte a ti mismo es como tratar de cubrir el suelo con cuero para evitar el dolor de caminar sobre piedras y espinas. Es mucho más simple usar zapatos. ~ Ramana Maharshi ~', '12/04', 12, 04, 090, 188, 3, 79, 10, 09, 14, 01, 38, 2, 53, 1),
(262, 'He aprendido tanto de Dios que no puedo seguir llamándome ni Cristiano, ni Hindú, ni Musulmán, ni Budista, ni Judío. ~ Hafiz ~', '13/04', 13, 04, 090, 190, 3, 80, 10, 10, 14, 02, 38, 3, 53, 2),
(263, 'Emplea tu tiempo en dignificar tu ser a través de escritos de otras personas y así alcanzarás con más facilidad lo que para otros ha sido laborioso alcanzar. ~ Sócrates ~', '14/04', 14, 04, 090, 191, 3, 81, 10, 11, 14, 03, 38, 4, 53, 3),
(264, 'La visión de lo que queremos llegar a ser ya está en nuestro interior, esperando la disciplina adecuada por la que se pudiera expresar apropiadamente. ~ José Argüelles ~', '15/04', 15, 04, 090, 193, 3, 82, 10, 12, 14, 04, 38, 5, 53, 4),
(265, 'Un gran número de personas cree que está pensando cuando en realidad no está haciendo más que reordenar sus prejuicios. ~ William James ~', '16/04', 16, 04, 090, 194, 3, 83, 10, 13, 14, 05, 38, 6, 53, 5),
(266, 'Todo procede del todo, y todo confecciona el todo, y todo retorna al todo. ~ Leonardo da Vinci ~ ', '17/04', 17, 04, 090, 195, 3, 84, 10, 14, 14, 06, 38, 7, 54, 1),
(267, 'La seña principal de un genio no es la perfección, sino la originalidad, la apertura de nuevas fronteras. ~ Arthur Koestler ~', '18/04', 18, 04, 090, 196, 3, 85, 10, 15, 14, 07, 39, 1, 54, 2),
(268, 'No os conforméis a este mundo, sino transformaos con la renovación de vuestra mente... ~ Romanos 12: 2 ~', '19/04', 19, 04, 090, 198, 3, 86, 10, 16, 14, 08, 39, 2, 54, 3),
(269, 'Algunos ven las cosas como son y preguntan el por qué. Yo sueño con cosas que nunca fueron y pregunto ¿por qué no? ~ George Bernard Shaw ~', '20/04', 20, 04, 090, 199, 3, 87, 10, 17, 14, 09, 39, 3, 54, 4),
(270, 'Cada persona y todos los acontecimientos de tu vida, están ahí porque tú los has atraído. Lo que elijas hacer con ello depende de ti. ~ Richard Bach ~', '21/04', 21, 04, 090, 200, 3, 88, 10, 18, 14, 10, 39, 4, 54, 5),
(271, 'El día que adquirí el hábito de pronunciar conscientemente la palabra \"gracias\", sentí haber ganado la posesión de una varita mágica capaz de transformarlo todo. ~ Omraam Mikhael ~', '22/04', 22, 04, 090, 201, 3, 89, 10, 19, 14, 11, 39, 5, 55, 1),
(272, 'Tu imaginación es la visión anticipada a las próximas atracciones de tu vida. ~ Albert Einstein ~', '23/04', 23, 04, 090, 202, 3, 90, 10, 20, 14, 12, 39, 6, 55, 2),
(273, 'Si no repites las mismas doctrinas convencionales que todos están diciendo, y dices algo verdadero, esto sonará como si viniera de Neptuno. ~ Noam Chomsky ~', '24/04', 24, 04, 090, 204, 3, 91, 10, 21, 14, 13, 39, 7, 55, 3),
(274, 'Todo el sistema planetario es en realidad, una vasta complejidad entrelazada, interdependiente e interrelacionada de vehículos que se comunican o son sensibles a la comunicación. ~ Alice Bailey ~', '25/04', 25, 04, 090, 205, 4, 01, 10, 22, 14, 14, 40, 1, 55, 4),
(275, 'Cada vida es una manifestación del espíritu, la manifestación del amor. ~ l. Morihei Ueshiba. ~', '26/04', 26, 04, 090, 147, 4, 02, 10, 23, 14, 15, 40, 2, 55, 5),
(276, 'El auténtico genio se estremece ante lo imperfecto y por lo regular prefiere el silencio a decir todo aquello que debería ser dicho. ~ Edgar Allan Poe ~', '27/04', 27, 04, 090, 147, 4, 03, 10, 24, 14, 16, 40, 3, 56, 1),
(277, 'Aquel que es devoto de su propio Ser se convierte en el alma de todo. ¿Quién entonces, tendrá la mala voluntad y para quién? Uno se vuelve útil para los demás naturalmente, sabiendo que uno no es diferente de ellos. ~ Nisargadatta Maharaj ~', '28/04', 28, 04, 090, 147, 4, 04, 10, 25, 14, 17, 40, 4, 56, 2),
(278, 'Que no te sorprendan las nuevas ideas; pues es bien sabido que una cosa no deja de ser cierta aunque no sea aceptada por la mayoría. ~ Baruch Spinoza ~', '29/04', 29, 04, 090, 154, 4, 05, 10, 26, 14, 18, 40, 5, 56, 3),
(279, 'El conocimiento aumenta en proporción a su uso; es decir, cuanto más lo enseñamos más aprendemos. ~ H. P. Blavatsky ~', '30/04', 30, 04, 090, 154, 4, 06, 10, 27, 14, 19, 40, 6, 56, 4),
(280, 'Tú eres un tomo en el libro divino; Un espejo para el poder que creó el universo; Lo que quieras, pídetelo a ti mismo. Lo que estás buscando sólo puedes encontrarlo dentro de ti mismo. ~ Rumi ~', '01/05', 01, 05, 120, 154, 4, 07, 10, 28, 14, 20, 40, 7, 56, 5),
(281, 'Algunos pensamos que aguantar nos hace más fuertes; pero a veces hay que soltar. ~ Herman Hesse ~ ', '02/05', 02, 05, 120, 108, 4, 08, 11, 01, 15, 01, 41, 1, 57, 1),
(282, 'Acostumbrado a meditar tanto tiempo en contemplar el amor y la compasión, me olvidé por completo de todas las diferencias entre mi ser y el de los demás. ~ Milarepa ~', '03/05', 03, 05, 120, 108, 4, 09, 11, 02, 15, 02, 41, 2, 57, 2),
(283, 'Tus relaciones y tus posesiones al final se evaporarán. Despierta al Ser antes que esto suceda. ~ Nisgardatta Maharaj ~', '04/05', 04, 05, 120, 108, 4, 10, 11, 03, 15, 03, 41, 3, 57, 3),
(284, 'No seas como los que no se comprometen con su propia tarea de evolución e inclusive en algunos casos ignoran la vida interior dejándose despistar por el aprecio a los antiguos vínculos humanos. Acostumbrados a la vida cotidiana ni siquiera perciben que han sido liberados del pasado. ¿Hasta cuándo seguirás dilapidando oportunidades? ~ Trigueirinho ~', '05/05', 05, 05, 120, 113, 4, 11, 11, 04, 15, 04, 41, 4, 57, 4),
(285, 'Debes estar preparado para arder en tu propio fuego; ¿cómo podrías renacer sin haberte convertido primero en cenizas? ~ Friedrich Nietzsche ~', '06/05', 06, 05, 120, 113, 4, 12, 11, 05, 15, 05, 41, 5, 57, 5),
(286, 'Incluso después de todo este tiempo, el Sol nunca le ha dicho a la Tierra: \"Me debes\". Mira lo que sucede con un amor así, ilumina el cielo entero. ~ Hafiz ~', '07/05', 07, 05, 120, 113, 4, 13, 11, 06, 15, 06, 41, 6, 58, 1),
(287, 'La verdad es siempre un abismo. Uno debe – como en una piscina – atreverse a zambullirse desde el tembloroso trampolín de la experiencia trivial diaria y sumergirse en las profundidades, para tras esa experiencia salir de nuevo – riendo y luchando por recuperar el aliento – a la ahora doblemente iluminada superficie de las cosas.~ Franz Kafka ~', '08/05', 08, 05, 120, 206, 4, 14, 11, 07, 15, 07, 41, 7, 58, 2),
(288, 'En el momento que tengas en tu corazón esta cosa extraordinaria llamada amor y sientas la profundidad, el deleite, el éxtasis de él, descubrirás que para ti el mundo se ha transformado. ~ Jiddu Krishnamurti ~', '09/05', 09, 05, 120, 207, 4, 15, 11, 08, 15, 08, 42, 1, 58, 3),
(289, 'No sueñes sueños pequeños porque ellos no tienen el poder de mover los corazones de nadie. ~ Johann Wolfgang von Goethe ~', '10/05', 10, 05, 120, 208, 4, 16, 11, 09, 15, 09, 42, 2, 58, 4),
(290, 'Que el espíritu salga ­–desecha todo pensamiento de recompensa, toda esperanza de alabanza y temores de culpa, toda conciencia de tu propio cuerpo. Y, finalmente cierra las avenidas de la percepción sensorial, que el espíritu salga como desee. ~ Bruce Lee ~', '11/05', 11, 05, 120, 209, 4, 17, 11, 10, 15, 10, 42, 3, 58, 5),
(291, 'Aquellos que critican son criticados –aquellos que aman son amados – aquellos que son selectivos son seleccionados. Mientras que aquellos que toman sus misiones son exaltados. La liberación es para vosotros si consideráis siempre estas cuestiones. ~ Mevlana ~', '12/05', 12, 05, 120, 212, 4, 18, 11, 11, 15, 11, 42, 4, 59, 1),
(292, '¡No elijas. Si eliges, caerás en el lodazal. No elijas! Una conciencia no selectiva es la meta. Tan sólo mantente al margen; no elijas. El momento en que eliges, has caído en la trampa del mundo, o en la trampa de la mente. ~ Osho ~', '13/05', 13, 05, 120, 213, 4, 19, 11, 12, 15, 12, 42, 5, 59, 2),
(293, 'Imposible es una palabra del diccionario. ~ Sri Chinmoy ~', '14/05', 14, 05, 120, 214, 4, 20, 11, 13, 15, 13, 42, 6, 59, 3),
(294, 'La sabiduría no puede ser impartida. La sabiduría que una persona sabia intenta impartir siempre suena absurda para otra persona... El conocimiento puede ser comunicado, pero no así la sabiduría. Uno puede encontrarla, vivirla, hacer maravillas a través ella, pero uno no puede comunicarla ni enseñarla. ~ Hermann Hesse ~', '15/05', 15, 05, 120, 215, 4, 21, 11, 14, 15, 14, 42, 7, 59, 4),
(295, 'Hay una vida tras la personalidad que utiliza las máscaras como personalidades. Hay momentos en que la vida relega la máscara y las respuestas profundas al abismo. ~ Dion Fortune ~', '16/05', 16, 05, 120, 216, 4, 22, 11, 15, 15, 15, 43, 1, 59, 5),
(296, 'Cuando decides liberarte realmente de este sueño terrenal no hay poder que pueda impedirte alcanzar la liberación, nunca dudes de ello. ~ Yogananda ~', '17/05', 17, 05, 120, 217, 4, 23, 11, 16, 15, 16, 43, 2, 60, 1),
(297, 'Cuando me libero de lo que soy, me convierto en lo que podría ser. ~ Lao Tzu ~', '18/05', 18, 05, 120, 219, 4, 24, 11, 17, 15, 17, 43, 3, 60, 2),
(298, 'Perdonar significa soltar el pasado. ~ Gerald Jampolsky ~', '19/05', 19, 05, 120, 220, 4, 25, 11, 18, 15, 18, 43, 4, 60, 3),
(299, 'Magia es creer en ti mismo, si puedes hacer eso, puedes hacer que cualquier cosa suceda. ~ Johann Wolfgang von Goethe ~', '20/05', 20, 05, 120, 221, 4, 26, 11, 19, 15, 19, 43, 5, 60, 4),
(300, 'Humildad es olvidarse de si mismo en completa concentración por algo o por alguien. ~ Madeleine L ´Engle ~', '21/05', 21, 05, 120, 223, 4, 27, 11, 20, 15, 20, 43, 6, 60, 5),
(301, 'No agobies a tu mente con pensamientos inútiles. ¿Qué bien te hace cavilar sobre el pasado o anticipar el futuro? Permanece en la simplicidad del momento presente. ~ Dilgo Khyentse Rinpoche ~', '22/05', 22, 05, 120, 224, 4, 28, 11, 21, 16, 01, 43, 7, 61, 1),
(302, 'Entrégate sin dualidad a la Consciencia, entonces ella también se entregará a ti. ~ Nisargadatta Maharaji ~', '23/05', 23, 05, 120, 225, 4, 29, 11, 22, 16, 02, 44, 1, 61, 2),
(303, 'Lo posible y la imagen ideal futura se hacen presente, según la capacidad inherente de superar la inercia del pasado. ~ Dane Rudhyar ~', '24/05', 24, 05, 120, 148, 4, 30, 11, 23, 16, 03, 44, 2, 61, 3),
(304, 'Para ver con claridad debes distanciarte continuamente de ti mismo – el actual “tú” es una fuerza en movimiento y no una personalidad o estado del ser condicionado, aunque pueda parecer lo contrario al mundo establecido. ~ José Argüelles/Valum Votan ~', '25/05', 25, 05, 120, 148, 4, 31, 11, 24, 16, 04, 44, 3, 61, 4),
(305, 'El alma siempre debe permanecer entreabierta. Lista para dar la bienvenida a la experiencia extática. ~ Emily Dickinson. ~', '26/05', 26, 05, 120, 148, 4, 32, 11, 25, 16, 05, 44, 4, 61, 5),
(306, 'Las personas crean sus propias preguntas porque tienen miedo de mirar al frente. Todo lo que tienes que hacer es mirar directamente y ver el camino, y cuando lo veas, no te sientes a mirarlo – camina. ~ Ayn Rand ~ ', '27/05', 27, 05, 120, 153, 4, 33, 11, 26, 16, 06, 44, 5, 62, 1),
(307, 'El humano es libre en el mismo instante que quiera serlo. ~ Voltaire ~', '28/05', 28, 05, 120, 153, 4, 34, 11, 27, 16, 07, 44, 6, 62, 2),
(308, 'Nada es todo y todo es nada. Cuando te conviertes en nada, pero sintonizas con todo, todo se endereza. ~ Yogi Bhajan ~', '29/05', 29, 05, 120, 153, 4, 35, 11, 28, 16, 08, 44, 7, 62, 3),
(309, 'La única cosa que va a redimir a la humanidad es la cooperación. ~ Bertrand Russell ~', '30/05', 30, 05, 120, 109, 4, 36, 12, 01, 16, 09, 45, 1, 62, 4),
(310, 'La cueva a la que te da miedo entrar contiene el tesoro que buscas. ~ Joseph Campbell ~', '31/05', 31, 05, 120, 109, 4, 37, 12, 02, 16, 10, 45, 2, 62, 5),
(311, 'Nuestras almas deben ser como un cristal transparente a través del cual puede ser percibido Dios. ~ Hildegarda de Bingen ~', '01/06', 01, 06, 151, 109, 4, 38, 12, 03, 16, 11, 45, 3, 63, 1),
(312, 'Ser uno mismo en un mundo que está constantemente tratando de hacer algo diferente es el mayor éxito. ~ Ralph Waldo Emerson ~', '02/06', 02, 06, 151, 112, 4, 39, 12, 04, 16, 12, 45, 4, 63, 2),
(313, 'El tiempo es la vida misma, y la vida reside en el corazón humano ~ Michael Ende ~', '03/06', 03, 06, 151, 112, 4, 40, 12, 05, 16, 13, 45, 5, 63, 3),
(314, 'El encuentro de dos personalidades es como el contacto de dos sustancias químicas: si hay alguna reacción, las dos se transforman. ~ Carl Jung ~', '04/06', 04, 06, 151, 112, 4, 41, 12, 06, 16, 14, 45, 6, 63, 4),
(315, 'Pensé en el alma asemejándose a un castillo, formado por un único diamante o un cristal muy transparente y conteniendo muchas habitaciones, al igual que en el Cielo existen muchas moradas. ~ Santa Teresa de Ávila ~', '05/06', 05, 06, 151, 226, 4, 42, 12, 07, 16, 15, 45, 7, 63, 5),
(316, 'En algún lugar, algo increíble está esperando a ser conocido. ~ Carl Sagan ~', '06/06', 06, 06, 151, 227, 4, 43, 12, 08, 16, 16, 46, 1, 64, 1),
(317, 'No dejes que tu ser se sienta herido cuando alguien te malinterprete. En cambio, pon más atención en ayudar a esa persona. ~ Yogananda ~', '07/06', 07, 06, 151, 228, 4, 44, 12, 09, 16, 17, 46, 2, 64, 2),
(318, 'La regeneración se produce a través de la readaptación a la estructura cristal. ~ José Argüelles/Valum Votan ~ ', '08/06', 08, 06, 151, 229, 4, 45, 12, 10, 16, 18, 46, 3, 64, 3),
(319, 'Los asuntos mundanos seguirán estando ahí siempre, no sigas retrasando la práctica de la meditación. – Milarepa ~', '09/06', 09, 06, 151, 230, 4, 46, 12, 11, 16, 19, 46, 4, 64, 4),
(320, 'Puedes poseer el poder y la fuerza de un gobernante mundial, pero a menos que logres la maestría sobre tu propia mente, cuando te llegue el momento de la muerte aún no habrás alcanzado el poder de la libertad. ¡Así que obtén la maestría sobre tu mente! ~ Padmasambhava ~', '10/06', 10, 06, 151, 231, 4, 47, 12, 12, 16, 20, 46, 5, 64, 5),
(321, 'Absorbe una idea. Haz de esa idea tu vida ­– piensa en ella, sueña con ella, vive con esa idea. Que el cerebro, músculos, nervios, cada parte de tu cuerpo se llene con esa idea, y abandona cualquier otra idea. Este es el camino al éxito, y ésta es la manera en la que se producen los grandes gigantes espirituales. ~ Swami Vivekananda ~', '11/06', 11, 06, 151, 232, 4, 48, 12, 13, 17, 01, 46, 6, 65, 1),
(322, 'Nunca dudes que un pequeño grupo de ciudadanos reflexivos y comprometidos pueden cambiar el mundo; de hecho, son los únicos que lo han logrado. ~ Margaret Mead ~', '12/06', 12, 06, 151, 233, 4, 49, 12, 14, 17, 02, 46, 7, 65, 2),
(323, 'La tradición se convierte en nuestra seguridad, y cuando la mente se siente segura, se deteriora. ~ Jiddu Krishnamurti ~', '13/06', 13, 06, 151, 234, 4, 50, 12, 15, 17, 03, 47, 1, 65, 3),
(324, 'Un pensador ve sus propias acciones como experimentos e interrogantes mientras intenta averiguar algo. El éxito y el fracaso son para él ante todo repuestas. ~ Friedrich Nietzsche ~', '14/06', 14, 06, 151, 235, 4, 51, 12, 16, 17, 04, 47, 2, 65, 4),
(325, 'Para aquellos que alcanzan conciencia de misión, la ayuda se les dará en cada materia. ~ Mevlana ~', '15/06', 15, 06, 151, 236, 4, 52, 12, 17, 17, 05, 47, 3, 65, 5),
(326, 'La valentía genuina es el producto de la sensibilidad. Viene de permitir que el mundo le haga cosquillas a tu corazón, un corazón abierto y hermoso. Tú estás dispuesto a abrirte sin resistencia o sin timidez y enfrentarte al mundo. Estás dispuesto a compartir tu corazón con los demás. ~ Chögyam Trungpa Rinpoche ~', '16/06', 16, 06, 151, 237, 4, 53, 12, 18, 17, 06, 47, 4, 66, 1),
(327, 'Magia es creer en ti mismo, si puedes hacer eso, puedes hacer que cualquier cosa suceda. ~ Johann Wolfgang von Goethe ~', '17/06', 17, 06, 151, 238, 4, 54, 12, 19, 17, 07, 47, 5, 66, 2),
(328, 'Amor es la única cosa que podemos llevar con nosotros cuando nos vamos, y hace que el final sea mucho más fácil. ~ Louisa May Alcott ~', '18/06', 18, 06, 151, 240, 4, 55, 12, 20, 17, 08, 47, 6, 66, 3),
(329, 'Impulsados por las fuerzas del amor, los fragmentos del mundo se buscan entre sí para que el mundo pueda llegar a ser. ~ Pierre Teilhard de Chardin ~', '19/06', 19, 06, 151, 242, 4, 56, 12, 21, 17, 09, 47, 7, 66, 4),
(330, 'Recuerda esta noche ... porque marca el comienzo de la eternidad. ~ Dante Alighieri ~', '20/06', 20, 06, 151, 243, 4, 57, 12, 22, 17, 10, 48, 1, 66, 5),
(331, 'Si la única oración que dijeras en toda tu vida fuera, ¡gracias!, sería suficiente. ~ Maestro Eckhart ~', '21/06', 21, 06, 151, 149, 4, 58, 12, 23, 17, 11, 48, 2, 67, 1),
(332, 'El tiempo es la sustancia de la que estoy hecho. El tiempo es un río que me lleva consigo, pero yo soy el río; es un tigre que me devora, pero yo soy el tigre; es un fuego que me consume, pero yo soy el fuego. ~ Jorge Luis Borges ~', '22/06', 22, 06, 151, 149, 4, 59, 12, 24, 17, 12, 48, 3, 67, 2),
(333, 'Toda separación aparente es un mecanismo del pensamiento. Es esencial ver que la mente está en todo momento experimentando un punto de vista. ~ Dr. David R. Hawkins ~', '23/06', 23, 06, 151, 149, 4, 60, 12, 25, 17, 13, 48, 4, 67, 3),
(334, 'La energía y la persistencia lo conquistan todo. ~ Benjamin Franklin ~', '24/06', 24, 06, 151, 152, 4, 61, 12, 26, 17, 14, 48, 5, 67, 4),
(335, 'En un cristal tenemos la evidencia clara de la existencia de un principio formativo de la vida, y aunque no podamos comprender la vida de un cristal, no es ni más ni menos que un ser vivo. ~ Nikola Tesla ~', '25/06', 25, 06, 151, 152, 4, 62, 12, 27, 17, 15, 48, 6, 67, 5),
(336, 'Yo quiero estar con aquellos que conocen los secretos o de lo contrario solo. ~ Rainer Maria Rilke ~', '26/06', 26, 06, 151, 152, 4, 63, 12, 28, 17, 16, 48, 7, 68, 1),
(337, 'Para desarrollar el amor – el amor universal, el amor cósmico, o como lo quieras llamar debes aceptar todas las situaciones de la vida tal como son, tanto la luz como la oscuridad, lo bueno como lo malo. Hay que abrir nuestro ser a la vida y comunicarnos con ella. ~ Chögyam Trungpa Rinpoche ~', '27/06', 27, 06, 151, 110, 4, 64, 13, 01, 17, 17, 49, 1, 68, 2),
(338, 'El amor no me hace ninguna pregunta, y me da un apoyo infinito. ~ William Shakespeare ~', '28/06', 28, 06, 151, 110, 4, 65, 13, 02, 17, 18, 49, 2, 68, 3),
(339, 'Lo que entendemos como fenómenos no son más que las proyecciones mágicas de la mente. Nunca vi que la vastedad hueca del espacio le temiera a nada. ~ Yeshe Tsogyal ~', '29/06', 29, 06, 151, 110, 4, 66, 13, 03, 17, 19, 49, 3, 68, 4),
(340, 'En todo caos hay un cosmos, en todo desorden un orden secreto. ~ Carl Jung ~', '30/06', 30, 06, 151, 111, 4, 67, 13, 04, 17, 20, 49, 4, 68, 5),
(341, 'Cada meditación debe comenzar con el despertar de una profunda compasión. Aquella que sea que surja de una actitud de amar y beneficiar a los demás. ~ Milarepa ~', '01/07', 01, 07, 181, 111, 4, 68, 13, 05, 18, 01, 49, 5, 69, 1),
(342, 'El futuro influye el presente tanto como el pasado. ~ Friedrich Nietzsche ~', '02/07', 02, 07, 181, 111, 4, 69, 13, 06, 18, 02, 49, 6, 69, 2),
(343, 'Confía en los sueños, porque en ellos se esconde la puerta a la eternidad. ~ Khalil Gibran ~', '03/07', 03, 07, 181, 244, 4, 70, 13, 07, 18, 03, 49, 7, 69, 3),
(344, '¿Quienes somos? Hemos averiguado que vivimos en un planeta insignificante de una estrella rutinaria perdida en una galaxia escondida en algún rincón olvidado de un universo en el que hay muchas más galaxias que personas. ~ Carl Sagan ~ ', '04/07', 04, 07, 181, 245, 4, 71, 13, 08, 18, 04, 50, 1, 69, 4),
(345, 'Amor, amor, amor, eso es el alma del genio. ~ Wolfgang Amadeus Mozart ~', '05/07', 05, 07, 181, 246, 4, 72, 13, 09, 18, 05, 50, 2, 69, 5),
(346, 'Las acciones de las personalidades divinas son a veces intencionalmente sorprendentes para agitar a las mentes complacientes de lo ordinario de su aceptación vacua. ~ Yogananda ~', '06/07', 06, 07, 181, 247, 4, 73, 13, 10, 18, 06, 50, 3, 70, 1),
(347, 'Rara vez nos damos cuenta que nuestros pensamientos y emociones más íntimas no son realmente nuestras. Debido a que pensamos en términos del lenguaje e imágenes que no inventamos nosotros, sino que nos fueron dados por nuestra sociedad. ~ Alan W. Watts ~', '07/07', 07, 07, 181, 248, 4, 74, 13, 11, 18, 07, 50, 4, 70, 2),
(348, 'Los signos y símbolos controlan el mundo, no los gobiernos ni las leyes. ~ Confucio ~', '08/07', 08, 07, 181, 249, 4, 75, 13, 12, 18, 08, 50, 5, 70, 3),
(349, 'Estar tranquilo es el mayor logro del Ser. ~ Yogi Bhajan ~', '09/07', 09, 07, 181, 250, 4, 76, 13, 13, 18, 09, 50, 6, 70, 4),
(350, 'Sólo en la imaginación humana es donde toda la verdad alcanza una existencia real y auténtica. La imaginación, y no la invención, es la maestra suprema del arte y de la vida. ~Joseph Conrad ~', '10/07', 10, 07, 181, 251, 4, 77, 13, 14, 18, 10, 50, 7, 70, 5),
(351, 'Sé verdaderamente pleno, y todas las cosas acudirán a ti. ~ Lao Tzu ~', '11/07', 11, 07, 181, 252, 4, 78, 13, 15, 18, 11, 51, 1, 71, 1),
(352, 'La única necesidad esencial para la humanidad en la actualidad es la renovación de la mente, ya que ésta resuena con la liberación de un nuevo espíritu cósmico y planetario. ~ Dane Rudhyar ~', '12/07', 12, 07, 181, 253, 4, 79, 13, 16, 18, 12, 51, 2, 71, 2),
(353, 'Tú ya no perteneces a este reino material, Tú perteneces al Cosmos. Aprende a reconocer la llama que brilla dentro de ti. Entrégate a ella. Sólo a través de la devoción sincera pueden las corrientes de mundos distantes sentirse atraídos a la faz de la Tierra. ~ Trigueirinho ~', '13/07', 13, 07, 181, 254, 4, 80, 13, 17, 18, 13, 51, 3, 71, 3),
(354, 'Cuídate de confinarte a una creencia particular y negar todas las demás, pues mucho bien te eludiría, de hecho, el conocimiento de la realidad te eludiría a ti. Se tú mismo una materia para todas las formas de creencias, porque Dios es demasiado vasto e inmenso para estar restringido a una creencia u otra. ~ Ibn Arabi ~', '14/07', 14, 07, 181, 255, 4, 81, 13, 18, 18, 14, 51, 4, 71, 4),
(355, 'Todas las cosas que alguna vez fueron, que son, o que serán, contienen tu registro en la luz astral, o en la tablet del universo invisible, los iniciados adeptos, al utilizar la visión de su propio espíritu, pueden conocer todo lo que es conocido o puede ser conocido. ~ H. P. Blavatsky ~', '15/07', 15, 07, 181, 256, 4, 82, 13, 19, 18, 15, 51, 5, 71, 5),
(356, 'Déjate atraer por la poderosa fuerza de lo que amas verdaderamente. ~ Rumi ~', '16/07', 16, 07, 181, 257, 4, 83, 13, 20, 18, 16, 51, 6, 72, 1),
(357, 'Los estados supermentales sólo pueden ser experimentados una vez que se quedan vacíos tus contenedores mentales condicionados, y vas más allá de las barreras inhibidoras del ego.', '17/07', 17, 07, 181, 258, 4, 84, 13, 21, 18, 17, 51, 7, 72, 2),
(358, 'Sólo los súper-esfuerzos cuentan. ~ G.I. Gurdjieff ~', '18/07', 18, 07, 181, 259, 4, 85, 13, 22, 18, 18, 52, 1, 72, 3),
(359, 'Talento es alcanzar algo que nadie más puede alcanzar; Genio es alcanzar algo que nadie más puede ver. ~ Arthur Schoepenhauer ~', '19/07', 19, 07, 181, 150, 4, 86, 13, 23, 18, 19, 52, 2, 72, 4),
(360, 'Misterio es –¿Sabes que Él Gran Desconocido eres Tú? ~ Yogui Bhajan ~', '20/07', 20, 07, 181, 150, 4, 87, 13, 24, 18, 20, 52, 3, 72, 5),
(361, 'Cada parte de la travesía es de importancia para el total. ~ Santa Teresa de Ávila ~', '21/07', 21, 07, 181, 150, 4, 88, 13, 25, 19, 01, 52, 4, 73, 1),
(362, 'La cosa más blanda es el agua, sin embargo, puede penetrar la tierra y las montañas. Esto muestra claramente el principio de la blandura superando la dureza. ~ Lao Tzu ~', '22/07', 22, 07, 181, 151, 4, 89, 13, 26, 19, 02, 52, 5, 73, 2),
(363, 'No llores porque terminó; Sonríe porque sucedió. ~ Dr. Seuss ~', '23/07', 23, 07, 181, 151, 4, 90, 13, 27, 19, 03, 52, 6, 73, 3),
(364, 'No puede detenerse un cambio evolutivo que está codificado en el proceso del sistema entero de un planeta vivo como la Tierra. La única respuesta significativa a esta transición que está ocurriendo ahora es cambiar nuestra consciencia para resolverlo. ~ José Argüelles/Valum Votan ~', '24/07', 24, 07, 181, 151, 4, 91, 13, 28, 19, 04, 52, 7, 73, 4),
(365, '', '25/07', 25, 07, 181, 151, 4, 91, 13, 28, 19, 05, 52, 7, 73, 4),
(366, '', '29/02', 29, 02, 031, 164, 3, 36, 08, 22, 11, 18, 32, 1, 44, 3);

-- --------------------------------------------------------

--
-- Estructura de tabla para la tabla `psi_ban`
--

CREATE TABLE `psi_ban` (
  `ide` smallint(1) UNSIGNED ZEROFILL NOT NULL COMMENT 'Banco-Psi',
  `pla` smallint(1) UNSIGNED ZEROFILL NOT NULL COMMENT 'Placa',
  `dir` varchar(10) COLLATE utf8mb4_spanish_ci NOT NULL COMMENT 'Dirección'
) ENGINE=InnoDB DEFAULT CHARSET=utf8mb4 COLLATE=utf8mb4_spanish_ci COMMENT='Banco-Psi';

--
-- Volcado de datos para la tabla `psi_ban`
--

INSERT INTO `psi_ban` (`ide`, `pla`, `dir`) VALUES
(1, 1, 'Norte'),
(2, 2, 'Norte'),
(3, 3, 'Norte'),
(4, 4, 'Norte'),
(5, 1, 'Sur'),
(6, 2, 'Sur'),
(7, 3, 'Sur'),
(8, 4, 'Sur');

-- --------------------------------------------------------

--
-- Estructura de tabla para la tabla `psi_ban_cor`
--

CREATE TABLE `psi_ban_cor` (
  `ide` smallint(1) UNSIGNED NOT NULL COMMENT 'Identificador',
  `nom` varchar(35) COLLATE utf8mb4_spanish_ci NOT NULL COMMENT 'Corriente'
) ENGINE=InnoDB DEFAULT CHARSET=utf8mb4 COLLATE=utf8mb4_spanish_ci COMMENT='Corriente Histórica';

--
-- Volcado de datos para la tabla `psi_ban_cor`
--

INSERT INTO `psi_ban_cor` (`ide`, `nom`) VALUES
(1, 'Aboriginal'),
(2, 'Aboriginal Generadora'),
(3, 'Hierática y Original'),
(4, 'Hierática Imperial'),
(5, 'Medieval'),
(6, 'Global Industrial'),
(7, 'Síntesis Radiosónica'),
(8, 'Holonómica');

-- --------------------------------------------------------

--
-- Estructura de tabla para la tabla `psi_ban_his`
--

CREATE TABLE `psi_ban_his` (
  `ide` smallint(1) UNSIGNED NOT NULL COMMENT 'Identificador',
  `nom` varchar(20) COLLATE utf8mb4_spanish_ci NOT NULL COMMENT 'Ecuación Historia'
) ENGINE=InnoDB DEFAULT CHARSET=utf8mb4 COLLATE=utf8mb4_spanish_ci COMMENT='Ecuación de la Historia';

--
-- Volcado de datos para la tabla `psi_ban_his`
--

INSERT INTO `psi_ban_his` (`ide`, `nom`) VALUES
(1, 'pre-historia'),
(2, 'historia'),
(3, 'post-historia');

-- --------------------------------------------------------

--
-- Estructura de tabla para la tabla `psi_ban_pla`
--

CREATE TABLE `psi_ban_pla` (
  `ide` smallint(1) UNSIGNED ZEROFILL NOT NULL COMMENT 'Placa',
  `nom` varchar(20) COLLATE utf8mb4_spanish_ci NOT NULL COMMENT 'Nombre',
  `nor` varchar(20) COLLATE utf8mb4_spanish_ci NOT NULL COMMENT 'Estación del norte',
  `sur` varchar(20) COLLATE utf8mb4_spanish_ci NOT NULL COMMENT 'Estación del sur'
) ENGINE=InnoDB DEFAULT CHARSET=utf8mb4 COLLATE=utf8mb4_spanish_ci COMMENT='Placa del Banco-Psi';

--
-- Volcado de datos para la tabla `psi_ban_pla`
--

INSERT INTO `psi_ban_pla` (`ide`, `nom`, `nor`, `sur`) VALUES
(1, 'Afro-Euroasiática', 'Primavera', 'Otoño'),
(2, 'Pacífico', 'Verano', 'Invierno'),
(3, 'Americana', 'Otoño', 'Primavera'),
(4, 'Atlántica', 'Invierno', 'Sur');

-- --------------------------------------------------------

--
-- Estructura de tabla para la tabla `psi_cro`
--

CREATE TABLE `psi_cro` (
  `ide` smallint(2) UNSIGNED ZEROFILL NOT NULL COMMENT 'Cromática',
  `nom` varchar(20) COLLATE utf8mb4_spanish_ci NOT NULL COMMENT 'Nombre',
  `des` tinytext COLLATE utf8mb4_spanish_ci NOT NULL COMMENT 'Descripción'
) ENGINE=InnoDB DEFAULT CHARSET=utf8mb4 COLLATE=utf8mb4_spanish_ci COMMENT='Cromática Entonada';

--
-- Volcado de datos para la tabla `psi_cro`
--

INSERT INTO `psi_cro` (`ide`, `nom`, `des`) VALUES
(01, '', ''),
(02, '', ''),
(03, '', ''),
(04, '', ''),
(05, '', ''),
(06, '', ''),
(07, '', ''),
(08, '', ''),
(09, '', ''),
(10, '', ''),
(11, '', ''),
(12, '', ''),
(13, '', ''),
(14, '', ''),
(15, '', ''),
(16, '', ''),
(17, '', ''),
(18, '', ''),
(19, '', ''),
(20, '', ''),
(21, '', ''),
(22, '', ''),
(23, '', ''),
(24, '', ''),
(25, '', ''),
(26, '', ''),
(27, '', ''),
(28, '', ''),
(29, '', ''),
(30, '', ''),
(31, '', ''),
(32, '', ''),
(33, '', ''),
(34, '', ''),
(35, '', ''),
(36, '', ''),
(37, '', ''),
(38, '', ''),
(39, '', ''),
(40, '', ''),
(41, '', ''),
(42, '', ''),
(43, '', ''),
(44, '', ''),
(45, '', ''),
(46, '', ''),
(47, '', ''),
(48, '', ''),
(49, '', ''),
(50, '', ''),
(51, '', ''),
(52, '', ''),
(53, '', ''),
(54, '', ''),
(55, '', ''),
(56, '', ''),
(57, '', ''),
(58, '', ''),
(59, '', ''),
(60, '', ''),
(61, '', ''),
(62, '', ''),
(63, '', ''),
(64, '', ''),
(65, '', ''),
(66, '', ''),
(67, '', ''),
(68, '', ''),
(69, '', ''),
(70, '', ''),
(71, '', ''),
(72, '', ''),
(73, '', '');

-- --------------------------------------------------------

--
-- Estructura de tabla para la tabla `psi_cro_arm`
--

CREATE TABLE `psi_cro_arm` (
  `ide` smallint(1) UNSIGNED ZEROFILL NOT NULL COMMENT 'Armónica',
  `col` varchar(10) COLLATE utf8mb4_spanish_ci NOT NULL COMMENT 'Color',
  `nom` varchar(20) COLLATE utf8mb4_spanish_ci NOT NULL COMMENT 'Nombre',
  `des` tinytext COLLATE utf8mb4_spanish_ci NOT NULL COMMENT 'Descripción'
) ENGINE=InnoDB DEFAULT CHARSET=utf8mb4 COLLATE=utf8mb4_spanish_ci COMMENT='Armónica de la Cromática Entonada';

--
-- Volcado de datos para la tabla `psi_cro_arm`
--

INSERT INTO `psi_cro_arm` (`ide`, `col`, `nom`, `des`) VALUES
(1, 'Roja', 'Luna-Caminante ', 'Purificando La Profecía'),
(2, 'Blanca', 'Mago-Espejo', 'Atemporalidad De La Meditación'),
(3, 'Azul', 'Tormenta-Noche', 'Auto generando La Abundancia'),
(4, 'Amarilla', 'Semilla-Estrella', 'Floreciendo El Arte');

-- --------------------------------------------------------

--
-- Estructura de tabla para la tabla `psi_est`
--

CREATE TABLE `psi_est` (
  `ide` smallint(1) UNSIGNED ZEROFILL NOT NULL COMMENT 'Estación Solar',
  `nom` varchar(10) COLLATE utf8mb4_spanish_ci NOT NULL COMMENT 'Nombre',
  `des` varchar(100) COLLATE utf8mb4_spanish_ci NOT NULL COMMENT 'Descripción',
  `pol_sur` varchar(30) COLLATE utf8mb4_spanish_ci NOT NULL COMMENT 'Ciclo Estacional del Polo Sur',
  `pol_nor` varchar(30) COLLATE utf8mb4_spanish_ci NOT NULL COMMENT 'Ciclo Estacional del polo norte'
) ENGINE=InnoDB DEFAULT CHARSET=utf8mb4 COLLATE=utf8mb4_spanish_ci COMMENT='Estación Solar';

--
-- Volcado de datos para la tabla `psi_est`
--

INSERT INTO `psi_est` (`ide`, `nom`, `des`, `pol_sur`, `pol_nor`) VALUES
(1, 'Roja', 'Inicia el giro solar', 'Invierno - Primavera', 'Verano - Otoño'),
(2, 'Blanca', 'Refina el giro solar', 'Primavera - Verano', 'Otoño - Invierno'),
(3, 'Azul', 'Transforma el giro solar', 'Verano - Otoño', 'Invierno - Primavera'),
(4, 'Amarilla', 'Madura el giro solar', 'Otoño - Invierno', 'Primavera - Verano');

-- --------------------------------------------------------

--
-- Estructura de tabla para la tabla `psi_hep`
--

CREATE TABLE `psi_hep` (
  `ide` smallint(2) UNSIGNED ZEROFILL NOT NULL COMMENT 'Héptada'
) ENGINE=InnoDB DEFAULT CHARSET=utf8mb4 COLLATE=utf8mb4_spanish_ci COMMENT='Heptada de la Estación Solar';

--
-- Volcado de datos para la tabla `psi_hep`
--

INSERT INTO `psi_hep` (`ide`) VALUES
(01),
(02),
(03),
(04),
(05),
(06),
(07),
(08),
(09),
(10),
(11),
(12),
(13),
(14),
(15),
(16),
(17),
(18),
(19),
(20),
(21),
(22),
(23),
(24),
(25),
(26),
(27),
(28),
(29),
(30),
(31),
(32),
(33),
(34),
(35),
(36),
(37),
(38),
(39),
(40),
(41),
(42),
(43),
(44),
(45),
(46),
(47),
(48),
(49),
(50),
(51),
(52);

-- --------------------------------------------------------

--
-- Estructura de tabla para la tabla `psi_lun`
--

CREATE TABLE `psi_lun` (
  `ide` smallint(2) UNSIGNED ZEROFILL NOT NULL COMMENT 'Giro Lunar',
  `pos` varchar(15) COLLATE utf8mb4_spanish_ci NOT NULL COMMENT 'Posición',
  `nom` varchar(25) COLLATE utf8mb4_spanish_ci NOT NULL COMMENT 'Nombre',
  `tot` varchar(25) COLLATE utf8mb4_spanish_ci NOT NULL COMMENT 'Totem Lunar',
  `tot_pro` tinytext COLLATE utf8mb4_spanish_ci NOT NULL COMMENT 'Propiedades',
  `tot_por` text COLLATE utf8mb4_spanish_ci NOT NULL COMMENT 'Portador',
  `kin_pag` char(18) COLLATE utf8mb4_spanish_ci NOT NULL COMMENT 'Kines PAG',
  `kin_cub` char(7) COLLATE utf8mb4_spanish_ci NOT NULL COMMENT 'Kines del Cubo',
  `fec_ini` char(5) COLLATE utf8mb4_spanish_ci NOT NULL COMMENT 'Desde',
  `fec_fin` char(5) COLLATE utf8mb4_spanish_ci NOT NULL COMMENT 'Hasta',
  `fec_ran` varchar(40) COLLATE utf8mb4_spanish_ci NOT NULL COMMENT 'Fechas'
) ENGINE=InnoDB DEFAULT CHARSET=utf8mb4 COLLATE=utf8mb4_spanish_ci COMMENT='Luna del Anillo Solar';

--
-- Volcado de datos para la tabla `psi_lun`
--

INSERT INTO `psi_lun` (`ide`, `pos`, `nom`, `tot`, `tot_pro`, `tot_por`, `kin_pag`, `kin_cub`, `fec_ini`, `fec_fin`, `fec_ran`) VALUES
(01, 'Primera', 'Luna Magnética', 'el Murciélago', 'Imagen y Curiosidad ', 'La persona de este signo se caracterizan por ser emprendedoras y exitosas en todos los aspectos de su vida. Son muy Inteligentes y poseen una energía avasallante. Los Murciélagos suelen ser bastante irónicos en su forma de comunicarse (y lo hacen por ultrasonido, los tenés que entender). Se los puede definir como verdaderos lideres (te da seguridad seguirlos porque saben lo que quieren y como hacerlo). Se manejan en la \"oscuridad\" (observación e interiorización) para reflexionar acerca de sus intereses y objetivos, así logran todas sus metas con resultados brillantes.   En el Ámbito Amoroso, los Murciélagos también necesitan momentos de soledad y penumbra. Resguardan mucho su intimidad y sus aspectos privados, por eso detestan que sus parejas los Invada o sofoquen (entendé que necesita su espacio de soledad y reflexión, ahí no entras vos). Defienden con todas las fuerzas su independencia pero, aun asi, son muy protectores con sus seres amados. Cuidan de su pareja, resultan ser excelentes padres y jefes de hogar.   En el trabajo, el murciélago es muy ordenado, responsable y disciplinado. Así alcanza sus objetivos y logra el éxito deseado. Las personas de este signo prefieren las profesiones vinculadas a la economía o la política.   La mujer de este signo tiende a ser muy racional; se maneja siempre con la logica y le fascina llamar la atención. Construye su particularidad con esmero para diferenciarse siempre del resto.  El hombre se caracteriza por ser triunfador y pasional en todos los ámbitos de su vida. Es absolutamente independiente y pretende que su pareja también lo sea o, por lo menos, que no interfiera en su libertad (no te metas, en todo caso, preguntá primero). Se exige mucho a si mismo para lograr sus metas. Generalmente, también resulta exigente con las demás personas.   El murciélago, ya sea hombre o mujer, es compatible con el PAVO REAL a quien elige como amigo para toda la vida. Pero prefiere a la VIVORA para compartir los negocios o situaciones laborales. En su juventud se relaciona especialmente con el JAGUAR como compañero de aventuras. Puede enamorarse perdidamente de la ARDILLA. ', '001, 020, 241, 260', '002-017', '26/07', '22/08', '26 de Julio - 22 de Agosto'),
(02, 'Segunda', 'Luna Lunar', 'el Escorpión o alacr', 'Experimentación, Conocimiento y Costumbre ', 'Los escorpiones son seguros de si mismos y muy serios. Generan mucho respeto y hasta temor en todos aquellos que los rodean. También son extremadamente críticos de sus propias acciones y de las ajenas.   A veces, la gente prefiere mantener una distancia prudencial ya que inspiran demasiada autoridad. Sin embargo, las personas de este signo suelen ser muy afectuosas en el ámbito amoroso. En la intimidad, son demostrativos y cuidadosos de sus parejas. Su cualidad fundamental es la fidelidad, pero si los defraudan se convierten en seres feroces y muy vengativos.   En el trabajo, los escorpiones son responsables y puntillosos en todas sus tareas. Adoran estudiar y aprender diversas disciplinas, por ello pueden ser excelentes profesionales en cualquier carrera u ocupación que elijan. Todo aquello que emprenden, lo desarrollan con seriedad y fuerza de voluntad. Así logran lo que se proponen.   Las mujeres de este signo tienen un carácter bastante difícil, aparenta ser distante y temerosa. Sin embargo, resulta ser fuerte y lucha hasta la muerte por sus seres amados.  El hombre es mas introvertido y poco demostrativo en publico. En general, tiende a ser parco y distante. Aunque en la intimidad se convierte en un ser apasionado, comunicativo y generoso.   El escorpión -hombre o mujer- es muy compatible con el Perro (el desafío con lo hecho) ya que ambos se caracterizan por tener una personalidad fuerte y emprendedora. Además, comparten una energía superadora que no todos pueden mantener y acompañar. Usualmente, forma pareja con una persona de ese signo, pero elige como amigo al Lagarto (le da orden) con quien compartirá en forma incondicional sus secretos y aventuras.', '022, 039, 222, 239', '018-035', '23/08', '19/09', '23 de Agosto - 19 de Septiembre'),
(03, 'Tercera', 'Luna Eléctrica', 'el Venado', 'Atracción, Ternura y Compasión ', 'El Venado es un ser Sensible y Espiritual. Se caracteriza por mostrarse muy temeroso y ciertamente frágil. Resultan muy afectuosos ya que de esta forma se aseguran el amor y la compañía del resto de las personas. Sus miedos los llevan a manejarse con extrema cautela para no lastimarse a si mismos ni a quienes los rodean. Requieren -y exigen- permanente cuidado y cariño. Por ser tan meticulosos y dependientes, muchas veces se pierden de grandes aventuras que la vida les ofrece.   En el amor, el Venado es un romántico empedernido. Es Soñador y vive en un permanente estado de enamoramiento. Fantasea con una historia de amor perfecta y LUCHA (si no lucha es porque no le interesa) toda su vida para construirla. Para el Venado, el amor es la fuente de inspiración para todos los aspectos de su existencia. Los afectos son su motor y su guía.   En el ámbito laboral, el Venado es muy Creativo y Bohemio. Por ello no encontraremos a una persona de este signo encerrada en una oficina, cumpliendo horarios estrictos (cazado?) y siguiendo una rutina impiadosa. El Venado sólo aceptará un trabajo de este tipo por razones económicas. De otro modo, siempre elegirá ocupaciones relacionadas con cualquier Rama del Arte.  Las Mujeres de este signo se caracterizan por ser increíblemente coquetas. Siempre tienen que estar prolijas, impecables y se ocupan de tener un estilo propio. Aunque le dan mucha importancia a su imagen, no descuidan las cosas verdaderamente importantes. Para ellas formar una pareja y una familia feliz es lo mas relevante de su existencia. Necesitan armonía y bienestar en el seno de su hogar para sentirse plenas y satisfechas.  En cambio, los hombres de este signo son muy difíciles de comprometerse y generalmente resultan infieles. Aunque son sensibles y cariñosos, se dejan ganar por el temor y las dudas. Por ello, tienden a escapar de las relaciones para correr en libertad.  El Venado, ya sea de sexo femenino o masculino, tiende a llevarse bien con todos los integrantes del zodiaco. Detesta la soledad y necesita que los afectos lo rodeen permanentemente. En la intimidad, se siente mas cómodo cerca de la serpiente y del Mono.', '043, 058, 203, 218', '036-055', '20/09', '17/10', '20 de Septiembre - 17 de Octubre'),
(04, 'Cuarta', 'Luna Auto-Existente', 'el Búho o Lechuza', 'Espiritualidad y Vida Interior. ', 'Este signo es misterioso y cautivante. La lechuza tiene la capacidad de predecir y seducir permanentemente. Es soñadora, fantasiosa y muy sensible. Las personas de este signo son amigos ideales. La lechuza siempre esta atenta a todo lo que ocurre a su alrededor y no le teme a los silencios. Posee una enorme sabiduría y comparte sin egoísmos.   En el amor, la lechuza suele ser muy impulsiva y pasional. Por ello, tiene muchos desengaños amorosos en su vida. En relación a los afectos, la lechuza deja volar su capacidad de soñar y se niega a pensar fríamente una situación. Este signo es absolutamente sentimental y se brinda sin reparos.   En el ámbito laboral, la lechuza da rienda suelta a su imaginación. Es un ser muy creativo y por ello elige profesiones artísticas, en general se convierte en poeta o escritor.   Las mujeres de este signo son sensibles y amorosas. Se caracterizan por ser muy perceptivas, predictivas e increíbles consejeras. Son estupendas como amigas y aun mejores como parejas. Al hombre de este signo le cuesta formar pareja, evade siempre que puede el compromiso para poder volar en libertad. Difícilmente llega a ser infiel, pero adora su independencia y le cuesta sacrificar una parte de ella para formar una familia. Además, adora la buena vida siempre en compañía de sus amigos.   La Lechuza puede enamorarse muchas veces en su vida pero le rendirá amor eterno al Pavo Real. Siempre lo elige para formar una pareja y tener hijos. Sin embargo, muchas veces no es correspondida por ese signo. Como amigos prefiere a la Ardilla y al Halcón con quienes compartirá secretos y experiencias increíbles. ', '050, 051, 210, 211', '056-075', '18/10', '14/11', '18 de Octubre - 14 de Noviembre'),
(05, 'Quinta', 'Luna Entonada', 'el Pavo Real', 'Peculiaridad e intolerancia. ', 'El pavo Real es carismático, exótico y divertido. Siempre pendiente de su imagen. Resulta bastante indiscreto y un gran estratega en todos los aspectos de su vida. Todo lo que se propone, lo logra. Son irresistiblemente seductores, las personas caen rendidas ante ellos, pero luego es bastante difícil lidiar con su ego. Los individuos de este signo no dejan de pensar en ellos ni un instante y se olvidan de la gente que los rodea.   En el ámbito amoroso, el Pavo Real es muy sincero y fiel, pero su pareja tiene que demostrarle su amor y admiración permanentemente. Este signo necesita que su compañero este siempre encantado y asombrado por estar a su lado.   El Pavo Real adora el éxito, la fama y la popularidad. Por eso eligen profesiones en las que puedan brillar y ser admirados por una gran cantidad de gente. Prefieren carreras artísticas, en especial se inclinan por ser cantantes o actores.   Las mujeres de este signo son distinguidas, un tanto extravagantes y muy coquetas. Para ellas su imagen es sumamente importante, le dedican mucho tiempo a su cuidado personal logrando un aspecto impecable. Los hombres cautivan mas con su carisma y su poder de seducción. Son inteligentes y triunfadores; la mayoría suele transformarse en importantes lideres.   Las personas de este signo eligen a la Tortuga como su amiga incondicional y, muchas veces, también como su pareja. Ella tiene la paciencia para seguirlo en su vida soñadora y vertiginosa. Así mismo, el Pavo Real es compatible con el Murciélago y con el Jaguar. Con ellos siempre comparte experiencias increíbles pero mas superficiales. ', '064, 077, 184, 197', '076-095', '15/11', '12/12', '15 de Noviembre - 12 de Diciembre'),
(06, 'Sexta', 'Luna Rítmica', 'el Lagarto o Cocodrilo', 'Conformación y Tenacidad.', 'Este signo se caracteriza por ser muy cambiante; enseguida se cansa de la compañía de algunas personas, de ciertos lugares o de determinadas situaciones. Son poco conformistas y están siempre generando nuevas ideas o desafíos (juntarse con el escorpión, el es desafiante también). Necesitan modificarse permanentemente; pueden cambiar de aspecto, de animo, de ocupación, etc. Por otra parte el lagarto es muy sincero y generoso con las personas que lo rodean, se brinda feliz y defiende con pasión a todos los que quiere.   En el amor, es increíblemente sumiso, tímido y poco demostrativo. Prefiere pasar casi inadvertido en la relación de pareja y elige como compañero a quien sea muy parecido a el (igualdad?). En cuestiones amorosas, el lagarto se inclina por el bajo perfil sin lugar a dudas.   En el ámbito Laboral se destaca por ser muy inteligente (organizado) y estudioso (procesa rápido). Es inquieto por naturaleza y eso lo lleva a elegir carreras relacionadas con la investigación. Esas profesiones -científicos, médicos, físicos, químicos- siempre le deparan nuevas metas, proyectos y novedades. Algunas personas de este signo también canalizan toda su energía e inquietudes en el Arte, se destacan por ser muy creativos (hay muchos tipos de creatividad, esta sirve para crear nuevos ordenes desde lo que esta establecido, pero si el ambiente no te permite evolucionar?).   La mujer de este signo es excelente administradora, muy trabajadora y perseverante en cada proyecto que emprende. También le da mucha importancia a su imagen, le gusta Cambiar y Sorprender permanentemente pero siempre manteniendo la elegancia y la coquetería que la caracteriza. Los hombres son mas difíciles de llegar a conocer en profundidad. Debido a sus permanentes cambios de animo pueden resultar algo misteriosos e inaccesibles. Por momentos se vuelven circunspectos y distantes, en esas situaciones hay que tomar distancia ya que necesitan estar a solas para reencontrarse con ellos mismos.   El Lagarto, ya sea hombre o mujer elige como compañero de ruta al perro o al Jaguar; a veces comparte una hermosa amistad pero otras también llega a enamorarse de ellos. Con el Escorpión lo une una relación de confidencialidad intachable, es su amigo del alma y para toda la vida. ', '069, 072, 189, 192', '097-122', '13/12', '09/01', '13 de Diciembre - 9 de Enero'),
(07, 'Séptima', 'Luna Resonante', 'el Mono o Gorila', 'Diversión y Plenitud.', 'Este signo es pura diversión y curiosidad. Son muy inquietos y algo temerosos ante los compromisos. El Mono prefiere vivir en la frivolidad e intenta no ver las cosas Reales que suceden a su alrededor. Le gusta distraerse y distraer al resto de la gente para huir de las responsabilidades. Asimismo, es muy persistente cuando desea algo para su vida.   En el amor también es difícil ante el compromiso, es inconstante y muy infiel. Se aburre fácilmente y evita quedarse mucho tiempo quieto junto a una persona. Para enamorar al mono hay que ser inteligente y audaz, se lo atrae con una actitud misteriosa e inventiva. De esta manera, el mono se sentirá curioso y entretenido durante bastante tiempo.   En el ámbito laboral, este signo también es inconstante. Le resulta muy difícil encontrar una profesión u ocupación que lo divierta y que no lo haga caer en una rutina impiadosa. Busca siempre estar activo, por ello suele cambiar de trabajo permanentemente.   La Mujer de este signo no es extremadamente alegre, simpática y sociable. Es muy extrovertida y adora ser el centro de todas las miradas. Le da bastante importancia a su imagen, se reconoce muy coqueta aunque no siempre el resultado final es la elegancia. El hombre es energético y ambicioso en todos los ámbitos, llega a ser un verdadero triunfador en aquello que se propone. Ama su libertad y n esta dispuesto a sacrificarla por nada ni por nadie.   El Mono elige para sus andanzas al Pavo Real, en el encuentra a un compañero divertido y extravagante con el que se lleva estupendamente. Para los negocios, este signo resulta compatible con la Serpiente. Las pocas veces que el Mono  se enamora, lo hace sin lugar a dudas del Venado (Se inspira con el servicio que le da). Este signo lo entretiene y brinda también algunos necesarios momentos de quietud. ', '085, 096, 165, 176', '123-138', '10/01', '06/02', '10 de Enero - 6 de Febrero'),
(08, 'Octava', 'Luna Galáctica', 'el Halcón o Águila', 'Inventiva, Fantasía y Misticismo.', 'El Halcón es Ambicioso, de carácter fuerte y Siempre ostenta su Poder. En muchas oportunidades resulta ser autoritario con las personas que le rodean. A veces también da la imagen de un ser enigmático y con ello seduce o se hace respetar. Nunca tiene malas intenciones, pero Tiende a Dominar las situaciones sin dejar lugar a otras opiniones o posturas. En muchas Tradiciones simboliza la Buena Suerte.   En el Ámbito Amoroso, este signo es muy Tradicional y Fiel con su Pareja. Generalmente, tiene un solo amor en su vida, si esa relación se rompe, es muy difícil que pueda olvidarla y recomponer su rumbo afectivo. Tiende a ser un poco dominante en el seno de su hogar; pero es muy amado y respetado.   En el Trabajo, el Halcón es amante del orden y la Justicia. Es un ser Riguroso con el mismo y con quienes comparten su territorio laboral. Elige profesiones como la de abogado, Juez o diplomático; en ellas puede Demostrar su Poder e implementar las reglas que defiende.   La Mujer de este signo animal es muy culta, inteligente y le gusta estar siempre bien informada. Se consideran únicas e imprescindibles. Ostentan su poder y valentía en todos los ámbitos... El Hombre también es Autoritario pero algo inconstante, ama demasiado su libertad y desea estar en permanente movimiento. Es muy difícil que se comprometa.   Este signo o tótem animal elige a la serpiente como socia perfecta para los negocios. El Conejo es su único y verdadero amor. Para la Amistad, prefiere a la Lechuza con quien compartirá aventuras inolvidables.', '088, 093, 168, 173', '139-164', '07/02', '06/03', '7 de Febrero - 6 de Marzo'),
(09, 'Novena', 'Luna Solar', 'el Jaguar o Gato', 'Coraje y Atrevimiento.', 'El Jaguar se caracteriza por su energía arrolladora, su permanente entusiasmo y su incondicionalidad con la gente que ama. Resulta un ser combativo, luchador en todo lo que emprende; se suele transformar en un personaje revolucionario de gran trascendencia. Como todos los lideres, el jaguar tiene un poder de seducción innato, con él puede movilizar a las masas. No le teme a nada y ostenta una personalidad fervorosa.   En el amor, este signo utiliza su atracción para manipular a su pareja. Siempre logra que lo amen con locura. Las personas caen rendidas a sus pies; lo adoran, idolatran y terminan dependiendo de él sin darse cuenta. El jaguar es un amante increíble, por ello también cuesta mucho alejarse de este signo. La pareja suele quedar como hipnotizada ante tanto poder y seducción.   En el ámbito laboral, el jaguar también desea ser reconocido y poderoso, ama el éxito por sobre todas las cosas. No le gusta pasar desapercibido, siempre tiene que sobresalir para que todos le presten atención y lo admiren con locura. En general, elige carreras que lo puedan llevar al estrellato y a la popularidad, por ejemplo: empresario, artista, deportista, escritor, etc.   La mujer de este signo resulta muy cambiante y algo contradictoria en sus pensamientos, pero siempre necesita tener una pareja a su lado que la cuide y ame incondicionalmente. El hombre despliega todo su poder de seducción sin tapujos. En sus relaciones es por demás activo y creativo, un ser realmente irresistible. Es un conquistador innato que adora los ámbitos multitudinarios y divertidos.  Este signo elige como compañeros de aventuras al murciélago y al pavo real. Con ellos emprende actividades riesgosas, alegres y algo extravagantes. Busca en la tortuga una amiga fiel, a veces llega a enamorarse de ella.', '106, 115, 146, 155', '166-185', '07/03', '03/04', '7 de Marzo - 3 de Abril'),
(10, 'Décima', 'Luna Planetaria', 'el Zorro, Lobo o Perro', 'Lealtad y Protección.', 'El perro es un ser noble, comprensivo, benevolente y cariñoso con sus seres amados. Respeta las Buenas costumbres, las tradiciones y los mandatos familiares. Lucha por hacer siempre lo correcto y pretende que los demás también actúen de esa forma. No tolera equivocarse (es Perfección) y es poco condescendiente con los errores ajenos. Pero siempre se maneja de forma educada y respetuosa, por ello es imposible no quererlo.   En el ámbito del amor, este signo es muy cuidadoso, atento y amoroso con su pareja. Le gusta ser romántico y que reine la armonía dentro de su hogar. Resulta ser muy sensible en las situaciones donde se juegan los afectos pero, muy por el contrario, se convierte en un fuerte protector de los seres amados. El perro es fiel con su pareja, sueña con el amor para toda la vida y lucha permanentemente por lograrlo. Es pacifico pero, llegado el caso, defiende con violencia a su compañero de ruta.   Este signo es muy trabajador, aunque no se caracteriza por ser un buen administrador de sus finanzas. Se vuelve a su carrera con amor  devoción, trabaja con esmero y responsabilidad. Pero siempre deja en segundo plano las cuestiones económicas. Usualmente, elige profesiones como la de psicólogo, sociólogo, enfermero; entre otras.   La mujer de este signo es un tanto impredecible, por eso se vuelve peligrosa en algunas circunstancias. Nunca se sabe con exactitud como puede reaccionar; sin embargo, jamás tiene malas intensiones en sus actos. Es fuerte y luchadora, capaz de cualquier cosa por atraer a quien desea o lograr lo que anhela. El hombre posee una nobleza difícil de describir, es sumamente respetuoso y educado en cualquier ámbito en que se encuentre. De adulto es muy romántico y leal, pero de joven suele ser bastante rebelde.   Este signo es compatible con el Venado, con el Lagarto y con la Ardilla. De los dos primeros se puede enamorar perdidamente, formar pareja y se esfuerza para mantenerla hasta la muerte. Con la ardilla lo une una hermosa amistad, comparte secretos y experiencias de vida.', '107, 114, 147, 154', '186-205', '04/04', '01/05', '4 de Abril - 1 de Mayo'),
(11, 'Undécima', 'Luna Espectral', 'la Cobra o Serpiente', 'Capacidad y Entendimiento.', 'La Serpiente se caracteriza por ser muy competitiva y emprendedora. Es una trabajadora incansable pero también se permite ciertos momentos de relajación. Adora los lujos, las excentricidades y el confort. Este signo es muy cauteloso en todos los aspectos de la vida, es muy consciente de los riegos o peligros que la rodean. La Serpiente se reconoce también peligrosa, por ello le gusta vivir al máximo cada día. Pone mucho esfuerzo en todas sus ideas o proyectos para poder llevarlos a cabo con éxito.   En el mundo de los afectos, la Serpiente es muy insegura; esto la lleva a ser posesiva con quien ama. Muchas veces llega a asfixiar a su pareja con tantos reclamos y necesidades. Es muy romántica, por momentos puede resultar demasiado demostrativa. Pero nunca tiene malas intenciones, solo pretende que le demuestren cariño y contención permanente.   En el ámbito laboral, la Serpiente es una luchadora incansable. Trabaja con esfuerzo para lograr lo que desea, persigue el éxito y el dinero por sobre todas las cosas. Usualmente elige carreras relacionadas con el arte en general.   La mujer de este signo es inteligente y exitosa. En todos los ámbitos de su vida tiende a ser competitiva y muy capaz. Adora la buena vida, le gusta estar rodeada de lujos y extravagancias. Tanto su apariencia como su hogar son llamativos, nunca pasaran desapercibidos. Para el hombre ante todo esta el trabajo y el dinero. Busca triunfar económicamente en la vida sin importarle todo aquello que pierde o posterga en el camino. Suele ser bastante manipulador con la gente que lo rodea, solo piensa en su bienestar y en su éxito.  Las personas de este signo son bastante difíciles para relacionarse, les cuesta encontrar con quien compartir una amistad o un amor verdadero. Debido a su inseguridad -en relación a los afectos- y a sus ambiciones económicas desmedidas, suelen dejar de lado las relaciones personales. Sin embargo, pueden enamorarse del Venado o del Mono. Estos signos son los únicos que logran que la serpiente baje sus defensas y se entregue a una relación de pareja -mas o menos- estable. ', '108, 113, 148, 153', '206-225', '02/05', '29/05', '2 de Mayo - 29 de Mayo'),
(12, 'Duodécima', 'Luna Cristal', 'el Conejo o Ardilla', 'Riqueza y Fecundidad.', 'El Conejo es un signo por demás nervioso e inquieto, es muy sociable y conversador. Pero eso solo es una fachada para esconder su increíble inseguridad. Necesita ser tenido en cuenta todo el tiempo y estar en contacto permanente con sus seres amados. Es muy cambiante en su estado de ánimo, puede pasar de la alegría al llanto en cuestión de minutos. Tiene una autoestima bastante endeble. Es Conejo es muy soñador, y resulta un ser atractivo en cuanto a su aspecto.   En el amor es romántico, detallista (a veces en exceso) y muy pendiente de su pareja. Reconoce y valora cada detalle o gesto de su ser amado. Necesita mucho de los afectos y teme perderlos. Por ello se dedica con tanta devoción a sus relaciones.   En el ámbito laboral, el Conejo vuelca toda su capacidad de comunicación. Generalmente, las personas de este signo se convierten en vendedores exitosos. Hablan sin parar y terminan convenciendo o ganando por cansancio al resto de la gente. También se dedican a profesiones como la de locutor, periodista o redactor.   La mujer de este signo no para ni un segundo, es muy inquieta y trabajadora. Se la suele definir como \"mujer orquesta\". La Coneja es muy femenina y coqueta, necesita verse bien y que se le reconozcan para sentirse una verdadera Reina.  El hombre es mucho más sencillo e humilde. También es trabajador pero sabe equilibrar mejor la energía, le otorga el tiempo y el valor justo a cada cosa de su vida.   El Conejo (hombre o mujer) conversa y puede comunicarse sin problemas con cualquier otro singo, sim embargo suele enamorarse del murciélago y prefiere como amigo al halcón o la lechuza. El Conejo es inquieto y extrovertido. ', '109, 112, 149, 152', '226-243', '30/05', '26/06', '30 de Mayo - 26 de Junio'),
(13, 'Treceava', 'Luna Cósmica', 'la Tortuga', 'Sabiduría y Humildad.', 'Este signo tiene una personalidad muy pacifica, constante y cariñosa. La tortuga es un ser sabio y leal por naturaleza. A veces, aparenta ser algo aburrida, pero no hay que dejarse llevar por esa imagen. La tortuga escucha y observa en silencio para luego sorprender con sus declaraciones, es reflexiva e inteligente. No le gustan los ámbitos ruidosos o descontrolados, disfruta de la soledad o solo de muy buenas compañías. Se le debe respetar sus tiempos y silencios para llevarse extraordinariamente bien con ella.   La tortuga es fiel con su pareja aunque le cueste bastante demostrar sus sentimientos ya que es muy introvertida. Cuando alguien le atrae, es muy difícil que tome la iniciativa; siempre espera que el otro de el primer paso y le facilite el camino. Sin embargo, una vez consolidada la relación, es muy cariñosa y respetuosa con su ser amado.   En el mundo laboral, la tortuga es constante y luchadora. Siempre intenta progresar para superarse personalmente y para brindarle mayor bienestar a su familia. Las personas de este signo eligen ocupaciones que puedan desarrollar al aire libre y en contacto directo con la naturaleza. Pueden ser ecologistas, jardineros, guardabosques, geólogos, etcétera.   La mujer de este signo es sensible, amorosa y equilibrada en todos los aspectos de la vida. Su mayor anhelo es formar un hogar y tener muchos hijos, vive para hacer feliz a sus seres queridos. El hombre es fiel y caballero, se caracteriza por su extrema timidez que lo lleva a ser poco sociable y le impide comunicar sus sentimientos de forma espontanea. Tiende a recluirse pero esta lleno de buenas intensiones.   En cuestión de compatibilidades, la Tortuga muere de amor por el Pavo Real. El problema es que no siempre es correspondida por este signo; la tortuga es muy soñadora y muchas veces solo resulta un amor platónico. También suele formar pareja con el Jaguar. Aunque es tímida puede relacionarse sin problemas con el resto de los signos, es una excelente amiga. ', '110, 111, 150, 151', '244-259', '27/06', '24/07', '27 de Junio - 24 de Julio');

-- --------------------------------------------------------

--
-- Estructura de tabla para la tabla `psi_pag`
--

CREATE TABLE `psi_pag` (
  `ide` tinyint(1) UNSIGNED ZEROFILL NOT NULL COMMENT 'Portal',
  `nom` varchar(10) COLLATE utf8mb4_spanish_ci NOT NULL COMMENT 'Estado'
) ENGINE=InnoDB DEFAULT CHARSET=utf8mb4 COLLATE=utf8mb4_spanish_ci COMMENT='Portal de Activación Galáctica';

--
-- Volcado de datos para la tabla `psi_pag`
--

INSERT INTO `psi_pag` (`ide`, `nom`) VALUES
(1, 'activo'),
(2, 'inactivo');

-- --------------------------------------------------------

--
-- Estructura de tabla para la tabla `psi_vin`
--

CREATE TABLE `psi_vin` (
  `ide` smallint(2) UNSIGNED ZEROFILL NOT NULL COMMENT 'Vinal',
  `nom` varchar(15) COLLATE utf8mb4_spanish_ci NOT NULL COMMENT 'Nombre',
  `des` tinytext COLLATE utf8mb4_spanish_ci NOT NULL COMMENT 'Descripcion',
  `fec` char(5) COLLATE utf8mb4_spanish_ci NOT NULL COMMENT 'Fecha del Calendario',
  `sin` char(5) COLLATE utf8mb4_spanish_ci NOT NULL COMMENT 'Sincronario de 13 Lunas',
  `cro` char(5) COLLATE utf8mb4_spanish_ci NOT NULL COMMENT 'Cromáticas Entonadas'
) ENGINE=InnoDB DEFAULT CHARSET=utf8mb4 COLLATE=utf8mb4_spanish_ci COMMENT='Vinal del Ciclo Solar';

--
-- Volcado de datos para la tabla `psi_vin`
--

INSERT INTO `psi_vin` (`ide`, `nom`, `des`, `fec`, `sin`, `cro`) VALUES
(01, 'Pop', 'Aquel que Sabe', '26/07', '01.01', '01-04'),
(02, 'Up', 'Escucha en Silencio', '15/08', '21.01', '05-08'),
(03, 'Zip', 'Con el fin de Integrar el Universo', '04/09', '13.02', '09-12'),
(04, 'Zotz', 'Basado en el Conocimiento', '24/09', '05.03', '13-16'),
(05, 'Tzec', 'Que Alcanza los Fundamentos', '14/10', '25.03', '17-20'),
(06, 'Xul', 'Donde con gran sabiduría una semilla es sembrada', '03/11', '17.04', '21-24'),
(07, 'Yaxkin', 'Un pequeño rayo del sol oculto', '23/11', '09.05', '25-28'),
(08, 'Mol', 'Lo que unifica todas las partes', '13/12', '01.06', '29-32'),
(09, 'Ch´en', 'Para entrar en la fuente de la sabiduría interna', '02/01', '21.06', '33-36'),
(10, 'Yax', 'Donde el aprendiz clarifica la mente, tomando consciencia de lo que aún no está ', '22/01', '13.07', '37-40'),
(11, 'Sac', 'Disipando las nubes de la duda, elevándote a ti mismo', '11/02', '05.08', '41-44'),
(12, 'Ceth', 'Rompe con la Cautela Habitual, y alcanza la luz blanca', '03/03', '25.08', '45-48'),
(13, 'Mac', 'Cerrando la parte equivocada y entra en un trance', '23/03', '17.09', '49-52'),
(14, 'Kankin', 'Recibe la luz del que sabe', '12/04', '08.10', '53-56'),
(15, 'Moan', 'A fin de ver en la oscuridad', '02/05', '01.11', '57-60'),
(16, 'Pax', 'Tocando una música del futuro', '22/05', '21.11', '61-64'),
(17, 'Kayab', 'Con la canción y el ritmo', '11/06', '13.12', '65-68'),
(18, 'Cumhu', 'Situado en el lugar correcto donde el alimento de la adivinación se obtiene', '01/07', '05.13', '69-72'),
(19, 'Uayeb', 'Todo lo que falta a fin de obtener la piedra preciosa', '21/07', '25.13', '73');

-- --------------------------------------------------------

--
-- Estructura de tabla para la tabla `rad`
--

CREATE TABLE `rad` (
  `ide` smallint(1) UNSIGNED ZEROFILL NOT NULL COMMENT 'Plasma',
  `nom` varchar(10) COLLATE utf8mb4_spanish_ci NOT NULL COMMENT 'Nombre',
  `col` varchar(15) COLLATE utf8mb4_spanish_ci NOT NULL COMMENT 'Color',
  `pod` varchar(15) COLLATE utf8mb4_spanish_ci NOT NULL COMMENT 'Poder',
  `tel` varchar(100) COLLATE utf8mb4_spanish_ci NOT NULL COMMENT 'Telektonon',
  `tel_des` tinytext COLLATE utf8mb4_spanish_ci NOT NULL COMMENT 'Proyecía',
  `tel_año` year(4) NOT NULL COMMENT 'Año',
  `tel_ora_año` smallint(3) UNSIGNED ZEROFILL NOT NULL COMMENT 'Oráculo del Año',
  `tel_ora_ani` smallint(3) UNSIGNED ZEROFILL NOT NULL COMMENT 'Oráculo del Anillo',
  `tel_ora_gen` smallint(3) UNSIGNED ZEROFILL NOT NULL COMMENT 'Generación Perdida',
  `rin_des` tinytext COLLATE utf8mb4_spanish_ci NOT NULL COMMENT 'Función Anual',
  `pla_pod` varchar(10) COLLATE utf8mb4_spanish_ci NOT NULL COMMENT 'Poder',
  `pla_ene` varchar(40) COLLATE utf8mb4_spanish_ci NOT NULL COMMENT 'Energía',
  `pla_fue_pre` smallint(2) UNSIGNED ZEROFILL NOT NULL COMMENT '1° línea electrónica',
  `pla_fue_pos` smallint(2) UNSIGNED ZEROFILL NOT NULL COMMENT '2° línea electrónica',
  `pla_qua` smallint(1) UNSIGNED ZEROFILL NOT NULL COMMENT 'Quantum',
  `pla_man` varchar(10) COLLATE utf8mb4_spanish_ci NOT NULL COMMENT 'Mantra',
  `pla_des` varchar(100) COLLATE utf8mb4_spanish_ci NOT NULL COMMENT 'Afirmación',
  `hum_cha` smallint(1) UNSIGNED ZEROFILL NOT NULL COMMENT 'Chakra',
  `map` varchar(30) COLLATE utf8mb4_spanish_ci NOT NULL COMMENT 'Mapa Estelar',
  `pat` varchar(20) COLLATE utf8mb4_spanish_ci NOT NULL COMMENT 'Patrono',
  `umb` smallint(3) UNSIGNED ZEROFILL NOT NULL COMMENT 'UMB',
  `arc` varchar(20) COLLATE utf8mb4_spanish_ci NOT NULL COMMENT 'Arcano del Trono',
  `pue` varchar(20) COLLATE utf8mb4_spanish_ci NOT NULL COMMENT 'Puerta de la Heptada',
  `esf` varchar(80) COLLATE utf8mb4_spanish_ci NOT NULL COMMENT 'Esfera Mental',
  `esf_fun` varchar(30) COLLATE utf8mb4_spanish_ci NOT NULL COMMENT 'Función'
) ENGINE=InnoDB DEFAULT CHARSET=utf8mb4 COLLATE=utf8mb4_spanish_ci COMMENT='Plasma Radial';

--
-- Volcado de datos para la tabla `rad`
--

INSERT INTO `rad` (`ide`, `nom`, `col`, `pod`, `tel`, `tel_des`, `tel_año`, `tel_ora_año`, `tel_ora_ani`, `tel_ora_gen`, `rin_des`, `pla_pod`, `pla_ene`, `pla_fue_pre`, `pla_fue_pos`, `pla_qua`, `pla_man`, `pla_des`, `hum_cha`, `map`, `pat`, `umb`, `arc`, `pue`, `esf`, `esf_fun`) VALUES
(1, 'Dali', 'amarillo', 'Apunta', 'Profecía del Año Uno', 'La Victoria Da en el Blanco', 1993, 144, 248, 194, 'Dalí liberada, capacidad técnica lumínica establecida', 'Focaliza', 'La Fuerza Térmica', 01, 02, 1, 'Om', 'Mi Padre es la Consciencia Intrínseca. Yo Siento el Calor. ', 1, 'Fuente Omnigaláctica', 'Cristo', 108, 'Trono', 'Alfa-Alfa', 'Preconsciente (Hemisferio Derecho Trasero)', 'Samadhi Profundo'),
(2, 'Seli', 'rojo', 'Fluye', 'Profecía del Año Dos', 'La Victoria Fluye', 1994, 249, 093, 195, 'Seli liberada, capacidad térmica-lumínica ampliada', 'Fluye', 'La Fuerza Lumínica', 03, 03, 1, 'Hram', 'Mi Madre es la Esfera última. Yo Veo la Luz. ', 7, 'Tierra Cristal', 'Mahoma', 291, 'Avatar', 'Alfa-Beta', 'Subconsciente (Hemisferio Derecho Frontal)', 'Samadhi Informativo'),
(3, 'Gama', 'blanco', 'Pacifica', 'Profecía del Año Tres', 'La Victoria Pacifica', 1995, 094, 198, 196, 'Gamma liberada capacidad térmica-lumínica ampliada, alcanza el \"poder extraordinario\"', 'Pacifica', 'La Fuerza de Impáctico Térmico-Lumínica', 04, 05, 1, 'Hraha', 'Mi Linaje es la Unión de la Consciencia Intrínseca y la Esfera Última.', 2, 'Hubab Ku', 'Pacal Votan', 144, 'Misterio', 'Beta-Beta', 'Consciente (Hemisferio Izquierdo Frontal)', 'Mediumnidad del Consciente Des'),
(4, 'Kali', 'azul', 'Establece', 'Profecía del Año Cuatro', 'La Victoria Establece', 1996, 199, 043, 197, ' Kali liberada, capacidad Normativa de cohesión-distensión catalítica alcanzada', 'Establece', 'La Cohesión Distensión', 06, 06, 2, 'Hrim', 'Mi Nombre es el Glorioso Nacido del Loto. Yo Catalizo la Luz-Calor Adentro.', 6, 'Ahau Kin', 'Quetzalcoatl', 515, 'Iniciación', 'Beta-Alta', 'Consciente Contínuo (Hemisferio Izquierdo Trasero)', 'Control de la Mente Superior'),
(5, 'Alfa', 'amarillo', 'Libera', 'Profecía del Año Cinco', 'La Victoria Libera', 1997, 044, 148, 198, 'Alfa liberado, activación del doble electrón extendido, Cubo de la Ley plásmicamente liberado como experiencia de la Telepatía Universal', 'Libera', 'El Electrón Doble Extendido', 07, 07, 3, 'Hraum', 'Mi País es la Esfera Última no Nacida. Yo Libero el Electrón Doble Extendido en ', 3, 'Sirio', 'San Juan', 414, 'Tiempo-Espacio', 'Hiper Electrón', 'Superconsciente (Conecta Lobulo Frontal y Trasero Derecho)', 'Superconsciente HiperElectróni'),
(6, 'Limi', 'rojo', 'Purifica', 'Profecía del Año Seis', 'La Victoria Purifica', 1998, 149, 253, 199, 'Limi liberada generando el electrón mental, la mente galáctica fortalece la mente Telepática de la Tierra con los poderes generativos del electrón', 'Purifica', 'El Electrón Metal', 09, 09, 3, 'Hrum', 'Yo Consumo Pensamientos Dualistas comos si fueran Alimento. Yo Purifico el Elect', 5, 'Estación Intermedia AA', 'Padmasambhava', 402, 'Trascendencia', 'Hiper Neutrón', 'Consciente Subliminal (Conecta Lobulo Frontal y Trasero Izquierdo)', 'Consciente Subliminal HiperNeu'),
(7, 'Silio', 'blanco', 'Descarga', 'Profecía del Año Siete', 'La Victoria Descarga', 1999, 254, 098, 200, 'Silio liberado, electrón-neutrón generado, completa la creación del Heptágono de la Mente dispara el Puente Arco iris Circumpolar', 'Descarga', 'El Electrón-Neutrón Mental', 10, 11, 3, 'Hraim', 'Mi Rol es Cumplir las Acciones del Buda. Yo Descargo el Electrón-Neutrón Mental ', 4, 'Pléyades', 'Buda', 441, 'Cubo', 'Sirio Beta 52-Elemen', 'Perceptor Holomental (Conecta Todas las Dimensiones del Tiempo)', 'Iluminación Hiperplásmica');

-- --------------------------------------------------------

--
-- Estructura de tabla para la tabla `rad_hep`
--

CREATE TABLE `rad_hep` (
  `ide` smallint(1) UNSIGNED ZEROFILL NOT NULL COMMENT 'Heptágono',
  `pos` varchar(15) COLLATE utf8mb4_spanish_ci NOT NULL COMMENT 'Posición'
) ENGINE=InnoDB DEFAULT CHARSET=utf8mb4 COLLATE=utf8mb4_spanish_ci COMMENT='Cubo de Plasma';

--
-- Volcado de datos para la tabla `rad_hep`
--

INSERT INTO `rad_hep` (`ide`, `pos`) VALUES
(1, 'Arriba'),
(2, 'Abajo'),
(3, 'Derecha'),
(4, 'Izquierda'),
(5, 'Frente'),
(6, 'Detrás'),
(7, 'Centro');

-- --------------------------------------------------------

--
-- Estructura de tabla para la tabla `rad_hum_cha`
--

CREATE TABLE `rad_hum_cha` (
  `ide` smallint(1) UNSIGNED ZEROFILL NOT NULL COMMENT 'Chakra',
  `nom` varchar(20) COLLATE utf8mb4_spanish_ci NOT NULL COMMENT 'Nombre',
  `col` varchar(20) COLLATE utf8mb4_spanish_ci NOT NULL COMMENT 'Color',
  `gla` varchar(20) COLLATE utf8mb4_spanish_ci NOT NULL COMMENT 'Glándula',
  `ele` varchar(10) COLLATE utf8mb4_spanish_ci NOT NULL COMMENT 'Elemento',
  `mus` varchar(10) COLLATE utf8mb4_spanish_ci NOT NULL COMMENT 'Nota Musical',
  `sen` varchar(20) COLLATE utf8mb4_spanish_ci NOT NULL COMMENT 'Sentido',
  `acc` varchar(30) COLLATE utf8mb4_spanish_ci NOT NULL COMMENT 'Acción',
  `pla` varchar(20) COLLATE utf8mb4_spanish_ci NOT NULL COMMENT 'Plano',
  `niv` varchar(20) COLLATE utf8mb4_spanish_ci NOT NULL COMMENT 'Nivel',
  `fre` smallint(5) UNSIGNED NOT NULL COMMENT 'Frecuencia',
  `flo` smallint(5) UNSIGNED NOT NULL COMMENT 'Pétalos'
) ENGINE=InnoDB DEFAULT CHARSET=utf8mb4 COLLATE=utf8mb4_spanish_ci COMMENT='Chakra del Cuerpo Humano';

--
-- Volcado de datos para la tabla `rad_hum_cha`
--

INSERT INTO `rad_hum_cha` (`ide`, `nom`, `col`, `gla`, `ele`, `mus`, `sen`, `acc`, `pla`, `niv`, `fre`, `flo`) VALUES
(1, 'Corona', 'Violeta', 'Pitiutaria', 'Eter', 'si', 'Pensamiento', 'Saber y Conocer', 'Espiritual', 'Unidad', 963, 972),
(2, '3er Ojo', 'Índigo', 'Pineal', 'Luz', 'la', 'Telepatía', 'Ver y Percibir', 'Mental', 'Inteligencia', 852, 96),
(3, 'Garganta', 'Azul', 'Tiroides', 'Sonido', 'sol', 'Oído', 'Decir y Oir', 'Creativo', 'Expresión', 741, 16),
(4, 'Corazón', 'Verde', 'Timo', 'Aire', 'fa', 'Tacto', 'Amar y Ser amado', 'Afectivo', 'Amor', 639, 12),
(5, 'Plexo Solar', 'Amarillo', 'Higado/Páncreas', 'Fuego', 'mi', 'Visión', 'Obrar y Poder', 'Emocional', 'Autosuficiencia', 528, 10),
(6, 'Sacro', 'Naranja', 'Gonadas', 'Agua', 're', 'Sabor', 'Sentir y Desear', 'Sexual', 'Placer', 417, 6),
(7, 'Raiz', 'Rojo', 'Endocrina', 'Tierra', 'do', 'Olor', 'Tener y Sobrevivir', 'Físico', 'Enraizamiento', 396, 4);

-- --------------------------------------------------------

--
-- Estructura de tabla para la tabla `rad_hum_mud`
--

CREATE TABLE `rad_hum_mud` (
  `ide` smallint(1) UNSIGNED ZEROFILL NOT NULL COMMENT 'Mudra',
  `nom` varchar(15) COLLATE utf8mb4_spanish_ci NOT NULL COMMENT 'Nombre'
) ENGINE=InnoDB DEFAULT CHARSET=utf8mb4 COLLATE=utf8mb4_spanish_ci COMMENT='Mudra del Holon Humano';

--
-- Volcado de datos para la tabla `rad_hum_mud`
--

INSERT INTO `rad_hum_mud` (`ide`, `nom`) VALUES
(1, ''),
(2, ''),
(3, ''),
(4, ''),
(5, ''),
(6, ''),
(7, '');

-- --------------------------------------------------------

--
-- Estructura de tabla para la tabla `rad_pla_ato`
--

CREATE TABLE `rad_pla_ato` (
  `ide` smallint(1) UNSIGNED ZEROFILL NOT NULL COMMENT 'Átomo',
  `nom` varchar(30) COLLATE utf8mb4_spanish_ci NOT NULL COMMENT 'Nombre'
) ENGINE=InnoDB DEFAULT CHARSET=utf8mb4 COLLATE=utf8mb4_spanish_ci COMMENT='Átomo del Tiempo';

--
-- Volcado de datos para la tabla `rad_pla_ato`
--

INSERT INTO `rad_pla_ato` (`ide`, `nom`) VALUES
(1, 'Tiempo Análogo'),
(2, 'Tiempo Antípoda'),
(3, 'Tiempo Oculto'),
(4, 'Tiempo del Campo Unificado');

-- --------------------------------------------------------

--
-- Estructura de tabla para la tabla `rad_pla_car`
--

CREATE TABLE `rad_pla_car` (
  `ide` smallint(1) UNSIGNED ZEROFILL NOT NULL COMMENT 'Identificador',
  `nom` varchar(10) COLLATE utf8mb4_spanish_ci NOT NULL COMMENT 'Nombre',
  `ope` char(1) COLLATE utf8mb4_spanish_ci NOT NULL COMMENT 'Operador'
) ENGINE=InnoDB DEFAULT CHARSET=utf8mb4 COLLATE=utf8mb4_spanish_ci COMMENT='Carga Eléctrica del Plasma';

--
-- Volcado de datos para la tabla `rad_pla_car`
--

INSERT INTO `rad_pla_car` (`ide`, `nom`, `ope`) VALUES
(1, 'Negativa', '-'),
(2, 'Positiva', '+');

-- --------------------------------------------------------

--
-- Estructura de tabla para la tabla `rad_pla_ele`
--

CREATE TABLE `rad_pla_ele` (
  `ide` smallint(1) UNSIGNED ZEROFILL NOT NULL COMMENT 'Tipo de Electricidad',
  `nom` varchar(15) COLLATE utf8mb4_spanish_ci NOT NULL COMMENT 'Nombre',
  `cod` varchar(10) COLLATE utf8mb4_spanish_ci NOT NULL COMMENT 'Código',
  `des` varchar(100) COLLATE utf8mb4_spanish_ci NOT NULL COMMENT 'Descripción'
) ENGINE=InnoDB DEFAULT CHARSET=utf8mb4 COLLATE=utf8mb4_spanish_ci COMMENT='Tipo de Electricidad Cósmica';

--
-- Volcado de datos para la tabla `rad_pla_ele`
--

INSERT INTO `rad_pla_ele` (`ide`, `nom`, `cod`, `des`) VALUES
(1, 'Neutrón', 'YAL', 'carga ambivalente, en oposición a la corriente alterna'),
(2, 'Dum Kuali', 'CAT', '2 cargas positivas en resonancia'),
(3, 'Dum Duar', 'DAT', '2 cargas negativas en resonancia'),
(4, 'Electrón', 'SEI', 'ambivalente, 3 cargas positivas y negativas en equilibrio (corriente continua)'),
(5, 'Kum', 'NAT', 'predominantemente positiva en armonía (magnética)'),
(6, 'Kemio', 'TOR', 'predominantemente negativa en armonía (estática)');

-- --------------------------------------------------------

--
-- Estructura de tabla para la tabla `rad_pla_fue`
--

CREATE TABLE `rad_pla_fue` (
  `ide` smallint(2) UNSIGNED ZEROFILL NOT NULL COMMENT 'Línea de Fuerza',
  `nom` varchar(20) COLLATE utf8mb4_spanish_ci NOT NULL COMMENT 'Nombre',
  `ele_pre` smallint(1) UNSIGNED ZEROFILL NOT NULL COMMENT '1° componente',
  `ele_ope` char(1) COLLATE utf8mb4_spanish_ci NOT NULL COMMENT 'Operador',
  `ele_pos` smallint(1) UNSIGNED ZEROFILL NOT NULL COMMENT '2° componente'
) ENGINE=InnoDB DEFAULT CHARSET=utf8mb4 COLLATE=utf8mb4_spanish_ci COMMENT='Línea de Fuerza Cósmica';

--
-- Volcado de datos para la tabla `rad_pla_fue`
--

INSERT INTO `rad_pla_fue` (`ide`, `nom`, `ele_pre`, `ele_ope`, `ele_pos`) VALUES
(01, 'Litmio', 2, '+', 2),
(02, 'Dalmi', 3, '+', 3),
(03, 'Sigma', 2, '+', 3),
(04, 'Dalton', 2, '>', 3),
(05, 'Nemur', 2, '>', 2),
(06, 'Kappa', 5, '+', 5),
(07, 'Dual', 4, '+', 4),
(08, 'Kutmi', 1, '+', 1),
(09, 'Naur', 4, '+', 1),
(10, 'Seldi', 4, '>', 1),
(11, 'Disle', 1, '>', 4),
(12, 'Pur', 6, '+', 2);

-- --------------------------------------------------------

--
-- Estructura de tabla para la tabla `rad_pla_qua`
--

CREATE TABLE `rad_pla_qua` (
  `ide` smallint(1) UNSIGNED ZEROFILL NOT NULL COMMENT 'Quántum',
  `nom` varchar(30) COLLATE utf8mb4_spanish_ci NOT NULL COMMENT 'Nombre',
  `des` tinytext COLLATE utf8mb4_spanish_ci NOT NULL COMMENT 'Descripción',
  `lec` tinytext COLLATE utf8mb4_spanish_ci NOT NULL COMMENT 'Lectura'
) ENGINE=InnoDB DEFAULT CHARSET=utf8mb4 COLLATE=utf8mb4_spanish_ci COMMENT='Quantum del Plasma Radial';

--
-- Volcado de datos para la tabla `rad_pla_qua`
--

INSERT INTO `rad_pla_qua` (`ide`, `nom`, `des`, `lec`) VALUES
(1, 'Quantum Sensorial Primario', '', 'Quantum Sensorial Primario completamente habilitado.'),
(2, 'Agente Catalizador', '', 'Agente Catalizador establecido para unificación de los quanta Sensorial y Telepático.'),
(3, 'Quantum Telepático Cromático', '', 'Quantum Telepático Cromático completamente habilitado.');

-- --------------------------------------------------------

--
-- Estructura de tabla para la tabla `rad_pla_tet`
--

CREATE TABLE `rad_pla_tet` (
  `ide` smallint(1) UNSIGNED ZEROFILL NOT NULL,
  `nom` varchar(25) COLLATE utf8mb4_spanish_ci NOT NULL
) ENGINE=InnoDB DEFAULT CHARSET=utf8mb4 COLLATE=utf8mb4_spanish_ci COMMENT='Tetraedro de Plasma';

--
-- Volcado de datos para la tabla `rad_pla_tet`
--

INSERT INTO `rad_pla_tet` (`ide`, `nom`) VALUES
(1, 'Análogo-Antípoda'),
(2, 'Oculto-Campo Unificado');

-- --------------------------------------------------------

--
-- Estructura de tabla para la tabla `sel`
--

CREATE TABLE `sel` (
  `ide` smallint(2) UNSIGNED ZEROFILL NOT NULL COMMENT 'Sello',
  `cod` smallint(2) UNSIGNED ZEROFILL NOT NULL COMMENT 'Código 0-19',
  `ord` smallint(2) UNSIGNED ZEROFILL NOT NULL COMMENT 'Código 0-19',
  `nom` varchar(25) COLLATE utf8mb4_spanish_ci NOT NULL COMMENT 'Nombre',
  `nom_col` varchar(10) COLLATE utf8mb4_spanish_ci NOT NULL COMMENT 'Color',
  `nom_cod` varchar(35) COLLATE utf8mb4_spanish_ci NOT NULL COMMENT 'Código 0-19',
  `may` varchar(20) COLLATE utf8mb4_spanish_ci NOT NULL COMMENT 'Glifo',
  `car` varchar(20) COLLATE utf8mb4_spanish_ci NOT NULL COMMENT 'Característica',
  `acc` varchar(20) COLLATE utf8mb4_spanish_ci NOT NULL COMMENT 'Acción',
  `acc_per` varchar(15) COLLATE utf8mb4_spanish_ci NOT NULL COMMENT 'Acción Personal',
  `acc_pal` varchar(15) COLLATE utf8mb4_spanish_ci NOT NULL COMMENT 'Contínuo',
  `pod` varchar(20) COLLATE utf8mb4_spanish_ci NOT NULL COMMENT 'Poder',
  `pod_tel` varchar(25) COLLATE utf8mb4_spanish_ci NOT NULL COMMENT 'Poder en el Telektonon',
  `des` varchar(150) COLLATE utf8mb4_spanish_ci NOT NULL COMMENT 'Código Encantado',
  `des_pro` text COLLATE utf8mb4_spanish_ci NOT NULL COMMENT 'Propiedades',
  `des_por` text COLLATE utf8mb4_spanish_ci NOT NULL COMMENT 'Portador',
  `des_men` text COLLATE utf8mb4_spanish_ci NOT NULL COMMENT 'Mensaje',
  `des_pal` text COLLATE utf8mb4_spanish_ci NOT NULL COMMENT 'Palabras Clave',
  `des_som` text COLLATE utf8mb4_spanish_ci NOT NULL COMMENT 'Sombras',
  `cic_ser` smallint(1) UNSIGNED ZEROFILL NOT NULL COMMENT 'Desarrollo del Ser',
  `cic_ser_des` tinytext COLLATE utf8mb4_spanish_ci NOT NULL COMMENT 'Descripción Simbólica',
  `cic_luz` smallint(1) UNSIGNED ZEROFILL DEFAULT NULL COMMENT 'Grupo Cíclico de la Luz',
  `cic_luz_des` tinytext COLLATE utf8mb4_spanish_ci NOT NULL COMMENT 'Descripción de la Etapa Cíclica',
  `arm_tra` smallint(1) UNSIGNED ZEROFILL NOT NULL COMMENT 'Modelo Morfogenético',
  `arm_tra_des` varchar(100) COLLATE utf8mb4_spanish_ci NOT NULL COMMENT 'Descripción del Modelo Morfogenético',
  `arm` varchar(30) COLLATE utf8mb4_spanish_ci NOT NULL COMMENT 'Armónica',
  `arm_raz` smallint(1) UNSIGNED ZEROFILL NOT NULL COMMENT 'Raza Cósmica',
  `arm_raz_fun` tinytext COLLATE utf8mb4_spanish_ci NOT NULL COMMENT 'Función de la Raza',
  `arm_raz_des` text COLLATE utf8mb4_spanish_ci NOT NULL COMMENT 'Descripción del Encantamiento',
  `arm_cel` smallint(1) UNSIGNED ZEROFILL NOT NULL COMMENT 'Célula del Tiempo',
  `arm_cel_fun` tinytext COLLATE utf8mb4_spanish_ci NOT NULL COMMENT 'Función de la Célula',
  `arm_cel_des` text COLLATE utf8mb4_spanish_ci NOT NULL COMMENT 'Descripción del Encantamiento',
  `cro` varchar(30) COLLATE utf8mb4_spanish_ci NOT NULL COMMENT 'Cromática',
  `cro_fam` smallint(1) UNSIGNED ZEROFILL NOT NULL COMMENT 'Familia Terrestre',
  `cro_ele` smallint(1) UNSIGNED ZEROFILL NOT NULL COMMENT 'Elemento Galáctico',
  `cro_ele_fun` text COLLATE utf8mb4_spanish_ci NOT NULL COMMENT 'Función Elemental',
  `cro_ele_des` text COLLATE utf8mb4_spanish_ci NOT NULL COMMENT 'Descripción del Encantamiento',
  `par_ana` smallint(2) UNSIGNED ZEROFILL NOT NULL COMMENT 'Sello Análogo',
  `par_gui` varchar(20) COLLATE utf8mb4_spanish_ci NOT NULL COMMENT 'Patrón del Sello Guía',
  `par_ant` smallint(2) UNSIGNED ZEROFILL NOT NULL COMMENT 'Sello Antípoda',
  `par_ocu` smallint(2) UNSIGNED ZEROFILL NOT NULL COMMENT 'Sello Oculto',
  `res_flu` smallint(1) UNSIGNED ZEROFILL NOT NULL COMMENT 'Respiración G.S.',
  `res_flu_des` tinytext COLLATE utf8mb4_spanish_ci NOT NULL COMMENT 'Descripción del Flujo G.S.',
  `sol_pla` smallint(2) UNSIGNED ZEROFILL NOT NULL COMMENT 'Pareja Planetaria',
  `sol_pla_des` text COLLATE utf8mb4_spanish_ci NOT NULL COMMENT 'Descripción del Encantamiento',
  `pla_cen` smallint(1) UNSIGNED ZEROFILL NOT NULL COMMENT 'Centro Planetario',
  `pla_hem` smallint(1) UNSIGNED NOT NULL COMMENT 'Hemisferio Planetario',
  `pla_hem_cod` smallint(3) UNSIGNED ZEROFILL NOT NULL COMMENT 'Grados',
  `pla_mer` smallint(1) UNSIGNED NOT NULL COMMENT 'Meridiano Planetario',
  `pla_mer_cod` smallint(3) UNSIGNED ZEROFILL NOT NULL COMMENT 'Grados',
  `hum_mer` smallint(2) UNSIGNED ZEROFILL NOT NULL COMMENT 'Meridiano del Humano'
) ENGINE=InnoDB DEFAULT CHARSET=utf8mb4 COLLATE=utf8mb4_spanish_ci COMMENT='Sello Solar';

--
-- Volcado de datos para la tabla `sel`
--

INSERT INTO `sel` (`ide`, `cod`, `ord`, `nom`, `nom_col`, `nom_cod`, `may`, `car`, `acc`, `acc_per`, `acc_pal`, `pod`, `pod_tel`, `des`, `des_pro`, `des_por`, `des_men`, `des_pal`, `des_som`, `cic_ser`, `cic_ser_des`, `cic_luz`, `cic_luz_des`, `arm_tra`, `arm_tra_des`, `arm`, `arm_raz`, `arm_raz_fun`, `arm_raz_des`, `arm_cel`, `arm_cel_fun`, `arm_cel_des`, `cro`, `cro_fam`, `cro_ele`, `cro_ele_fun`, `cro_ele_des`, `par_ana`, `par_gui`, `par_ant`, `par_ocu`, `res_flu`, `res_flu_des`, `sol_pla`, `sol_pla_des`, `pla_cen`, `pla_hem`, `pla_hem_cod`, `pla_mer`, `pla_mer_cod`, `hum_mer`) VALUES
(01, 01, 02, 'el Dragón', 'Rojo', 'un punto', 'IMIX', 'el Ser', 'Nutrir', 'nutro', 'nutriendo', 'el Nacimiento', 'Memoria', 'nutre el nacimiento', 'DRAGÓN simboliza la Esencia Divina, el Agua Primordial que todo lo inicia y Nutre, el rostro Materno de Dios, la Madre Cósmica, el Alimento espiritual que moviliza la vida. Responde al concepto que en realidad la Divinidad está dentro de cada uno de nosotros, que nuestra esencia es eterna y divina, chispas de un mismo Fuego. Es el Signo Iniciador por Excelencia, el que comienza el camino del conocimiento, que lleva a su vez a recuperar la memoria cósmica, a revelar de dónde venimos. En el plano espiritual habla de caminos iniciáticos, iniciaciones realizadas por maestros en distintas disciplinas o prácticas energéticas.', 'Los portadores de este Sello demuestran poseer fuerza de voluntad,  independencia,  seguridad en sí mismos, confianza. Su fuerza nutre el ser o esencia que hay en uno mismo, y después de entregarse hasta consumirse renacen en un nuevo ciclo existencial. Contienen ímpetu, fuego para sortear todos los obstáculos y llegar primeros. La pauta de la protección suele proponerles situaciones donde ponen en juego cómo son como padres y madres, o amigos que vienen a proteger a modo de hermanos mayores. Poseen una fuerza Gestora y son Canales naturales de energía que moviliza el comienzo de un camino para los demás. A nivel psicológico, su clave está en cómo manejan en su vida la imagen materna, punto de partida para lo que será el manejo de su confianza y de los espacios propios y ajenos.    Mientras no vibran en total luz, y van aprendiendo de la vivencia de la Sombra, los portadores de este Sello pueden enfrentar sus eventuales rencores,  y observar con excesiva puntillosidad la relación con los demás. Si pueden descubrirse como no respetuosos de tiempos y espacios de los otros, es porque en realidad les cuesta asimilar todavía los propios. Cuando están a la defensiva, es que están con temor a ser demasiado invasivos. Si se tornan excesivamente desconfiados, aún de los amigos, deben revisar la falta de fe en sí mismos o su autovaloración. Su eventual dependencia de los demás, o egoísmo,  los llama a revisar cómo tratan las estructuras de su ego (creencias personales, valores, etc.) para crecer espiritualmente.  DRAGÓN ROJO, podría serte provechoso...  - Reconocer en tu Interior la Divinidad que es parte de tu esencia. -respeto a lo interior, el ser que quiera ser - Estar atento a los inicios nuevos que se te ofrecen (que estás atrayendo a tu vida). -sin miedos para poder verlos - Abrirte a descubrir cuándo estás en condiciones de impulsar a otros por caminos nuevos. - Revisar la imagen y los conceptos de Madre que se formaron en tu interior desde la infancia. - Descubrir tu capacidad maternal, de protección y seguridad para otros. - Aprender a hacer respetar tu propio espacio, respetando los espacios de los demás. - Reflexionar acerca del tipo y calidad de tu alimentación.', 'Este signo te invita a ir a tus profundidades primordiales de la fuente de la vida, en busca de la nutrición que necesitas y añoras. Esto lo puedes conseguir siendo receptivo y teniendo confianza, eligiendo momento a momento qué hacer, sin garantías, intentando no controlar los resultados de tu vida. Ten fe en el guía de tu corazón, deja que te dirija, ten confianza en los procesos de transformación. Confía en ti, ten confianza primordial, toma conciencia que el Universo siempre te responde, recibe en plenitud tus dones, permite que los demás te den plenamente, ya que al ser receptivo el circuito del amor se completa. Acude a la fuente de la vida, a la creación, a la \"madre\" universal, al tener esta reserva y sostén tendrás recursos ilimitados para cuidar a los demás como a ti mismo, recuerda que siempre estás en los brazos de lo Divino, no importa cómo aparezcan las circunstancias o situaciones. Confía en que el mundo te nutra y te dé lo que necesitas para tu viaje. Si sientes que no tienes apoyo piensa que estás siendo impulsado hacia la dirección de tu Ser, ábrete a la conexión, a la fuente, recibe la abundancia de la fuerza de la vida. Tener confianza primordial significa que no hay errores y no hay víctimas, sólo aprendizaje, dones y procesos de crecimiento. Siéntete digno de recibir cuando otros te den cosas, simplemente recuerda que ERES. Trata de prestar atención si no estás muy apegado a ser un gran Cuidador o madre de todos, sacrificándote para nutrir y apoyar a los demás. Fíjate de aceptarte, de valorar tu entereza, tus cualidades, expresa tu verdad, tus sentimientos, deseos y sueños.  LO QUE TIENES QUE APRENDER: Creer en el largo alcance de la providencia. Estar abierto para recibir comunicación con tus sentimientos, deseos y sueños. AFIRMACIÓN: \'Creo incondicionalmente en la Divina Presencia\' ', 'Esencia Divina, Madre Cósmica, Rostro Materno de Dios, Agua Primordial, Fuente de Vida, Principio Creador, Causa Primera, Unidad, Origen, Maternidad, Partos, Natalidad, Descendencia Numerosa, Alimentación, Crianza, Enseñanza Materna, Figura Materna, Mandatos Maternos o de la Infancia, Protección, Sobreprotección, Seguridad, Confianza, Necesidades Básicas, Espacio Propio, Comienzos, Iniciación Espiritual, Nuevos Comienzos, Memoria Cósmica, Nutricionismo, Ginecología, Matriz Femenina, Pecho Materno, Sangre.', 'Rencores, Egoísmo, Desmotivación , Desvaloración, está a la Defensiva, Obsesiones, Temor a Ser, Imposibles, Dependencias, Desconfianzas Invasivos, No puede, Abandono, Sobreprotección, Limites del EGO, Poca Asimilación de lo Propio', 1, 'Fuente de Vida, Dragón, Agua primordial, Sangre, Nutrición, Pecho, Energía Materna, Poder de Dar a Luz.', 1, 'La Luz se hace Forma', 1, 'Se establece el Modelo Morfogenético.', 'el Dragón Rojo', 1, 'inicia el nacimiento', 'la tribu del dragón rojo inicia el nacimiento', 1, 'inicia la entrada del fuego', 'la tribu del dragón rojo inicia la entrada como poder del nacimiento.', 'el Fuego Cardinal', 1, 1, 'transmite el fuego', 'la tribu del dragón rojo transmite el fuego como el poder del nacimiento', 18, '1,13,5,17,9', 11, 20, 1, 'transmite la entrada galáctica', 09, 'la tribu del dragón transmite la entrada galáctica como nacimiento', 2, 1, 030, 1, 030, 01),
(02, 02, 03, 'el Viento', 'Blanco', 'dos puntos', 'IK', 'el Aliento', 'Comunicar', 'comunico', 'comunicando', 'el Espíritu', 'Espíritu', 'comunica el espíritu', 'VIENTO tiene que ver con el aliento divino de la naturaleza, el espíritu, la palabra, las emociones expresadas a través de la palabra, las ideas exteriorizadas. Indica el movimiento continuo y las dualidades de la existencia, que están llamadas a ser superadas en un tercer punto. La Comunicación tiene que ver con el Resolver las dualidades personales entre el TÚ y el YO, a través del concepto de la unidad de todo. El comunicar (sea hablada, por miradas, por pensamientos) implica poner en común dos puntos de vista y entre ellos, construir una realidad total a través de la aceptación de ambos puntos de vista.', 'Los que tienen de nacimiento se inclinan por el periodismo y la comunicación, o bien el canto o la política; siempre comunicativos, nunca callados. Tienen habilidad para ser Excelentes Oradores, y se transforman en redes de comunicación entre distintas personas, cuando aprenden a escuchar y a dar información verdadera de las realidades que acceden o la que viene inspirada de un nivel más alto de conciencia. La Realidad siempre ofrece enfoques que a veces pueden ser opuestas y extremas, y desde este Sello se Aprende a enfrentarlas con la conciencia de que todos los opuestos percibidos fuera de uno se reconcilian en la propia persona, en uno mismo cuando integra otra visión y amplía su campo de la realidad, ya que es Uno quien puede conciliar las divergencias (o puntos de vista) en uno central y unificador.    En Sombra, el estado de Conciencia que no es luz pero que lleva al aprendizaje, los portadores de este sello pueden parecer ante otros como Chismosos, Charlatanes, Hipócritas, Mentirosos, Mezquinos a la hora de tener que dar información porque todavía no valoran el tesoro de la Verdad que conocen y la responsabilidad de Comunicarla a los demás. Todavía se dejan llevar por falsas opciones de una realidad de dualidades, que presenta sus dos opuestos, sus extremos, y mientras no superan esa idea de Dualidad, se desbordan en un ruido externo, que aún no les permite descubrir que el Espíritu se Comunica de Corazón a Corazón, cada vez con menos necesidad de Palabras.  VIENTO BLANCO, podría venirte bien... - Reconocer la porción inmortal de tu ser, es decir, tu espíritu.  - Usar la Comunicación como un puente entre tu persona y los otros.  - Superar la tentación de los extremos, transitando por el camino del medio.  - Encontrar la palabra impecable en la comunicación con los otros.  - Entender que para entenderse dos personas, no necesariamente se necesitan palabras.  - Revisar la información recibida, los mensajes que nos llegan por distintos medios, y cómo estás preparado/a para trasmitirla.  - Reconocerte como el tercer punto donde se resuelven todas las dualidades que se te plantean.', 'Este signo te indica que debes abrir tu espíritu para ser guiado e inspirado. Te pide que aflojes la velocidad, simplifica, muévete dentro de la verdad, sé espontáneo como el viento, conéctate con las corrientes del cambio que se te ofrecen. Abraza las fuerzas no visibles que se mueven para guiarte, inspirarte y ayudarte. Trata de comunicar a los otros seres lo que está en tu interior, lo que sientes, lo que piensas, comunica tu espíritu, si guardas lo que tienes que decir al mundo puede quedarse dentro de ti y privarte de estar más aliviado con lo negativo que te sucede, como así también te privas de compartir lo bueno y disfrutar más.Debes tener en cuenta cómo comunicas a los demás, sobre todo si es algo que puede no gustarle al otro, encuentra las palabras adecuadas para evitar lastimar, habla y transmite desde el corazón, dejando que el afecto y el amor te guíen. Toma conciencia que siempre estás conectado con la Divinidad, que puedes crear tu propia realidad, activa el circuito de tu propio potencial, presta atención a la inspiración que tu Espíritu te indica. Presta atención también a sentimientos de separación, de abandono o de encierro, recuerda que siempre estás conectado con la Fuente Universal, que tienes que cumplir el rol de emisario del gran cambio y milagro que sucede en la tierra para poder vivir en un mundo mejor, más armónico y lograr estar todos en paz rodeados de amor. Estudia los sentimientos de separación y siente la dulce presencia de la reunión. Descubre cuál es tu medio para comunicar a los demás a tu entorno y al mundo, si es con la palabra, con la escritura, con actos, con alguna profesión, etc, fíjate cuál es tu habilidad para lograr comunicar lo mejor que hay en ti.  LO QUE TIENES QUE APRENDER: Aprende a sentir y experimentar tu conexión con lo divino actuando según como la inspiración llega a ti. AFIRMACIÓN: \'Yo soy la presencia unificada del espíritu\' ', 'Aliento Divino, Espíritu (santo), Energía Cósmica, Movimiento Interior, Fluir Energético, Persona de la Verdad, Poder (creador) de la palabra, Espiritualidad, Inmortalidad, Libertad interior, Búsqueda de sinceridad, Dualidad, Principio de polaridad, Superación o Integración de dualidades, Elección entre opuestos, Comunicación, Telepatía, Información, Noticia, Transmisión de conocimientos, Locualidad, Cultura, Inspiración, Oratoria, Periodismo, Poder de la Respiración, Sistema Respiratorio, Canto, Arte de la Palabra. ', 'Chismoso, Se deja llevar, Hipócrita, Falsedades, Charlatán, Indecisiones, Mentiras, Mezquino, No dice nada, Falta a la palabra, Impositor, Habla de mas, Oculta información, Discusión, Ruidosos', 1, 'Espíritu, Aliento, Viento, Energía Cósmica, Inspiración: Principio Vital, Sistema Respiratorio.', 1, 'El Viento Purifica las Formas', 2, 'El Modelo Morfogenético Recibe Inspiración.', 'el Viento Blanco', 2, 'inicia el espíritu', 'la tribu del viento blanco inicia el espíritu', 1, 'refina la entrada del nacimiento', 'la tribu del viento blanco refina la entrada del nacimiento como espíritu.', 'el Fuego Central', 2, 1, 'da energía al fuego', 'la tribu del viento blanco da energía al fuego como el poder del espíritu', 17, '2,14,6,18,10', 12, 19, 1, 'da energía a la entrada galáctica', 08, 'la tribu del viento da energía a la entrada galáctica como espíritu', 3, 3, 000, 1, 075, 02),
(03, 03, 04, 'la Noche', 'Azul', 'tres puntos', 'AKBAL', 'la Intuición', 'Soñar', 'sueño', 'soñando', 'la Abundancia', 'Abundancia', 'sueña la abundancia', 'Noche Simboliza la Introspección, el Silencio, la Meditación, la Conexión con el Inconsciente, el Pasaje por la Noche del Alma. Enseña que la Abundancia está en nuestro Interior, Reconoce nuestra capacidad Interna de Conectarnos con todo lo que nos es necesario, y que parece oculto (aquello que necesitamos está ahí, esperando ser reconocido por nuestra propia forma de ver). Desde la meditación Desarrolla la Intuición y la Percepción de tipo Femenino.  Es la Casa de los Sueños, el lugar Profundo del Inconsciente donde se esconde la Abundancia, la que está por llegar a la Realidad Externa a través de la concreción de los Sueños Internos. Es una Fuerza Amiga de la Oscuridad porque sabe que hay tres piedras de Luz escondidas para revelarse y superar la Dualidad Planteada por el Viento.', 'Los portadores de este Sello tienen una Vibración que les permite ser Reservados, Introspectivos, Cautelosos, Medidos y tan Intuitivos como Analíticos. Tienden a Ocultar o no poner todas sus Capacidades en Juego, como reservándolas o preservándolas. Tienen la paciencia para esperar la luz del día desde las sombras; y observan desde lo oculto, lo que los lleva a poder ver las Capacidades de los demás a través de sus Intuiciones. Pueden Concretar aquello que deseen con la fuerza de su pensamiento; según su fe en sí mismos, en sus Sueños, resultan Exitosos. Tienen gran Memoria Visual, guardan las imágenes vistas en el día en sus archivos ocultos de la noche (el Inconsciente). Suelen gustar del Campo y de su Silenciosa Soledad; se conectan con la Naturaleza, lo Verde, los Pájaros (como si guardaran dentro un gran Chamán, de los que prefieren el aislamiento para conectarse con el mundo visible y no visible). Como generalmente no recuerdan sus sueños, deberían intentar hacerlo, pues allí tienen información Valiosa, la que viene del Inconsciente, el verdadero Interior.   En Sombra (El estado de conciencia que todavía no es luz y moviliza el aprendizaje personal), los portadores de este sello deben revisar su Negatividad o Pesimismo, su pérdida de Fe, el cerrarse en sí mismos o las actitudes de poca sociabilidad. Su poder Mental de concretar lo que desean es una responsabilidad para no volverse destructivos. Para hallar su adecuada conexión con su Existencia, deben comprender sus eventuales Depresiones, auto-desvalorizaciones e Ideas Suicidas, producto de un Desfasaje entre la Ilusoria Realidad Externa y los llamados Interiores todavía aún no comprendidos. En ese mismo nivel pueden desarrollar Miedos, hacer Surgir Traumas de la Infancia, Angustias, Intranquilidad e Impaciencia. En estos casos, no debería dejar que lo mental, la Racionalidad del hemisferio cerebral izquierdo, boicoteara su natural Intuición.   NOCHE AZUL, te sería conveniente... - Buscar el silencio en medio del ruido cotidiano. - Buscar en tu Inconsciente, en tus Sueños, para encontrar Verdades.  - Valorar la Oscuridad como el camino necesario para esperar la Luz del Día.  - Meditar, del modo o con el método que te sea mas provechoso.  - Conectarte con la Abundancia que está escondida y que te reserva tu parte correspondiente.  - Usar más la Intuición, natural en las mujeres, pero también presente en los varones. - Superar la tentación de usar la oscuridad como un Poder, porque todo camina tarde o temprano hacia la Luz.', 'La Noche te invita a introducirte en la envolvente oscuridad y permanecer ahí sentado en absoluta quietud, en lo profundo de tu interior podrás descubrir los dones, tu potencial, allí todos tus sueños e ideas existen. Entra en tus sueños donde todo es posible, aprende a utilizarlos, donde no hay diferencia entre el entonces y el ahora, lo que tú crees y tienes esperanza de, crea tu campo personal de ensueños. Permite traer desde tu interior a tu realidad los elementos que crearán la realización y entereza que hay en ti. Presta especial atención a los sueños, te esperan potentes tesoros en ellos, atrévete a darles forma dentro de ti a tus deseos y anhelos para que cobren vida, para que puedas manifestarlos en tu realidad. Si sientes en tu vida que estás limitado por algún proceso interno o algún problema específico, en lugar de resistirte, ve hacia tu interior, \'abraza\' lo que te esté pasando, examina tus creencias y piensa si es tan fuerte o grave lo que te está pasando, quizá te juzgas demasiado o te sientes aislado. Recuerda que las creencias que están listas para ser transformadas se acercan a ti a través del camino de las sombras. Estate dispuesto a penetrar en lo desconocido, penetra bien hondo, busca en la aparente oscuridad, ve en busca de los tesoros y dones que allí puedes encontrar, es probable que te topes con grandes potenciales para el logro de tu crecimiento. LO QUE TIENES QUE APRENDER: Prepárate para examinar cómo te juzgas y evalúas tú mismo. Abraza y sigue tu proceso interior para aprender y tomar tus regalos. AFIRMACIÓN: \'Yo peregrino en lo profundo, hacia el santuario de mi mismo, para obtener los regalos que me están esperando allí\' ', 'Conexión con el incosnciente (individual y colectivo), Abundancia (material o espiritual), Noche del alma, velo de la verdad, Casa del Sol (donde se pone y muere), caverna del inconsciente, Triangulo superador de las dualidades, sueño, poder de los sueños, proyección de los sueños en la realidad, Ensoñason, lo desconocido, lugar de los misterios, luz escondida, poder de las tres piedras de luz ocultas, manifestación de lo oculto, fuerza femenina humana, intuición espiritual, meditación, introspección, silencio, recogimiento, soledad, profundidad, psicología, parapsicología, hechicería, genitales femeninos, corazón y órganos internos. ', 'Negativo, Irrealidad, Perdida de Fe, Incomprensivo, Suicidas, Pesimista, Mala Conexión, Incrédulo, Encerrado en si, Traumado, Destructivo, Impaciente, No se Entiende, Poco Sociable, Angustias, Depresiones', 1, 'Casa, Tinieblas Circundantes, Noche, Cuerpo, Lugar de Misterio, Corazón y órganos Internos.', 1, 'Las Formas encuentran Envoltura', 3, 'El Modelo Morfogenético Recibe la Consagración.', 'la Noche Azul', 3, 'inicia la abundancia', 'la tribu de la noche azul inicia la abundancia', 1, 'transforma la entrada del espíritu', 'la tribu de la noche azul transforma la entrada del espíritu en abundancia.', 'el Fuego Señal', 3, 1, 'protege el fuego', 'la tribu de la noche azul protege el fuego como el poder de la abundancia', 16, '3,15,7,19,11', 13, 18, 1, 'protege la entrada galáctica', 07, ' la tribu de la noche protege la entrada galáctica como abundancia', 4, 2, 030, 1, 120, 03),
(04, 04, 05, 'la Semilla', 'Amarilla', 'cuatro puntos', 'KAN', 'la Atención', 'Atinar', 'atino', 'atinando', 'el Florecimiento', 'Florecimiento', 'atina el florecimiento', 'Semilla hace referencia a la Capacidad humana de Madurar y Florecer, es decir, de Crecer en su Personalidad para Recoger luego, en el momento adecuado, los Frutos de tu labor. Simbólicamente, la Tierra representa los pensamientos, y la idea o Intención está en la Semilla. Toda la Información, todas las Posibilidades toda la Esperanza está Contenida en ella. Solo es Cuestión de Fe: Al tener la Semilla en la mano, el poder ver ya el Árbol crecido y aprovechar ya mismo la frescura de su sombra, sus Frutos, el Canto de sus Aves. Solo es cuestión de Percepción (cómo ver las cosas) saber reconocer cuándo es el momento de Romper la Estructura Rígida Externa, la Coraza Protectora, y que la Información Salga a la Luz.  La Semilla Representa el momento oportuno para que podamos expresar aquello que sabemos o necesitamos sacar para ir rompiendo las estructuras que nos limitan y no nos permiten madurar y florecer.', 'Los Portadores de este Sello se muestran como personas buscadoras de Verdades trascendentales y del Fondo de la cuestión. Son muy consultados por otros por ser los “Brujos”, los muy Intuitivos, los de Natural Espiritualidad. Se Manifiestan como Protectores sin Quitar la Libertad del otro. Serviciales, buscan cómo ayudar, en la medida que generan confianza en la otra Persona. Se Organizan, una vez Encontrada y Formada en su Interior o en la realidad concreta una Estructura Adecuada. Siembran en Positivo, con optimismo y esperanza. En general se muestran dulces con el trato y muy sociales, con la capacidad de llevarse armónicamente con todas las Edades. Tras el Cascarón de Autosuficiencia y Autoridad preservan Ternura y Vulnerabilidad. Se les da la Habilidad de Atinar, de Acertar en el Blanco, descubrir la Tierra más propicia para colocar la Semilla de la buena siembra, entendiendo esto como Ocasiones Oportunas o Personas que a su alrededor necesitan ser “Cultivadas”.   En Sombra (el nivel de conciencia que todavía no ha entrado en luz y que les enseña con cada caída) los portadores de este Sello van Experimentando una Incoherencia entre lo que Predican y su Acción Personal, o bien se dan permisos que no aceptan para los Demás. Deben entonces Revisar sus Actitudes de Jueces Lapidarios, de Imposición de sus Propias Reglas del Juego, o de Creerse dueños de la Verdad. Hasta Romper Estructuras (prefieren lo malo conocido, se apegan a viejas creencias, mandatos y Tradiciones). Otras Actitudes, derivadas el Excesivo Celo por lo valioso que Guardan, se Relacionan con la Sobreprotección asfixiante, la Manipulación de los otros para salvar su propia Comodidad o Seguridad. Mientras encuentran el terreno fértil Adecuado, les cuesta “Caer en Tierra y Morir”, y cambian solo por golpes bruscos de la Vida.   SEMILLA AMARILLA, te sugiero...  - Prepararte para romper tu Coreza Externa, porque este es el momento de Germinar y Florecer.  - Buscar el Terreno mas propicio para tu Siembra Personal.  - Aguardar con paciencia y esperanza el fruto de tus esfuerzos, el tiempo de la cosecha.  - Buscar el Equilibrio de tus dos hemisferios cerebrales, señal de tu madurez.  - Hacer Visible lo que está oculto y es necesario para los demás.  - Conjugar tu dureza, adecuada para ciertas circunstancias, con la ternura que se esconde en tu interior.  - Leer o Releer la parábola bíblica del sembrador y la buena Semilla.', 'Este sello o signo te invita a plantar la semilla de alguna intención, proyecto o sueño, la energía de esta semilla te pide receptividad, pues ella puede germinar mejor en un campo de entrega. Recuerda que toda semilla se auto-germina y que los sueños se pueden cumplir, comienza sembrando lo que tu corazón desea, tu vida es la tierra receptiva, planta una semilla en esa tierra fértil, avanza en este viaje que es tu vida, imagina los sueños y tus más profundos anhelos, piensa que ellos pueden ser realidad. Puede existir la posibilidad de que te quedes estático para estar protegido y no ser vulnerable, esto te puede limitar, pensando que puedes quedarte a salvo y resguardado dentro de tu caparazón. Rompe esa coraza formada por auto-conceptos y estructuras que te tienen atado, libérate de las creencias que antes te daban seguridad y trae a tu vida nuevas posibilidades, piensa que en tu vida diaria yacen opciones desconocidas que te llaman, contempla cómo puedes estar limitando tu crecimiento natural. No esperes las condiciones perfectas para plantar tus semillas, ahora es el momento, tú eres la tierra receptiva, tus deseos atraerán en forma natural el apoyo que necesitas, todos tus sueños y deseos yacen dentro de ti esperando ser despertados. Planta tus intenciones, ellas se activarán, te guiarán y manifestarán los misterios dentro de tu interior. LO QUE TIENES QUE APRENDER: Realízate en aquello para lo cual tienes un campo fértil, que tu despertar y tus sueños amplíen tus posibilidades. Libérate de la ilusión de seguridad y entra en la manifestación de tus potencias emergentes. AFIRMACIÓN: \'Yo soy el campo fértil y la semilla auto-germinará en toda su potencia\' ', 'Poder del florecimiento Espiritual, Poder del sagrado 4, (auto)gestación, autogeneración, procreación, reproducción, fertilidad, crecimiento, madurez, buena simiente, tierra fértil, (tiempo de) siembra y cosecha, Frutos esperados, celula iniciadora, todas las posibilidades contenidas, lo potencial, esperanza, acción acertada y precisa, equilibrio de emisferios cerebrales, liderazgo, estructura personal, esquemas mentales, información encapsulada, manejo de lo oculto, esoterismo, autoprotección, escudo personal, coraza externa a quebrar, sexo, poder masculino humano, virilidad, genitales masculinos, esperma. ', 'Incoherente, Tradicionalista, Inaceptable, Sobreprotegido, Mandatario, No permite, Receloso, Juez Lapidario, Imposiciones, Manipulador, Propias Reglas, Mente Dura, Cómodos, se creen Dueños de la Verdad, actúa con segunda intención, Atado a lo Viejo y no Florecen', 1, 'Semilla, Idea, Poder del Crecimiento, Principio Generador, Sexo y Reproducción.', 1, 'La Forma Genera su Propia Semilla', 4, 'El Modelo Morfogenético es Sembrado en los Modelos de la Vida diaria.', 'la Semilla Amarilla', 4, 'inicia el florecimiento', 'la tribu de la semilla amarilla inicia el florecimiento', 1, 'madura la entrada de la abundancia', 'la tribu de la semilla amarilla madura la entrada de la abundancia como florecimiento.', 'el Fuego Portal', 4, 1, 'culmina el fuego', 'la tribu de la semilla amarilla culmina el fuego como el poder del florecimiento', 15, '4,16,8,20,12', 14, 17, 1, 'culmina la entrada galáctica', 06, 'la tribu de la semilla culmina la entrada galáctica como florecimiento', 5, 2, 060, 1, 165, 04),
(05, 05, 06, 'la Serpiente', 'Roja', 'una barra', 'CHICCHAN', 'el Instinto', 'Sobrevivir', 'sobrevivo', 'sobreviviendo', 'la Fuerza Vital', 'Sexo', 'sobrevive la fuerza vital', 'Serpiente es el Animal Sagrado para los Mayas, pues evoca a Kukulkán (Quetzalcóatl para los Aztecas), la Serpiente Emplumada, símbolo de la Elevación Espiritual realizada desde la Materia. Tiene la capacidad de la Supervivencia, a través de la Fuerza Vital, pues el Cuerpo es Energía tanto como el Espíritu, y ambos aspectos solo se diferencian por una mera cuestión de perspectiva, de percepción de la realidad. Desde el autocontrol de su cuerpo la Serpiente busca la Satisfacción y la Vivencia de plena de los Sentidos. Significa Aprendizaje, Constancia, Voluntad, Prudencia. Al Reptar para poder Avanzar, le queda la piel enganchada y va dando nacimiento a una nueva Serpiente con cada muda de Pieles, hasta el día en que en lugar de Escamas crezcan Plumas y se concrete el Vuelo. Serpiente Implica el Éxtasis de lo Sexual para sublimar desde allí lo Espiritual. Ayuda a derribar tabúes sexuales del Ser Humano. Enseña que nada se logra sin Esfuerzo, sin poner el Cuerpo a las cosas, enseña a no Camuflar los Cambios.', 'Los Portadores de este Sello están llamados a Adaptarse a todas las circunstancias gracias a su Flexibilidad Interior. Con Conciencia del Valor de la Vida, la Experimentan con todos los Sentidos, con Placer, con Sensualidad. Esto los Inclina a Cuidar su Cuerpo y a potenciar la Percepción Sensorial desde la Piel, el Abrazo, el Contacto. La Adaptabilidad al Medio les permite ser hábiles en los Negocios, en las Ventas, en las Relaciones Diplomáticas. Su tipo de Inteligencia tiene que ver con una Astucia Intuitiva, del tipo Animal o Físico. Suelen Manifestarse como sensuales y valoradores del Erotismo, cuando superan los tabúes impuestos social o culturalmente. Si se apoyan en lo Material se sienten bien, Seguros, pues perciben un mundo palpable y no abstracto. Su Experiencia Personal, Integrada a su Espíritu, es la que Finalmente los lleva a la Sabiduría que se les Atribuye.   En Sombra (El Lado Oscuro del cual tiene que Aprender para Integrar todo a la Luz), deben revisar sus represiones, su no aceptación o vergüenza relacionada con su Cuerpo o el Punto de Vista Sexual. Mientras no levantan la Cabeza por Encima de la Materialidad, se vuelven eventualmente aferrados al Dinero, posesivos con la Familia y los Amigos, alrededor de los cuales se “enroscan”. En ese Sentido tienden más a querer que a Amar, desarrollan Celos, incluso del tipo rencoroso o “venenoso”. Hasta que aprenden a ser Flexibles, o bien se vuelven rígidos ante las circunstancias o bien terminan siendo obsecuentes ante las influencias externas.  SERPIENTE ROJA, te aconsejo...  - Cuidar tu cuerpo físico tanto como tus cuerpos sutiles.  -Valorar tu instinto, que desde lo mas animal de tu ser te lleva a niveles más elevados.  -Hacer uso adecuado pero sin tabúes de tu sexualidad, según tu aprendizaje en esta vida.  -Buscar Flexibilidad ante las circunstancias externas, en lugar de Rigidez o de Obsecuencia (ser Sumiso ante todo).  -Mirar siempre hacia lo alto aunque te sientas arrastrar por los niveles más terrenales de tu existencia.  -Valorar tu experiencia como el mayor tesoro para forjar tu sabiduría personal.  -Animarte a cambiar tus pieles, porque solo así se llega a la tan ansiada trasmutación (de escamas en plumas...).', 'La serpiente es la fuerza vital que te anima a actuar intuitivamente en cada instante, deja que tus sentidos te den las soluciones a tus problemas, escucha lo que te dice tu cuerpo, crea una relación con él que te liberará de la atadura de viejos patrones. Este signo te trae esta fuerza vital para ayudarte en tus procesos de purificación, escucha lo que tu cuerpo te enseña, usa tu pasión para dejar salir tu creatividad. Presta atención a los mensajes que tu intuición y tu cuerpo te brindan, en ellos está el camino que debes transitar, qué hacer en determinadas situaciones. Siente que con tu sexualidad y con la intimidad se despiertan tu vitalidad y la pasión por la vida, trata de no ver tu existencia como algo aburrido, examina tus rutinas y comportamientos, intenta sentir nuevos patrones que te traerán más espontaneidad y emoción. Trata de no prestar tanta atención a cómo luce tu cuerpo y cómo lo ven los demás, utilízalo como herramienta y guía para tu transformación, explora tus sentidos, sensaciones y emociones que se despiertan en ti, como un medio para activar una conciencia más elevada. Si integras el flujo natural de la fuerza vital puedes vivenciar el sagrado fuego de la danza de la serpiente dentro de ti, deja que fluya naturalmente, libérate, en la luz del amor siente tu sexualidad e intimidad como la energía que te hará libre, elegir espontáneamente y sentir nuevas soluciones. LO QUE TIENES QUE APRENDER: Usa el cuerpo como una herramienta para tu transformación, aprende a usar tu pasión y los sentidos como medios de acceso y alineamiento a una conciencia superior. Sigue tus instintos para hacer elecciones en el momento.  AFIRMACIÓN: \'Yo disfruto la experiencia del milagro y la vitalidad que tengo en mi cuerpo\' ', 'Serpiente Emplumada, Elevación Espiritual desde la Materia, Cerebro de Reptil, Lo Físico, Preocupación por el cuidado del cuerpo, Poder Vital, Capacidad del crecimiento corpóreo, capacidad de supervivencia, Regeneración Física, La Sexualidad, Tabúes, la Sensualidad, uso de los sentidos, Instintos primarios, la intuición física, inteligencia intuitiva, pasionalidad, aPasionamiento, la experiencia, Sabiduría de lo experimentado en carne propia, poner el cuerpo a las cosas, conocer por el tacto, cambiar de pieles, trasmutación progresiva o cíclica, encarnación, evolución humana, capacidad para Comerciar, astucia, energía kundalini, Flexibilidad, Adaptabilidad, interacción con el entorno, búsqueda del cielo, búsqueda del cielo, búsqueda del centro para los extremos.', 'Represiones, Celosos, Vergüenzas, Venenosos, Querer noEs Amar, Inadaptado, Rencoroso, Absorbente, Materialista, Posesivos, Sumiso Obsecuente, Tabúes, Obsesiones sexuales, Rígidos, Aferrados, Inhibidos y Enroscados. No se supera, ni tiene limites', 1, 'Serpiente, Sistema Nervioso, Cerebro Reptídico, Integración y Logro de las Funciones Autónomas.', 2, 'La forma entra en el Ser Específico', 5, 'El Modelo Morfogenético se Convierte en un Instinto Secundario.', 'la Serpiente Roja', 1, 'almacena el nacimiento como fuerza vital', 'la tribu de la serpiente roja almacena el nacimiento como fuerza vital', 2, 'inicia el almacén del florecimiento', 'la tribu de la serpiente roja inicia el almacenamiento como poder de fuerza vital.', 'la Sangre Polar', 5, 2, 'genera la sangre', 'la tribu de la serpiente roja genera la sangre como el poder de la fuerza vital', 14, '5,17,9,1,13', 15, 16, 1, 'genera el almacén galáctico', 05, 'la tribu serpiente genera el almacén galáctico como fuerza vital', 1, 1, 060, 1, 075, 05),
(06, 06, 07, 'el Enlazador de Mundos', 'Blanco', 'una barra y un punto', 'CIMI', 'la Oportunidad', 'Igualar', 'igualo', 'igualando', 'la Muerte', 'Muerte', 'iguala a la muerte', 'ENLAZADOR DE MUNDOS conecta Cielo y Tierra, Vida y Muerte. Su nombre en Maya Significa Muerte, y es todo un desafío para las culturas donde esa palabra es sinónimo de Miedo, Tragedia, Pérdida, y Dolor. En realidad este Sello Implica la Conexión con Planos Superiores de Conciencia o con Distintas Dimensiones del Ser; Habla de Sueños y Premoniciones, de Percibir Energías, de Canalizar con Fuerzas Mediumnímica. Pero para Llegar a hacer Fluida esa Conexión propone Superar Miedos y Apegos, Trabajar la Humildad, el Perdón y la Paciencia.', 'Los portadores de este Sello son Capaces de percibir cosas y energías que hay “en el aire”, con una sensibilidad fuera de lo común. Al Tomar conciencia de esas capacidades se ven movilizados a ayudar a los demás y tener lazos relacionales (“mundos” son también las distintas realidades personales, que necesitan un conector de “”puentes” para salvar las distancias). Su trabajo personal implica la superación de Miedos, sobre todo a la Muerte (Real o Simbólica), a la que llegan a ver como la otra cara de la Vida. En el proceso de Purificación que están llamados a hacer, aprenden a dejar ir, a soltar lo que no es esencial; de esa manera se ven Libres de Ataduras y Potencian su Capacidad de conexión Extrasensorial y Extradimensional.   En Sombra (Mientras Trabajan el Exigente Camino hacia la Luz que se les Propone), los portadores de este Sello Tienden a Manejar la Vida de los Otros, a retenerlos con Apegos y Negación de Perdones, hasta que descubren que esa retención solo sirve para Encadenarse a sí mismos, para quitarse la propia Libertad. En esa Línea Pueden tardar en Disfrutar el presente por cargar con el pasado, y retrasan sus Avances hacia Adelante. Al ser Perceptivos de lo Negativo y no Manejarse todavía en Luz, lo Atraen como un Imán, Hasta que su trabajo de Purificación Personal los pone en Condiciones de revertir Dicha Negatividad. Se Aferran a sus Miedos, y pueden caer en adicciones de cualquier tipo, que en todo caso se Resuelven cuando descubren que el verdadero Motor del Apego es el miedo a Superar. Y hasta que no superen todos los miedos no aceptarán las Muertes, los Finales de Etapas, el Dejar lo que ya ha Cumplido su Ciclo.   ENLAZADOR DE MUNDOS BLANCO, te sería útil...  - Revisar constantemente tus apegos y adicciones de cualquier tipo. - Ejercer el Perdón como medio de liberación de tu persona.  - Asumir tus miedos para Vivirlos y Sanarlos en el momento adecuado.  - Animarte a dejar ir lo te es esencial en esta Vida.  - Considerar la Muerte como una Ilusión más, o como la puerta abierta a otra realidad.  - Potenciar adecuadamente tu natural conexión con seres de otras dimensiones o niveles espirituales.  - Reconocerte como un Constructor de puentes entre este mundo y el Más Allá, para el beneficio de los demás.', 'Este signo te invita a atender el llamado de la entrega y a dejar ir las cosas. La entrega es lo opuesto al abandono, es liberarte del deseo de querer controlar las cosas, y dejar ir tus ideas de lo que piensas deberían ser ciertas situaciones. La entrega es liberación, el Enlazador de Mundos te llama para que te liberes de las ataduras de la acción preconcebida, dejar todo como está porque están en su justo lugar. Todo esto te lleva a vivir en forma más inspirada. A iniciar la acción de liberación y entrega, es efectuar una muerte simbólica, entregar las creencias limitadoras. Al podar las partes innecesarias que tienes en ti permites que tu verdadero Ser salga a la luz, y allí en ese vacío que queda con la liberación y entrega, hallarás lugar para nuevas personas, nuevas maneras de ser, nuevas ideas y nuevos rumbos para tu vida. El Enlazador de Mundos te pide además, que perdones, a ti y a los demás, siente el bálsamo de perdonar, el aferrarte a pasados esquemas y quejas sólo te limita las posibilidades. Cuando te encuentres molesto o negando algún proceso doloroso disponte a abrazar la muerte simbólica, ella te llevará a una verdadera transformación. Si llegas a encontrarte en procesos de divorcio, pérdidas, separación, piensa que estas experiencias dolorosas te pueden liberar de apegos y expectativas, permite que tus cargas se alivien con el dulce perdón, siente que siempre en algún lugar existe alguien que te puede consolar y ayudar. Deja atrás el deseo de querer controlar las cosas y que el miedo se aleje de tu vida, los temores los puedes expresar en desequilibrios físicos, mente o ser emocional, o también con una exagerada atención a tu cuerpo, salud, dinero o actividades adictivas. La transformación te la trae este signo, el Enlazador de Mundos, con la entrega, liberación y perdón, los viejos esquemas pueden cambiarse y dar en forma mágica la mano que te muestra un nuevo camino. LO QUE TIENES QUE APREDER: Dejar de lado el patrón de la perfección. Escuchar la otra parte tuya que te está llamando para la transformación de ti mismo. Recibe tu promesa. AFIRMACIÓN: \'Yo decido, yo realizo, yo me entrego, yo perdono\' ', 'Poder de la Muerte, Manifestación o Anuncio de la Muerte, Conexión con el mas allá, poder sobre la muerte, Reencarnación, comprensión de la inmortalidad, simultaneidad o confluencia de la vida y muerte, integración de la vida y muerte, puerta dimensional, multidimensionalidad, columna mística, comunicación con dimensiones superiores, mediumnidad, paciencia, perdón, humildad, trabajo de superación de los miedos, alineamiento del ego con el yo superior, desapegos, purificación o depuración personal, dejar ir lo que no es esencial, muertes simbólicas, muerte mística del iniciado esotérico, fines de etapa, trabajo con las adicciones personales, auto sacrificio, conexión entre las personas, conciencia de comunidad, fuerza liberadora, igualdad social.', 'Controlador, Anclado en lo Malo, Apegado, No perdona, Miedoso, Atrae Negatividad, Maneja todo, Pesimistas, Encadenado, Adicciones, No Disfruta, No Acepta el Fin, Todo no, Carga el peso Ajeno, no hace cortes, Retrasa el avance de los demás y el propio', 1, 'Muerte, Revelación, Comprensión de la Mortalidad del Cuerpo Físico.', 2, 'El Ser Específico conoce y trasciende la Muerte', 6, 'El Modelo Morfogenético Proporciona la Base de la Revelación.', 'el Enlazador de Mundos Blanco', 2, 'almacena el espíritu como muerte', 'la tribu del enlazador de mundos blanco almacena el espíritu como muerte', 2, 'refina el almacén de la fuerza vital', 'la tribu del enlazador de mundo blanco refina el almacenamiento de la fuerza vital como muerte.', 'la Sangre Cardinal', 1, 2, 'transmite la sangre', 'la tribu del enlazador blanco transmite la sangre como el poder de la muerte.', 13, '06,18,10,2,14', 16, 15, 1, 'transmite el almacén galáctico', 04, 'la tribu del enlazador de mundos transmite el almacén galáctico como muerte', 2, 1, 030, 1, 120, 06),
(07, 07, 08, 'la Mano', 'Azul', 'una barra y dos puntos', 'MANIK', 'la Curación', 'Conocer', 'conozco', 'conociendo', 'la Realización', 'Realización', 'conoce la realización', 'Mano Representa Sanación, la Realización y el Conocimiento.  Es la Energía que abre puertas, es la Actitud Personal de Apertura mística, que permite Alcanzar lo que todavía no se percibe como Real. Implica una Gran Habilidad Manual, y la Utilización del Tacto (la Imposición de Manos, el Apretón Cálido, las Caricias) para Conocer el Interior de los Otros y conectarse con su esencia.  Enseña que no Necesitamos depender de Herramientas Externas, porque ya Somos Instrumentos Divinos.', 'Los portadores de Este Sello están dispuestos a la Ayuda, la Solidaridad y el Servicio; pues son la Mano Tendida al Prójimo, al Igual, al Compañero de Viaje, al Hermano de la Gran Familia Humana. La Luz de sus Logros y Concreciones les Ofrece la Oportunidad de Fomentar una alta Autoestima, fundamentada en la Creatividad y Laboriosidad. En Función de sí mismos, y Particularmente con los demás, Actúan como Portales Energético Canalizadores para la Sanación, por lo cual Resultan Excelentes Médicos, Enfermeros o Curadores; en particular pueden Manifestarse como Madres que Sanan con el Solo Contacto de sus manos, su Caricia Poderosa. Son los que Abren las Puertas a las distintas posibilidades, dan a los otros la oportunidad de Hacer o Conseguir algo Necesario para su Aprendizaje. En General Suelen ser Hábiles manejadores de todo tipo de Herramientas, Creativos con sus Manos.    En Sombra (el Nivel de Conciencia que espera llegar a la Luz), se ven sacudiendo y lastimando a los demás, se vuelven Autoritarios, Arrebatan Cosas; porque no comprenden todavía que esa Mano tiene Vocación de Servicio al Otro; que Quitar Acarrea la consecuencia de Perder. Mientras se Enfrentan Consigo Mismos se Autocastigan, se vuelven Rígidos y psicológicamente agresivos. Generan una Sobervia que en Realidad oculta la Poca Valoración de Sí mismos.  La Mano se Cierra en un puño o en un Gesto que detiene el Avance del otro hacia uno, manteniendo una Distancia, Cerrando los Caminos, porque todavía no llegan a ver que ellos son la puerta a abrir.   MANO AZUL, te sería de gran ayuda...  - Reconocer tu Capacidad innata de autosanarte y acompañar la sanación de otros.  -Valorar tus manos como instrumento natural de creatividad (y por qué no, medio para ganarte la vida).  -Concentrarte en tu capacidad de concretar tus proyectos y sueños.  -Descubrirte como una suerte de Instrumento Divino en medio de la realidad Terrena.  -Animarte a imponer las manos, iniciarte en Reiki, o cualquier otro método de canalización de energía.  -Buscar en el Conocimiento la posibilidad de abrir puertas para tu mente y para los demás.   -Aprovechar toda ocasión de ejercer tu solidaridad, tus manos abiertas al prójimo.', 'Este signo te ofrece un portón, puedes pasar por él, ábrete a esta oportunidad, examina lo que hay en tu vida que necesita completarse. La Mano te brinda el poder de la realización y un natural fluir hacia lo nuevo. La Mano también se asocia con la apertura para recibir herramientas espirituales, tienes talentos específicos y dones que reclamar, por medio de estas herramientas se te ofrece una nueva manera de interactuar con los demás y con tu proceso de vida. Ábrete plenamente, te espera una fiesta de dones para satisfacer tus ansias espirituales. Es preciso que estés atento a este portal de iniciación, presta atención a los dilemas o aparentes obstáculos en tu vida, este signo Mano, te ofrece el acceso para destrabar los bloqueos y llegar a tu potencial, tus dones y cualidades. Pasa por el portón que aparece en tu vida. Se puede señalar como una sombra de este signo la dificultad para completar o la tendencia de dejarlo para otro día, es difícil terminar con una cosa si te sientes inadecuado o no te place el resultado de tus esfuerzos. Fíjate si buscas encarar demasiado, si te presionas o te sientes en varias direcciones a la vez. Trata de completar lo que haga falta en tu vida, para ello sería más fácil lograrlo cuando te sientes satisfecho con el resultado o los pasos que estás dando, por ello confía en tu potencial, en tus dones que yacen dentro de ti esperando ser despertados, tienes todas las condiciones para realizar todo lo que deseas en tu vida, sólo debes atreverte y cruzar el portal que te lleva a la concreción de tus anhelos y sueños. Recuerda que tú eres la herramienta, el portal hacia la luz, toma conciencia e incorpora tu natural magnificencia. LO QUE TIENES QUE APRENDER: Ten cuidado de tus resistencias y distracciones, aprende a terminar lo que empiezas, logra satisfacción en cada paso a lo largo del camino, sé consecuente, pon atención y ábrete para que puedas ser ayudado. Que tu experiencia sea una herramienta de luz AFIRMACIÓN: \'Yo completo, abro, soy uno solo con la Luz\' ', 'Poder de (auto)sanación, armonización personal, cura física, apertura mística, Manos tendidas al cielo, Apertura de puertas para acceso a otra realidad, capacidad de concreción, acopio de conocimientos, manos abiertas, solidaridad, cooperacion, altruismo, servicialidad, comprension, capacidad de completar, accion concreta, modelar, trabajo con las manos, habialidad manual, destreza, herramientas, conciencia de uno mismo como herramienta (espiritual y social), perfeccion de un material, trabajo por la paz, autoridad, medico, sanador, curador, enfermero, curandero, masajista, reikista, artesano, artista plástico', 'Sacude, no Valora, Autoritario, Pone Frenos, Arrebatador, No Sirve, Agresiones Verbales Físicas y Psicologicas, Cierran Caminos, AutoCastigos, No Ayuda, Distanciado, Perdedores, Lastiman, Rígidos y Duros', 1, 'Mano, Agarrar, Final, Conocimiento del Poder de Conclusión, Comprensión de lo Finito del Ser Físico.', 2, 'A través de la Destreza se transformar las cosas', 7, 'El Modelo Morfogenético Proporciona la Base del Nuevo Hacer.', 'la Mano Azul', 3, 'almacena la abundancia como realización', 'la tribu de la mano azul almacena la abundancia como realización', 2, 'transforma el almacén de la muerte', 'la tribu de la mano azul transforma el almacenamiento de la muerte en realización.', 'la Sangre Central', 2, 2, 'da energía a la sangre', 'la tribu de la mano azul da energía a la sangre como el poder de la realización.', 12, '07,19,11,3,15', 17, 14, 1, 'da energía al almacén galáctico', 03, 'la tribu de la mano da energía al almacén galáctico como realización', 3, 3, 000, 1, 165, 07);
INSERT INTO `sel` (`ide`, `cod`, `ord`, `nom`, `nom_col`, `nom_cod`, `may`, `car`, `acc`, `acc_per`, `acc_pal`, `pod`, `pod_tel`, `des`, `des_pro`, `des_por`, `des_men`, `des_pal`, `des_som`, `cic_ser`, `cic_ser_des`, `cic_luz`, `cic_luz_des`, `arm_tra`, `arm_tra_des`, `arm`, `arm_raz`, `arm_raz_fun`, `arm_raz_des`, `arm_cel`, `arm_cel_fun`, `arm_cel_des`, `cro`, `cro_fam`, `cro_ele`, `cro_ele_fun`, `cro_ele_des`, `par_ana`, `par_gui`, `par_ant`, `par_ocu`, `res_flu`, `res_flu_des`, `sol_pla`, `sol_pla_des`, `pla_cen`, `pla_hem`, `pla_hem_cod`, `pla_mer`, `pla_mer_cod`, `hum_mer`) VALUES
(08, 08, 09, 'la Estrella', 'Amarilla', 'una barra y tres puntos', 'LAMAT', 'el Arte', 'Embellecer', 'embellezco', 'embelleciendo', 'la Elegancia', 'Arte', 'embellece la elegancia', 'ESTRELLA Representa la Belleza, el Arte, la Creatividad y el Buen Gusto. Estrella es el Lucero que se manifiesta en el cielo Matutino o Vespertino, el Planeta Venus con toda su Carga Energética de Amor y Belleza, una de las Claves Astronómicas y Astrológicas en la Cosmovisión Maya respecto de nuestro propio planeta. A nivel Personal, cada ser Humano tiene la Capacidad de Brillar con Luz Propia, todos como chispas de un mismo Fuego. Al Conectarse con esa Luz Alcanza Armonía, su Vida se Vuelve Arte en el Sentido más Amplio, y ese Estado Personal Mueve Naturalmente a Servir a los Demás, a Guiarlos en las Noches donde se Pierde la Ruta, a compartir esa Conciencia Armónica.', 'Los Portadores de este Sello parecen ser Detallistas por su Natural Esteticismo, y se Manifiestan desde la Armonía Personal como Bondadosos, Serviciales, Graciosos e Inteligentes. Los que lo Conocen los consideran de “Buena Onda”, pues se muestran Esperanzados y Optimista. Son en General Emprendedores de Caminos Espirituales o propensos a aquellos que impliquen poner en juego la Sensibilidad del Espíritu. Se sienten con el Brillo de una Estrella donde sea que estén, y sus estados armónicos se conjugan con una Servicialidad que los lleva a Correr detrás de los más desvalidos y Necesitados, a quienes brindan consejo Guiador y Ayuda Correcta. A nivel Personal, cada ser Humano tiene la Capacidad de Brillar con Luz Propia, todos como chispas de un mismo Fuego. Al Conectarse con esa Luz Alcanza Armonía, su Vida se Vuelve Arte en el Sentido más Amplio, y ese Estado Personal Mueve Naturalmente a Servir a los Demás, a Guiarlos en las Noches donde se Pierde la Ruta, a compartir esa Conciencia Armónica.   En Sombra, el nivel de conciencia en el que todavía no terminan de conectarse con su propia Luz, se vuelven Depresivos y Pesimistas, y Critican y Juzgan a los demás como Proyección de la Visión Negativa de Sí mismos. Pueden Llegar a Transformarse en personas Destructivas con Premeditación y Alevosía pues asumen en sombra el poder de su propia Luz, y proyectan así su temporaria falta de Armonía. En ese Estado Viven por los Otros, en excesiva Dependencia, pues no Comprenden el Valor de Brillar por Sí mismos. Se vuelven personas Angustiadas que esconden Ira y Agresividad, hasta que pueden Canalizar la Desarmonía e ir Creando su propio Espacio de Brillo y Luz. En Estado Eufórico, se creen centro de todo y quieren atraer la Atención de Todos hacia Sí y la propia Voluntad, por temporaria falta de Alineación del Ego con su Ser Superior.   ESTRELLA AMARILLA, te beneficiaría... - Buscar la Armonía en cada aspecto de tu vida.  -Conectarte con el Arte en cualquiera de sus manifestaciones.  -Descubrir la perfecta Belleza de tu Ser. -Entender que no hay Armonía Individual sin servicio a los otros.  -Potenciar tu Capacidad para ser un guía para el camino de los demás.  -Hacer Brillar tu propia luz Personal, en lugar de intentar reflejar la de otros.  -Cuida que a tus gestos no les falte un toque de elegancia y delicadeza.', 'Este signo trae consigo la semilla estelar que contiene tu verdadero destino, tienes en tu interior el \'paquete\' holográfico de tu evolución. Eres la armonía de las estrellas. Presta atención y contémplate con una perspectiva más expansiva, da un salto hacia una manera diferente de ver las cosas, de escucharlas y de ser. Practica en tu vida diaria la armonía y conviértela en la esencia que te conduce en la vida. Usa la intuición, sigue lo que te indica el corazón, deja ir las situaciones que aparentan limitar tu armonía. Se puede indicar que quizás te estés viendo de una manera limitada o intelectual, simplifica, libérate de tus propios enjuiciamientos y una parte criticona, toma conciencia que tus dones y talentos contienen mucha sabiduría, tú eres en este momento la suma total de todo lo que has sido, eres y todo lo que serás. Expresa en forma sencilla esos talentos y dones que has elegido, párate en la plenitud de tu belleza y expresa la armonía que surge de tu interior. Quizás sientes que sólo existe un camino correcto, o que algo te puede traer la iluminación, recuerda que cada maestro tiene una parte del rompecabezas, pero nadie fuera de ti tiene la respuesta. Depende de ti que integres todo lo que aprendiste, debes abrirte a la verdad en todas las enseñanzas para poder tener tu propio camino. Trata de no buscar o esperar la perfección en todo, en ti y en los demás, sólo déjate fluir, siempre todo lo que ocurre es perfecto y tiene un por qué, aún cuando a tus ojos no lo ves así, existen distintas realidades y diferentes maneras de concebir una misma situación. Este signo llega a ti para que descubras y practiques la armonía en todos los aspectos de tu vida, esa armonía es la base, la plataforma de tu cuerpo físico, ábrete plenamente a la luz que te trae la Estrella, logrando así al armonizarte el poder iluminar a todos los que te rodean.  LO QUE TIENES QUE APRENDER: Condúcete con amor para dejar de lado la desarmonía en tu vida. Accede a tu esencia estelar, cultiva y sincronízate en armonía con tu propia plenitud AFIRMACIÓN: \'Yo estoy en plenitud, estoy en armonía con las estrellas\' ', 'Belleza del plano cósmico, armonía, belleza humana, proporción de formas, semilla del cielo, planeta venus o lucero, la octava musical, el cálculo perfecto, elegancia, brillo, chispa de inteligencia, uso de luz personal, expansión de la propia consciencia, comprensión intuitiva de patrones de vida superior, servicio al prójimo, guía para los demás, lo artístico (creativo y estético), vida hecha arte, esteticismo, feng shui, alcanzar las estrellas, altura espiritual, místico, visionario, más allá de lo cotidiano, integración del infinito con la realidad, la mirada al cielo, consciencia de la propia meta, prosperidad, buena estrella.', 'Depresivo, Dependiente, Critico negativo, Angustioso, vive por el otro, Pesimista, No se Luce, Juez critico, Destructivo, Tapa Agresiones, Premeditador, Centro, Esconde Ira, Alevoso, Eufórico, Sin Orden, centro del EGO', 2, 'Estrella, Armonía, La Octava, Comprensión Intuitiva del Modelo de la Vida Suprema, Amor, Estrella - Simiente.', 2, 'La Armonía Surge Uniendo todas las cosas', 8, 'El Modelo Morfogenético es Percibido Como Ley Cósmica.', 'la Estrella Amarilla', 4, 'almacena el florecimiento como elegancia.', 'la tribu de la estrella amarilla almacena el florecimiento como elegancia.', 2, 'madura el almacén de la realización', 'la tribu de la estrella amarilla madura el almacenamiento de la realización en elegancia.', 'la Sangre Señal', 3, 2, 'protege la sangre', 'la tribu de la estrella amarilla protege la sangre como el poder de la elegancia.', 11, '8,20,12,4,16', 18, 13, 1, 'protege el almacén galáctico', 02, 'la tribu de la estrella protege el almacén galáctico como elegancia', 4, 2, 060, 2, 150, 08),
(09, 09, 10, 'la Luna', 'Roja', 'una barra y cuatro puntos', 'MULUC', 'el Flujo', 'Purificar', 'purifico', 'purificando', 'el Agua Universal', 'Purificación', 'purifica el agua universal', 'Luna Representa la Purificación de las Emociones, lo Fluctuante, lo Mutable, los Cambios de Ánimo, y Simboliza el Agua Universal, la Faz Femenina de la Divinidad (La Diosa Mítica). Es el Fluir del Tao, que desde la Preeminencia de lo Femenino (YIN) Moviliza hacia lo Masculino (YANG). Es el Correr de los Ciclos Existenciales y Naturales, su Renovación y su Reinicio Permanente. Permite una mirada hacia lo Vivido, como Memoria donde los Recuerdos vienen a servir de Experiencia en el Aquí y Ahora. Marca el Inicio de la Apertura del Tercer Ojo o Visión del Corazón.', 'Los que de Nacimiento portan este Sello, suelen pasarlo todo primero por las Aguas de la Emotividad; por eso se los suele ver como Sensibles y Románticos, o parecen tener la Impulsividad de las Emociones a Flor de Piel. Con su Natural Percepción notan algo que no les Agrada y de Inmediato lo Manifiestan en el Semblante y hasta en el Organismo. Aprenden a Trasmutar la pura Emotividad en Sentimientos Positivos. En Luz no se traban en los momentos Negativos; todo lo Perdonan, lo dejan Pasar como un Ciclo, y tratan de Volver a la Normalidad, a que las Aguas Reencuentren su Cauce Natural. Deben Manejar la Intuición para aprender a concretar sus Deseos, y a usar los Recuerdos como Evocaciones que traen una Enseñanza al Presente. En todos los casos es notable la Influencia del Agua para los portadores de este Sello, ya sea por la presencia Externa de Agua en los Paisajes o lugares que les toca vivir.    En Sombra, estado de Conciencia donde la Luz todavía no es Plena, Suelen verse como Manipuladores y Caprichosos, aferrados sus Emociones y Ahogados por la Carga de los Recuerdos.  Desarrollan Testarudez y Rencor, son Ciclotímicos, y se Descargan con la Persona Menos Indicada, hasta que Empiezan a Comprender que el Agua, la Emocionalidad, no puede ser Retenida por más Tiempo. Si se dejan ganar por los Nervios y la Impaciencia, lloran innecesariamente ante la primera Contrariedad, con Mucha Agresión Contenida, por razones ajenas a la circunstancia Actual que detona la Descarga Emocional.  Los Varones suelen usar su porción Femenina de manera Desequilibrada, hasta Asumir la Armonía Interna entre las polaridades naturales del Ser Humano.  LUNA ROJA, te haría falta...  -Purificarte de la mera emocionalidad, que obnubila tu comprensión de las cosas.  -Trasmutar tus emociones en sentimientos positivos.  -Descubrir que la Divinidad tiene un poderoso aspecto Femenino.  -Vivir con naturalidad los ciclos de inicio y fin de tu existencia.   -Usar tus recuerdos para darle sentido al Presente, no para quedarte en el pasado.  -Habitar en un lugar donde haya agua que fluya, en la casa o en el paisaje circundante.  -Revisar cuánto y de que calidad es el líquido que tu cuerpo incorpora.', 'Este signo indica que recuerdes tus dones, tu magnificencia, quién eres, por qué viniste, cuál es tu tarea. Tienes un sentido natural para percibir cómo son las cosas, mira a tu alrededor, presta atención a lo que te atrae y te repele fuertemente, contempla tu fuerza y talento. Recuerda tus ensoñaciones infantiles, tus colores favoritos, tus héroes y heroínas, báñate en las aguas del recuerdo, el recordar te da acceso a tu presencia expandida, a tu verdadera esencia, recibe este reconocimiento por haberte acordado. La Luna te pide estar alerta para ver los símbolos y señales que te irán guiando, estas sensaciones te pueden dar respuestas directas a tus problemas actuales. La visión de tu tercer ojo está siendo despertada y expandida. Hazte observador, ábrete a recibir la guía de tu Ser, fíjate en tus intuiciones internas, sueños, colores, aromas y música que te provoquen fuertes sentimientos, estas sencillas indicaciones te pueden conducir a las respuestas que buscas, despierta al intérprete dentro tuyo que decodifica en forma clara tus percepciones para que las entiendas claramente. Presta atención al auto desprecio, el esconder la luz que tienes dentro de ti, no te critiques, quizás esta tendencia puede venir desde niño y siendo herido por las circunstancias, has suprimido tu sensitividad en la vida, Se te invita a que sanes cualquier bloqueo o herida, usa tu sensibilidad para que la luz brille libremente. Deja a un lado el diálogo interno, párate en tu poder activado, mírate en el espejo con el tercer ojo que tiene una visión más amplia, permite que las relaciones con los demás te apoyen en tu expansión. La Luna te invita a valorarte, a no ser víctima de los demás, no te pongas tú solo en esa posición, deja que las emociones surjan de ti desde tu ser interno guiándote con amor para llegar a reflejar tu luz y tu magnificencia.  LO QUE TIENES QUE APRENDER: Corre el velo del olvido, sé guía de despertar y conocimiento, así como abres tu recuerdo recibirás libremente la divina guía, júntate con otros que te alienten en tu expresión más completa. AFIRMACIÓN: \'Como un guía galáctico y recibidor yo tengo acceso directo a la divinidad ', 'Agua como elemento universal, la Diosa, Fuerza YIN superior, Rostro Femenino de Dios, Puerta cosmica, Umbral de consciencia despierta, Emociones, Purificacion de la emocionalidad, (aprendizaje de los) recuerdos, fluir eterno, el Tao, Fluidos, gotas de lluvia, Mareas, contacto y relacion personal el agua, humores del cuerpo humano, ciclos, repeticiones ciclicas, reflejo de la luz divina, apertura del tercer ojo, fantasia o escape de la realidad, mutabilidad, sensibilidad, sentimientos fuertes, area de los afectos, lo familiar, lo psiquico exteriorizado, dejar correr las aguas.', 'Manipulador, Rencoroso, Aferrado, Se descarga con todos, Testarudo, Caprichoso, Ciclotímico, Ahogado en Emoción, Retiene, Gota que Rebalsa, Impaciente, Bipolar, Contiene Agresión, Nerviosismos, Llorón, Inadecuada proporción ', 2, 'Gota de Lluvia, La Semilla Cósmica en la Puerta de la Conciencia Despierta, Principio de Comunicación y Expansión de La Vida Superior.', 3, 'A Través de la Puerta Cósmica la Semilla Creativa es Sembrada', 9, 'El Modelo Morfogenético se Establece Como Principio de Comunicación.', 'la Luna Roja', 1, 'la tribu de la luna roja procesa la fuerza vital como agua universal', 'la tribu de la luna roja procesa la fuerza vital como agua universal', 3, 'inicia el proceso de la elegancia', 'la tribu de la luna roja inicia el proceso como poder del agua universal.', 'la Sangre Portal', 4, 2, 'culmina la sangre', 'la tribu de la luna roja culmina la sangre como el poder del agua universal. ', 10, '9,1,13,5,17', 19, 12, 1, 'culmina el proceso galáctico', 01, 'la tribu de la luna culmina el proceso galáctico como agua universal. ', 5, 2, 060, 2, 105, 09),
(10, 10, 11, 'el Perro', 'Blanco', 'dos barras', 'OC', 'la Lealtad', 'Amar', 'amo', 'amando', 'el Corazón', 'Amor', 'ama el corazón', 'Perro es el Sello central de los 20 y la Suma Energética y Matemática de todos ellos. Simboliza el Amor Universal, Vibración del Todo que se plantea a los humanos como aprendizaje Individual, el más Relevante. Representa Amor Incondicional, la Lealtad hacia uno mismo y hacia los demás, Los Verdaderos Sentimientos, la Domesticación de los Instintos o Desvíos del Ego, el Camino del Corazón, es un Trabajo personal que conecta a cada Individuo con su Prójimo y con el Todo.  Un aprendizaje tal pasa indefectiblemente por la escuela del Amor condicionado, Egoico, Demandante y Emocional para purificarse poco a poco y lograr el Ideal pregonado por los grandes maestros y propuesto por todos los caminos de Luz.', 'Los portadores de este Sello son considerados Fieles y Bondadosos, Gentiles, Protectores, Conservadores de Afectos y Amistades, Incluso reconocidos como buenos Padres y Madres. Es común Declararlos Sinceros, Respetuosos, Serviciales, Bien Intencionados. Cuando logran verse Sentimentalmente Seguros de Sí Mismos, Comienzan a Manejar Adecuadamente el Amor a los Demás y la Confianza. Viven armoniosamente en familia, comprendiendo los espacios de otros sin invadirlos. Son Compañeros ideales porque trabajan muy bien en equipo, donde suelen funcionar como el Corazón. Desde la perspectiva espiritual de las almas en su recorrido kármico por las distintas experiencias, se dice que este “guardián de almas” convoca al grupo kármico, es decir, naturalmente va llamando y agrupando a almas afines que vienen a compartir un determinado aprendizaje. Un aprendizaje tal pasa indefectiblemente por la escuela del Amor condicionado, Egoico, Demandante y Emocional para purificarse poco a poco y lograr el Ideal pregonado por los grandes maestros y propuesto por todos los caminos de Luz.    En Sombra (Mientras el Aprendizaje no se ha completado para vibrar totalmente en Luz), deben revisar la Capacidad de Manipular desde los Sentimientos, la Actitud de Fingir Sufrimiento o manejar la vida de los demás en propio beneficio, Aprender de los Celos y la Posesividad Afectiva.  Mientras están Inseguros de Sí Mismos, pueden cerrarse en la soledad, lejos del grupo, para “roer su propio hueso” o “ponerse rabiosos”.  Su eventual Cinismo es otra Pauta para revisar el propio Corazón y el nivel de Amor hacia el Otro. Mientras Aprenden el Amor Incondicional en la escuela cotidiana del amor condicionado o egoico, Invaden Espacios Ajenos, Experimentan la Infelicidad, hacen de la Amistad y de las relaciones en general un espacio donde prima el intereses personal.   PERRO BLANCO, te propongo...  - Aprender el Amor incondicional en la escuela cotidiana del amor con condiciones.  - Recordar que nunca es mucha la bondad que podamos brindar.  - Revisar las actitudes y manifestaciones que conforman tu compañerismo. - Descubrir la riqueza de tu individualidad en el trabajo en equipo. - Poner más dulzura en cada Gesto y en cada palabra. - Asumirte en tu circulo más íntimo como encargado de reunir las almas afines.', 'Este signo o sello te dice que prestes atención a los compañeros del destino que se te van acercando, compañeros que saben cómo eres en realidad, estate atento para reconocerlos, siente la afinidad que tienes con ellos, deja ir la idea de separación, ellos aparecerán en tu vida para juntos realicen las tareas y las enseñanzas que tiene como destino. Examina las relaciones que tienes con amigos, pareja, compañeros, descubre sus dones y aprendizajes que traen a tu vida. A medida que vas expresando en forma más auténtica quién eres, atraes a tu verdadera familia más y más, con tus guías y compañeros tienes la capacidad de manifestar tus visiones más inspiradas t tus más preciados sueños, tienes la posibilidad de nuevos comienzos, nuevas percepciones, nuevos aliados, nuevos amigos, una gran apertura en tu vida. Presta atención a tus roles obsesivamente repetitivos, el Perro te ofrece la opción de ser testigo en lugar de caer en reacciones emocionales cargadas, el correrte de lugar te hará experimentar una sensación de libertad. Todas las emociones negativas fuertes suelen provenir de heridas y experiencias no resueltas, intenta ver la verdad, recibir las enseñanzas que traen a tu vida, no hay víctimas, es momento de que sanes estas cuestiones y así dejar lugar a percepciones y emociones nuevas.  LO QUE TIENES QUE APRENDER: Accede como testigo a ver desapasionadamente tu drama emocional, libérate de tus experiencias, toma tus emociones fuera del drama y recibe la enseñanza de cuál es la raíz que causa la situación, ábrete a la conexión y la comprensión de tus compañeros de destino AFIRMACIÓN: \'Me abro a los comienzos, recibo a los guardianes y los guías, a mis compañeros del destino\' ', 'Amor universal, aprendizaje del Amor incondicional, sentimientos purificados, fuerza del corazón, cerebro mamífero, domino del egoísmo, bondad, lealtad, fidelidad, nobleza, integridad personal, honestidad, compañerismo, afectividad, dulzura, trabajo en equipo, servicialidad desinteresada, guardián, guía desde el corazón, unificador, fortalecedor, protector, defensor, valiente, convocador de grupos Kármicos, compañero de viajes espirituales, síntesis numérica de los 20 sellos.', ' Manipula el Sentir, Posesivo, Manejador, Apartado, Celoso, Finge lo que Siente, Inseguro, Cínico, Interesados, Celosos, Amor Egoico, Rabiosos, Infieles, Bulling, Egocentrico, Solo piensa en sí mismo, No se pone en el otro lugar', 2, 'Perro, Cerebro de Mamífero, Vida Emocional, Guía y Principio de la Lealtad, Fidelidad que da Fortaleza en el Viaje Espiritual.', 3, 'A Través de la Lealtad y Fidelidad la semilla creativa es Guiada', 10, 'El Modelo Morfogenético se Establece Como Principio Social.', 'el Perro Blanco', 2, 'procesa la muerte como corazón', 'la tribu del perro blanco procesa la muerte como corazón', 3, 'refina el proceso del agua universal', 'la tribu del perro blanco refina el proceso del agua universal como corazón. ', 'la Verdad Polar', 5, 3, 'genera la verdad', 'la tribu del perro blanco genera la verdad como el poder del corazón.', 09, '10,2,14,6,18', 20, 11, 2, 'genera el proceso solar', 01, 'la tribu del perro genera el proceso solar como corazón, poder alfa', 1, 1, 060, 1, 165, 10),
(11, 11, 12, 'el Mono', 'Azul', 'dos barras y un punto', 'CHUEN', 'la Ilusión', 'Jugar', 'juego', 'jugando', 'la Magia', 'Magia', 'juega con la magia', 'Mono nos ayuda a conectarnos con nuestro Niño Interior, que tenemos que autosanar. Representa la Magia, el Juego, la Alegría, la Creatividad. Nos devuelve la Inocencia, para disfrutar la Vida. Enseña a no ser Estricto con uno mismo, a romper con los patrones de la Infancia. Como sabe que la realidad es ilusoria, el Mono ríe y no se deja Atar por Estructuras y Dogmas. ', 'Los portadores de este Sello son reconocidos por su buen humor y sociabilidad; se muestran amenos y divertidos, y viven intensamente como si cada día fuese el último. Están abiertos al Conocimiento, especialmente si acceden jugando. Se muestran Simples, Sencillos, Adaptables, al tiempo que no transigen con formas impuestas (aceptar el punto del otro que puede parecer en contra al propio). Encuentran el lado humorístico de las situaciones dramáticas y muestran la mezcla de picardía e inocencia propia de los niños. Su Inteligencia es la Matemática y su sensibilidad es la Artística. El punto de referencia, desde la infancia o fuera de ella, es la figura de la Madre que se internaliza y que sigue a lo largo de su vida con su juego de reflejos recíprocos, conformando lo que se da en llamar el Niño Interior. Enseña a no ser Estricto con uno mismo, a romper con los patrones de la Infancia. Como sabe que la realidad es ilusoria, el Mono ríe y no se deja Atar por Estructuras y Dogmas.    En Sombra, antes de lograr una conciencia plena de luz, la Desconexión con la natural alegría se manifiesta en eventual mal humor, negatividad, insatisfacción, inconstancia, y hasta aburrimiento.  Las Estructuras aún no disueltas hacen parecer al Mono como muy solemnes, amargados, frustrados, incapaces de disfrutar la vida.  En el otro Extremo, mientras no asumen cuán Ilusoria es la Realidad que los rodea, usan el desenfado o desinhibición para manifestarse indolentes (falto de voluntad), perezosos, excedidos en la Diversión, irrespetuosos.  Su Niño Interior necesita llamar la atención y demandar ayuda, hasta lograr un equilibrio que viene por la vía de la autosanación.   MONO AZUL, podría serte provechoso...  -Tratar de expandir tu natural alegría en cada aspecto de la vida.  -Poner en juego tu natural creatividad, en el arte o en la ciencia.  -Sospechar que la realidad tiene Estructuras Internas que necesitan ser quebradas o renovadas.  -Procurar que tu Niño Interior este sano y armonioso.  -Movilizar las Sombras de tu entorno con tu desenfado y humor.  -Comprender que la realidad es más ilusoria que lo que nos quieren hacer ver.  -Utilizar tu Ingenuidad y Pureza de niño para simplificar la comprensión de las cosas.', 'Al tener este sello se te pide que dejes que la risa llene tu vida, que salga a la luz el niño que vive dentro de ti. El Mono te invita a proceder de manera espontánea e impredecible, observa lo que se libera con esa actitud, te avisa que lo chistoso puede entrar a tu vida y darte vuelta todas las cosas, quizás esto te resulte abrumador o caótico, pero recuerda que en todo existe la perfección, a medida que caen tus murallas se revela lo que eres en realidad, tu verdadera esencia. Introduce en tu vida diaria el humor, la risa, la creatividad, deja de lado lo racional, hazte el juguetón, el payaso, si te encuentras en una situación difícil pon en ella el humor, simplifica, que tu niño interior se muestre ante los otros y deja que baile, dibuje, cante, ría y juegue. Vive tus sueños, siente todo alegre y divertido, camina de nuevo el sendero de la inocencia perdida, sácate las capas de preocupación y reclama tu entereza, reclama la confianza que tienes dentro de tu corazón. Recuerda que como niño divino no tienes nada que hacer ni ser, sino incorporar la sencilla presencia del amor. El Mono te pide que examines a tu niño interno que puede estar herido por reclamos sociales o por tus padres, fíjate si has desarrollado patrones defensivos y reacciones emocionales que te protegen, para la sanación de tu niño expresa lo que surge de ti, los pasos siguientes aparecerán por sí solos. Sé vulnerable, auténtico, di tu verdad y, cuando lo hagas, prepárate para los resultados mágicos y recuerda que el humor y la risa son poderosos sanadores. LO QUE TIENES QUE APRENDER: Ilumínate, habla directamente con tu verdad, sé vulnerable, sensitivo y de corazón abierto, acepta los acontecimientos de la vida con buen humor, realimenta tu sensibilidad dejando ser a tu niño interior. AFIRMACIÓN: \'Soy inocente, corazón abierto, transparente niño divino\' ', 'Niño divino, trasmutador de consciencia, creador de vida superior, punto de pasaje entre etapas evolutivas, factor psicológico del niño interior, maestría interior, romper estructuras, más allá de los dogmatismos, lo extraordinario, capacidad artística, consciencia de la realidad como ilusión, mente matemática, genialidad, alegría, risa, humor, jovialidad, juego, diversión, magia divina, creatividad, danza, inocencia, picardía, gracia, agilidad, desenfado, carencia de pudor, inasible (agarrarse de algo, como una rama), espontaneidad, curiosidad, músico, bailarín, actor, científico, matemático, bufón, imitador.', 'Mal Humor, Aburridos, Insatisfecho, Solemne, Intolerante, Negativos, Estructurados, Inconstante, Amargado, Perezoso, No Disfruta, Demandante, Indolente que no siente, Frustrado, Irrespetuoso, Iluso, no se Vale', 2, 'Mono, Artista, Bufón, Principio de la Co-Creación Inteligente de la Vida Superior.', 3, 'A Través del Arte la Semilla Creativa es Dotada de Poder', 11, 'El Modelo Morfogenético Emerge Como Visión y Como Fuerza Artística Dominante.', 'el Mono Azul', 3, 'procesa la realización como magia', 'la tribu del mono azul procesa la realización como magia', 3, 'transforma el proceso del corazón', 'la tribu del mono azul transforma el proceso del corazón en magia.', 'la Verdad Cardinal', 1, 3, 'transmite la verdad', 'la tribu del mono azul transmite la verdad como el poder de la magia.', 08, '11,3,15,7,19', 01, 10, 2, 'transmite el proceso solar', 02, 'la tribu del mono transmite el proceso solar como magia', 2, 1, 030, 2, 150, 01),
(12, 12, 13, 'el Humano', 'Amarillo', 'dos barras y dos puntos', 'EB', 'la Sabiduría', 'Influenciar', 'influencio', 'influenciando', 'la Libre Voluntad', 'Libre Voluntad', 'influencia la libre voluntad', 'Humano viene a resaltar el valor del libre albedrío o libre voluntad, la toma de conciencia de que todos somos parte de un todo. Simboliza el grial abierto a recibir la sabiduría desde lo Alto. Muestra el Ideal del Ser Humano llevado a su plenitud máxima de Madurez y Conciencia.', 'Los portadores de este Sello manifiestan esta característica tan propia del ser humano, la libre Voluntad, a través de la actitud con la cual tratan de evaluar siempre las cosas, pesando el pro y el contra para realizar sus elecciones correctamente. En Luz suelen mostrar Respeto por la Voluntad de los demás, de la opinión ajena, sin crítica ni competitividad, pues han trabajado en sí la valoración de la propia libertad de pensamiento, elección y expresión. En la misma línea se muestran concientes de sus limitaciones personales, que tratarán de expandir a un punto de no limitación. La Prudencia los lleva a ser reservados pero sin perder optimismo. Su sentido humanitario, su actitud de militantes de la vida los embarca tarde o temprano en Aventuras, Trabajos y Amistades Nuevos. En general se los considera Inteligentes, capaces, responsables, objetivos, rápidos en las soluciones. Tienen un profundo sentido de la justicia u la responsabilidad del trabajo a realizar. Responden a la idea de que el trabajo a nivel planetario es la tarea por la cual los humanos vamos completando la Creación.    En Sombra, mientras buscan la plenitud en Luz, usan su libre albedrio para el juicio, la crítica y la Discriminación, y van a los extremos por defender lo indefendible, pues aún no han aprendido a superar las dualidades. El Camino que lleva a la Asunción de su sabiduría pasa por la cerrazón de mente, el capricho, la imposición de Ideas y Elecciones. En la medida en que fracasan en el vaivén de sus decisiones, pueden tomarse Pesimistas o Mal Pensados. Después de tomar decisiones viven en la duda de si hicieron bien, si no hubiese sido mejor haber tomado los caminos descartados en la elección, hasta que se les revela que ellos mismos son la solución a toda dualidad. Mientras no Resuelven la Valoración del trabajo como dignificación de la presencia humana en el planeta, se resisten respecto de esta actividad humana y entran en conflictos en su mundo laboral.   HUMANO AMARILLO, podría venirte bien...  -Entender que no hay libertad posible sin una conciencia que conozca la verdad.  -Usar con más sabiduría tu libre albedrío.  -Hacerte Cargo de las decisiones que has tomado con Responsabilidad.  -Buscar la Plenitud Humana a la que se está llamando.  -Tomar conciencia de que estamos todos tejidos en una misma red: la humanidad.  -Valorar la dignidad de cualquier trabajo como modo de comprender la Creación.  -Poner en juego tu íntimo sentido de Justicia', 'El Humano te indica que ahora has recibido un cuerno cósmico de abundancia, el Grial que has añorado. Ábrete como el cáliz receptor. Alza tu taza vacía para que te la llenen y se te active la conciencia expandida. Tus circuitos están siendo preparados para la transformación a través de la activación de los dones del espíritu. Aquellos dones sutiles pueden no ser notados en tu afán diario. Afloja la marcha, sé receptivo y no esperes con ansiedad. Aún en estos tiempos difíciles abre tu corazón para recibir. Barre tu programación, tus horarios y, barre bien tu mente. Prepárate para recibir y ser activado por la fuerza y el poder. Tu signo te trae esta activación, limpieza y armonización para pasar a ser un humano plenamente potenciado. Eres un cáliz, una fuente abierta para recibir la resonancia ilimitada del ser expandido. Acepta que tu forma humana es en sí el cáliz de las galaxias en órbita. ¿Estás viendo que tu taza está medio vacía en vez de verla medio llena?, ¿sientes acaso falta de amor, apoyo o dinero?... Si es así, puedes estar viviendo la sombra del Humano. Estos problemas de auto-limitación están surgiendo de tu pasado, para ser saneados. ¿Estás, acaso, proyectando la responsabilidad de tus sentimientos de escasez en otra persona?... Nadie más puede llenar tu taza, tu tienes que nutrirte. Descubre lo que te da alegría y nutrición. Sé receptivo y decide lo que puedes hacer para llenar tu taza, entonces el Universo te llenará naturalmente con lo que tu corazón desea. Otra sombra de este signo es sobrestimar o subestimar el intelecto. Tu signo te pide que te amigues con tu mente. Viejos patrones de confusión y la ansiedad de intentar entender las cosas pueden estar surgiendo en este momento. Si trabajas con tu signo puedes trasformar los circuitos de tu cerebro. Durante la meditación permite que la sensación, metáfora o imagen surja a la superficie para ayudar a cambiar los cables de esta forma fija de ver las cosas. Sé abierto a lo que se te presenta, y tráelo, actívalo en tu vida. Tu mente es algo magnífico, así como su diseño. Vacíate y estate atento para que se te llene con la abundancia ilimitada y la luz.  ¿Te juzgas y evalúas a ti mismo como el de no ser todo lo que se puede ser?. Con amor comprende que eres humano antes que querer trascender la mente-cuerpo y sus emociones, dolores y problemas. Activa y alinea tus sentidos con un intento más mítico. Honra a tu cuerpo como cáliz sagrado de tu Esencia.  LO QUE TIENES QUE APRENDER: Transfórmate en un ser autosuficiente encontrando que te causa placer y te hace feliz. Estate atento a conocer, quédate vacío para que puedas llenarte con la expansión de tu conciencia. Amígate con tu mente, usa tu cuerpo como receptor para frecuencias más altas. AFIRMACIÓN: \'Yo soy el cáliz abierto, soy la feliz expresión de la abundancia del universo\'. ', 'Libre albedrio, voluntad, libertad, capacidad de elegir, plenitud del ser humano, madurez de la evolución humana, sabiduría canalizada, receptividad, cáliz receptivo, santo grial, vasija de gran poder, canalizador de la consciencia divina hacia la consciencia terrena, antena de sintonías, vivencia de la caducidad terrena, conexión entre conciencia humana y planetaria, el azar en la vida, la buena o mala suerte, el trabajo, responsabilidad, sentido de justicia, Factor social, trabajador arduo, cosechador, afrontar las piedras del camino, el que (busca) superar las limitaciones humanas o de la materia, búsqueda del éxito.', 'Criticones, Cabeza Dura, Extremista, Impone lo suyo, No Resuelve, Discrimina, Caprichosos, Defiende lo imposible, Dice que hacer, Dudosos, Pesimista, No Trabaja, Fracasado, Solo sabe mandar, Problemático y Mal Pensado', 2, 'el Ser Humano como Recipiente en el que Penetra la Mente Superior.', 3, 'El Poder Creativo Penetra haciéndose completamente Humano', 12, 'El Modelo Morfogenético es Experimentado Como la Naturaleza Humana Inevitable.', 'el Humano Amarillo', 4, 'procesa la elegancia como libre voluntad', 'la tribu del humano amarillo procesa la elegancia como libre voluntad', 3, 'madura el proceso de la magia', 'la tribu del humano amarillo madura el proceso de la magia como libre voluntad.', 'la Verdad Central', 2, 3, 'da energía a la verdad', 'la tribu del humano amarillo da energía a la verdad como poder de libre voluntad', 07, '12,4,16,8,20', 02, 09, 2, 'da energía al proceso solar', 03, 'la tribu del humano da energía al proceso solar como libre voluntad', 3, 3, 000, 2, 105, 02),
(13, 13, 14, 'el Caminante del Cielo', 'Rojo', 'dos barras y tres puntos', 'BEN', 'la Vigilancia', 'Explorar', 'exploro', 'explorando', 'el Espacio', 'Profecía', 'explora el espacio', 'CAMINANTE DEL CIELO señala el equilibrio entre materia y espíritu, donde se comprende que todo es Energía y que tal diferencia es solo una cuestión de percepción. Es la Caña que está enraizada en tierra y que se eleva vertical hacia el cielo, como puente entre ambas dimensiones, y hueca para llenarse de conocimientos. Y una vez hallada la información en niveles superiores, a la manera de un Ángel Mensajero para compartirla con los demás.', 'Los Portadores de este Sello son Eternos Buscadores, Inquietos, Ávidos de querer saber cosas. Comienzan muchos caminos, que suelen recorrer y profundizar hasta el Fin, o bien que dejan como puerta abierta para futuras exploraciones propias o de los demás. En Luz, Valorada la fuerza del conocimiento y su Capacidad de transformar la conciencia personal, son capaces de desechar cualquier tipo de superficialidad. Se Conectan con todo el Mundo y así surgen posibilidades y oportunidades (en trabajos, amistades, etc.). Aprenden también que nadie es Profeta en su Tierra y que hay que escuchar la voz Interior. Tarde o Temprano Comprenden que solo algo hueco o vacío tiene la capacidad de llenarse con información nueva.    En Sombra, mientras no llegan a la plenitud en Luz, se quedan explorando y navegando sobre el pasado, la infancia o vidas anteriores. Hasta asumir una meta clara, rara vez terminan lo que empiezan, todo lo cual es aprendizaje de la constancia. La Superficialidad y la falta de concentración son atributos del Explorador aún novato. El equilibrio ideal pasa primero por la oscilación entre los extremos: o se preocupan demasiado por las problemáticas económicas y los desafíos de la vida cotidiana, alejados de su condición espiritual; o bien se pierden en misticismos y por dedicarse a temáticas más elevadas se desconectan de sus obligaciones y necesidades personales, hasta que chocan consigo mismos y deben regresar bruscamente a la cotidianidad.  Hasta que comprenden la necesidad de vaciarse para comenzar a llenar la medida de la propia conciencia, ponen la información enciclopédica a la que han accedido como un obstáculo para lo nuevo que todavía tienen que aprender.   CAMINANTE DEL CIELO, te sería conveniente...  -Buscar en todo el Equilibrio Necesario.  -Entender que Materia y Espíritu son manifestaciones de lo mismo: Energía.  -Mantener los pies en la tierra, y la mirada en el cielo.  -Propiciar en tu interior el vacío, necesario para poder llenarte de nuevos conocimientos.  -Fomentar esa actitud innata de querer explorar todo.  -Asumirte como un mensajero que viene a traer información celestial para los terráqueos.  -Conjugar tu respetable preocupación material con tu sincera búsqueda de lo espiritual.', 'El Caminante del Cielo te indica que estés atento a la manera en que te relacionas y ves al mundo. Los viejos puntos de referencia están cambiando. Estate atento a las oportunidades y aperturas. Ten coraje de tomar los riesgos. A medida que creces sientes partes de tus bordes de crecimiento un poco flojos y desconocidos. Predisponte a viajar hacia lo desconocido. En este lugar misterioso, el cambio de punto de referencia crea un salto cuántico. El caminante del cielo recibe el mensaje angelical, descubre los reinos de los viajes interdimensionales. Expande tus puntos de referencia para convertirte en un viajero del tiempo y espacio. Los bordes de tu crecimiento son los que contienen la magia más grande, al explorar estos bordes desarrollas la compresión y la compasión por los demás que, como tu, están usando esta Tierra para vivenciar su crecimiento y evolución. Explora y expándete, recuerda tus alas. Te espera un viaje misterioso, mensajero de la luz, cuando tengas el coraje de entrar en la nueva realidad. Te has embarcado en la búsqueda del equilibrio. ¿Qué es lo que estás sintiendo con esa idea de trasladarte a lo desconocido sin garantía alguna?. Se te pide que explores lo que parece ser territorio desconocido y que te produce miedo, donde tus puntos de referencia se hacen fluidos. Esta parte de tu viaje es como flotar en el espacio sin las restricciones de la gravedad. Puede resultarte raro en el comienzo pero, a medida que te acostumbras, el misterio se hace emocionante y el coraje surge solo, apara enfrentar cada desafío. Recuerda que tu realidad se mantiene debido a tus creencias y esquemas, que se las puede considerar como puntos fijos de referencia. Cuando estos puntos cambian, tu realidad se corre hasta otro punto de encaje. Si te anclas firmemente en tu Ser y estás conectado a la Fuente, tienes el cable que te conducirá a salvo a cualquier destino. Desde esta base puedes explorar los nuevos misterio y trasladarte libremente. Mira tu vida como un viaje sagrado. Accede a tu coraje y siente tu camino a través de cualquier dificultad que parece ser difícil o incómoda. Anímate Caminante, al tener este sello eres tocado por el mensajero angelical que te ofrece fuerza incondicional y coraje para que te lances a lo desconocido. Otra sombra que tiene este signo es la de retirarse del mundo, como un ermita, en reacción a los asuntos que traes por resolver o para cumplir con una necesidad oculta. ¿Acaso pasas una buena parte de tu tiempo sola o en estado meditativo, o artístico, o buscando la fantasía?... ¿Tienes dificultades en manejar las aparentemente ásperas secciones de la vida diaria?. Esto es de lo más natural cuando has sido tocado por frecuencias en expansión. El contraste entre la luz y la vida diaria puede hacerte replegar en vez de salir adelante. La solución es crear el equilibrio entre tus necesidades espirituales y tu diario andar, llenándote de más luz, que se irradiará después desde tu persona, coloreando el mundo con más compasión. Si te sientes aislado, comparte tu amor y luz a través del servicio. Son muchos los que añoran ser tocados por aquellos que han gozado de la luz.  LO QUE TIENES QUE APRENDER: Exploro las etapas de tu crecimiento haciendo cambios. Dirige la luz de coraje y compasión hacia ti mismo y luego irradia a otros. Mira la vida como algo sagrado AFIRMACIÓN: \'Soy el pilar del templo invisible que trae el paraíso a la tierra\' ', 'Conexión Espiritual, (búsqueda de) equilibrio entre cielo y tierra, integración de materia y espíritu, pies en la tierra y mirada en el cielo, puente entre ambos mundos, pilar de cielo y tierra, exploración, caña vacía para llenarse de conocimientos, crecimiento vertical, movimiento en búsqueda de información, mensajero del cielo, ángel que baja a tierra, viajero del espacio y el tiempo, la eterna búsqueda, comienzo de actividades múltiples, actividades simultaneas que suelen no completarse, inquietud por principios sociales, experto popular, preocupación por carencias materiales, idealización, aventuras, aventurero.', 'Aferrado, No se Concentra, Sin Metas, Materialista, Superficial, Anclado al Pasado, Atado a Extremos, Inconstante, Incompleto, Desconectado, Perdido en misticismos, Aferrado información Librito, Despreocupado', 2, 'Caminante de los Cielos, los Pilares de Cielos y de la Tierra, Aspiración de Unir el Cielo y la Tierra, Principio del Crecimiento de la Mente Superior, Caña.', 4, 'Descenso de los Caminantes Celestes', 13, 'Plena Maduración del Modelo Morfogenético Cíclico.', 'el Caminante del Cielo Rojo', 1, 'expresa el agua universal como espacio', 'la tribu del caminante del cielo rojo expresa el agua universal como espacio', 4, 'inicia la salida de la libre voluntad', 'la tribu del caminante del cielo rojo inicia la salida como poder del espacio.', 'la Verdad Señal', 3, 3, 'protege la verdad', 'la tribu del caminante del cielo rojo protege la verdad como el poder del espacio.', 06, '13,5,17,9,1', 03, 08, 2, 'protege la salida solar', 04, 'la tribu del caminante del ciclo protege la salida solar como espacio', 4, 2, 060, 2, 060, 03),
(14, 14, 15, 'el Mago', 'Blanco', 'dos barras y cuatro puntos', 'IX', 'la Receptividad', 'Encantar', 'encanto', 'encantando', 'la Atemporalidad', 'Atemporalidad', 'encanta la atemporalidad', 'MAGO hace referencia simbólica a los sacerdotes jaguares mayas, de poder chamánico. Enseña a trascender el pasado viviendo el Aquí y el Ahora, en sintonía con cada circunstancia presente, con la idea de que el pasado no sirve, ya paso o en realidad no existe, el tampoco el futuro, que es la consecuencia del presente. Trabaja el desarrollo del tercer Ojo como visión interior de sí mismo y que atraviesa la Materia (porque mira desde el corazón) para conocer más a los demás.  Suele no trabajar para el afuera, porque se concentra en lo más profundo de su poder interior, en búsqueda de la Seguridad que la Esencia Interna. No tiene tiempo ni lugar, le late el tiempo en sí mismo y va más allá de la materia.', 'Los portadores de este Sello se muestran con mucha Paz Interior, Carismáticos, Encantadores que hacen encantador el lugar donde están. Cuando aparecen o irrumpen inesperadamente, vienen a mostrarnos algo de nuestra Vida, para luego desaparecer rápido (como por arte de magia). No se preocupan por el tiempo, y se centran en la percepción del Aquí y Ahora, donde y cuando se activa su receptividad Natural y su conexión con otros niveles de conciencia. Son Chamanes naturales, descubridores del poder espiritual que tienen, como un don que viene a ser un tesoro para los demás. Trabaja el desarrollo del tercer Ojo como visión interior de sí mismo y que atraviesa la Materia (porque mira desde el corazón) para conocer más a los demás. Suele no trabajar para el afuera, porque se concentra en lo más profundo de su poder interior, en búsqueda de la Seguridad que la Esencia Interna. No tiene tiempo ni lugar, le late el tiempo en sí mismo y va más allá de la materia.    En Sombra, estado de conciencia donde se va aprendiendo a llegar a la Luz, pueden mostrarse Rebeldes o Empecinados, Enfrentados y Enojados consigo mismos, pues todavía no entienden su propio poder interior. En la misma Línea de Aprendizaje, a veces se muestran autosuficientes para ocultar su miedo o su autodesvaloraciorización. Hasta que aprenden a dominar su encanto natural, pueden volverse muy desconfiados, sin paciencia, o como si fuesen dueños del mundo y del tiempo. Antes de aprender a abrir su tercer ojo manifiestan el síntoma de no poder ver nada de sí mismos. Deben observar que, mientras la negatividad los ciega, manejan inadecuadamente su gran poder espiritual en detrimento de los que están a su lado.   MAGO BLANCO, te sugiero...  - Manejar de Manera Luminosa tu innato poder Espiritual.  -Centrarte en el Aquí y Ahora para tus acciones y decisiones.  -Comprender el pasado como bagaje de información para el presente.  -Enseñar a tu prójimo que nunca es tarde, que siempre hay tiempo.  -Expandir tu mirada interior, la que viene del corazón.  -Usar tu encanto para iluminar la vida de otros, resistiendo la tentación de manipularlos.', 'El Mago te dice que con este signo tienes la magia andando a tu alrededor. Has elegido ser mago de la luz, el jaguar que ve. Expande tu visión para abarcar aún más la magia en tu vida. Tu signo te ofrece la iniciación, y te desafía a que tomes tu varita de sabiduría y hagas uso benéfico de tu voluntad. Con tu presencia las puertas de las dimensiones mágicas se abren. Tu signo te recuerda que te alinearás con lo Divino, y que busques por dentro y no por fuera las respuestas. A través de la mira de la integridad, examina tus acciones y motivaciones. A través del corazón, guía, dirige y alinea tus intenciones. Tienes que pensar con tu corazón. Procede como si llevaras la antorcha de la luz. Déjate mover y danzar en la divina inocencia como canal de la más elevada magia. Asume tu propio poder. Cuando te alineas con lo que te trae alegría, que es lo que expresa tu belleza y poder, tu energía se expande naturalmente para incluir más de lo que eres. Nadie fuera de ti puede darte verdadero poder. Asume tu propio poder dirigiéndote directamente a la situación que tienes delante de ti... Procede con integridad y verás los resultados mágicos. Aquí asoma la sombra de problemas que involucran la integridad, control, poder personal y voluntad. Examina tu enfoque y el uso que haces del poder mental. ¿Cómo estás actualmente manejando estos renglones en tu vida?... Di tu verdad y procede con integridad. Sé honesto contigo mismo, admite y habla con tu sombra y con los demás. ¿Acaso estás entregando tu poder por el hecho de buscar aprobación en los demás?... Entra dentro de la luz de la verdadera magia que se basa en la integridad de saber las cosas a través del corazón. Usa tu voluntad por vía de lo que tu corazón indique. Establece una conexión más clara entre tu personalidad y tu Esencia, que ya es por sí un mago de luz. En la sombra de la capa del mago se encuentran la sensación de competir, y la necesidad de hallar aprobación, reconocimiento y estatus. La capa del verdadero mago se hace transparente para lo Divino. Deja ir tu necesidad de aprobación y de controlar, siente tu verdadero valor; sé como una ventana por donde pasa la luz; ábrete a la posibilidad de que tu vida sea mágica y llena de milagros. LO QUE TIENES QUE APRENDER: Desarrolla una clara conexión con la divina voluntad y tu propia esencia. Sé transparente, inocente, de allí vendrá la magia y a través de tu necesidad de crear. Abre tu corazón al conocimiento y rompe tus límites. AFIRMACIÓN: \'A través del conocimiento del corazón yo estaré naturalmente alineado con la voluntad divina\'. ', 'Señor del tiempo, Atemporalidad, Aquí y Ahora, Manejo del Tiempo Personal, Sacerdote jaguar, Mago portador de la antorcha, compañero de la guia que proteje a los guerreros, Energia Felina, Chaman, Magia Blanca, Obtenedor de los poderes magicos, espiritismo, tercer ojo abierto, vision del corazon, vision que atraviesa la materia, profeta, vidente nocturno, alineacion con la voluntad divina, poder espiritual, manejo del propio poder, progreso de la consciencia individual hasta el nivel mas alto, conocimiento de los ciclos, manejo de las ilusiones, ilusionista, aparicion y desaparicion inesperada, psiquico, sensitivo, sigiloso, encantador, seductor, incitador de los sentidos.', 'Rebelde, Oculta Miedo, Enfrentado a si mismo, Autodesvalorización, No Se Entiende, Empecinado, Incapaz, Enojado con Todo, Desconfiado, No Ve Nada de si, Sin Paciencia, Negativo, Dueño de los Tiempos, Abusa de poder, Manipula, Se pierde en los vicios que encantan su vida', 2, 'El Hechicero, El Jaguar, la Energía del Felino, el Vidente Nocturno, Adquisición de Poderes Mágicos, el Más Alto Nivel en el Desarrollo de la Conciencia Individual.', 4, 'Sabiduría Estelar de los Magos', 14, 'Comienzo de la Trascendencia del Modelo Existente.', 'el Mago Blanco', 2, 'expresa el corazón como atemporalidad', 'la tribu del mago blanco expresa el corazón como atemporalidad', 4, 'refina la salida del espacio', 'la tribu del mago blanco refina la salida del espacio como atemporalidad. ', 'la Verdad Portal', 4, 3, 'culmina la verdad', 'la tribu del mago blanco culmina la verdad como el poder de la atemporalidad.', 05, '14,6,18,10,2', 04, 07, 2, 'culmina la salida solar', 05, 'la tribu del mago culmina la salida solar como la atemporalidad', 5, 1, 060, 2, 015, 04);
INSERT INTO `sel` (`ide`, `cod`, `ord`, `nom`, `nom_col`, `nom_cod`, `may`, `car`, `acc`, `acc_per`, `acc_pal`, `pod`, `pod_tel`, `des`, `des_pro`, `des_por`, `des_men`, `des_pal`, `des_som`, `cic_ser`, `cic_ser_des`, `cic_luz`, `cic_luz_des`, `arm_tra`, `arm_tra_des`, `arm`, `arm_raz`, `arm_raz_fun`, `arm_raz_des`, `arm_cel`, `arm_cel_fun`, `arm_cel_des`, `cro`, `cro_fam`, `cro_ele`, `cro_ele_fun`, `cro_ele_des`, `par_ana`, `par_gui`, `par_ant`, `par_ocu`, `res_flu`, `res_flu_des`, `sol_pla`, `sol_pla_des`, `pla_cen`, `pla_hem`, `pla_hem_cod`, `pla_mer`, `pla_mer_cod`, `hum_mer`) VALUES
(15, 15, 16, 'el Águila', 'Azul', 'tres barras', 'MEN', 'la Mente', 'Crear', 'creo', 'creando', 'la Visión', 'Visión', 'crea la visión', 'AGUILA representa la Función Racional, la Creación de la Mente, la Capacidad de Visión Más Lejos o más allá de lo Evidente. Es imagen del Vuelo Espiritual, de la Imaginación, del Conocimiento Superior, a lo que se llega por la Elevación Personal, que permite una posición privilegiada de Visión global de la Realidad.  Se lo conoce como Servidor Planetario, en la medida que se da a sí mismo y “sube hacia el sol” ayuda a salvar a la humanidad, que se eleva en cada Águila.', 'Los Portadores de este Sello tienden a mostrar capacidad de liderazgo, inspiran respeto y ejercen poder, sobre individuos o incluso sobre grupos. Para llegar allí donde “ponen el ojo” hacen uso de su gran paciencia, de Perspicacia y de una Frialdad mental que parece libre de sentimientos, de hecho, si son protectores de su familia lo hacen generalmente más desde la perspectiva material que la emocional. Suelen actuar motivados por una visión moral de la realidad, con la que se conectan desde el análisis racional. Su seriedad e Independencia les hace tender a la relativa soledad, posición desde la cual pueden ir y volver libremente y con más energía a los grupos humanos de referencia. En lo Personal, elaboran un mundo imaginativo propio, más o menos conectado con la realidad cotidiana, que los libera muchas veces de las ataduras materiales o las exigencias terrenas. En todo caso, su nivel de Luz tiene que ver con la actitud de mantenerse “allá arriba”, con perspectiva superior de las cosas.    En sombra (la posición interior que guarda en potencia a sabiduría del cambio en Luz), los Águila se manifiestan como recelosos de todo, sospechan y no sienten confianza en las cosas. Se muestran muy calculadores con uso excesivo de su racionalidad.  En esta situación les cuesta concretar, y deben cuidar su vuelo para no chocar o alejarse definitivamente de la realidad que no deben perder de vista. Mientras aprenden el Valor de su Visión Privilegiada pasan por el Egocentrismo, el Materialismo, el Autoritarismo o el Duro Juicio a los demás. En el Extremo se tornan “aves de rapiña”, y pierden la visión global de las cosas, la perspectiva privilegiada, por bajar a tierra abandonando su eterno vuelo, muchas veces por creer que deben salvar el mundo, en lugar de salvarse a sí mismos para beneficiar de ese modo a la humanidad.  La manifestación más clara de su sombra está relacionada con el no ver o la visión distorsionada, ya sea en el plano interior como en el físico, síntoma de la mirada interna que aún no obtiene iluminación.   ÁGUILA AZUL, te aconsejo...  -Fomentar en cada situación tu propia elevación personal.  -Hacer uso libre y poderoso de tu innata imaginación.  -Comprender que todo es parte de la mente total, la Mente Divina.  -Asumirte como uno de los Servidores Planetarios que están obrando ahora en el mundo.  -Potenciar tu visión privilegiada de la realidad para comprender, descubrir, supervisar.  -Mantener siempre en lo más alto tu vuelo para no perder la perspectiva Global.  -Entender tu Autoridad natural como un servicio para los que oyen tus órdenes.', 'Este signo significa que traes la esperanza de poder realizar tus más preciados sueños. Te trae también la energía de poder creer en ti mismo y en tus sueños y visiones, no importando cómo lo vean los demás. Tú tienes la visión del águila, así que danza con alegría tu pasar por la Tierra dentro del manto de sonido y luz que surge de tu cristalino centro. Eres parte de la familia global. Despierta y recuerda tu parte, el camino de servicio, las semillas que vas plantando, tu llamado místico y las promesas de estos tiempos mágicos. Sé todo lo que eres, este es el tiempo de las águilas que ahora se reúnen. Tu signo te recuerda que entres poderosamente en tu compromiso como servidor planetario. Tu tarea incluye todo lo que te hace evolucionar y la evolución de la mente global. Tú eres un despertador de los demás, un transformador, quien tiene visión global. Es tu visión tienes compasión por los demás, y tus decisiones están tomadas a la luz de la conciencia global. Pregúntate cómo podrías sentir la compasión hacia ti mismo, hacia la Tierra y hacia los demás. Permite que te guíen hacia ciertos tipos de trabajos, relaciones, lugares donde vivir, y proyectos que beneficiarán a la Tierra y a sus criaturas. Permite que tu espíritu se expanda, vuela con tus alas extendidas y busca la perspectiva planetaria. En tu deseo de intentar un cambio planetario, puede ser que te sientas desanimado o sobrecogido por la actual situación. ¿Acaso estás sintiendo una falta de alegría, esperanza y emoción en tu vida diaria?. Evalúa tu ambiente actual, tu trabajo, relaciones y decisiones, y ve si calzan dentro de tu visión. Explora lo que te trae alegría y satisfacción. Sale del fondo donde te ubicaste. Tú, que ves el mundo con la clara visión del águila, viniste a crear cosas de inigualable belleza, hay un propósito más importante por el cuál estás aquí en este período de transformación. Intenta husmear por los senderos de los sentimientos y las experiencias sincronizadas para hallar las claves de tu camino. Ten esperanza, cree en ti mismo, cree en tu visión. ¿Estas obsesionado o te sientes impulsado?, ¿Acaso tu deseo de servir a los demás te importa mas que el cuidado de ti mismo?, ¿Tienes dificultad en decir que no? ¿Te sientes a veces obsesionado con el rol de \'rescatador\' de los demás?. Los servidores planetarios suelen caer en esta sombra. Adelántate con facilidad hacia el desarrollo del destino que vislumbras. Llena tu taza personal. Al reabastecerte, en realidad abasteces la fuente mayor planetaria. Vive sabiendo que todos somos uno. Como miembros de una misma familia, cuando uno se sana, sanamos a todo el mundo. LO QUE TIENES QUE APRENDER: Aprende a equilibrar el servicio con una alimentación propia, cree en ti mismo, sigue tus propias visiones y sueños. Recuerda el propósito por el cual has venido desde la divina matriz. AFIRMACIÓN: \'Con visión y esperanza yo danzo y canto aquí para el corazón divino\' ', 'Elevación espiritual, vuelo de la mente, el poder de la mente, la mente que crea la realidad, mente superior colectiva, consciencia que se mantiene en un nivel mas alto, cerebro humano, servidor planetario, símbolos de los guerreros muertos en combate, visión global de la realidd, imaginacion, ideales elevados, representante del sol, busqueda del sol, independencia o autonomía, autoridad natural, puntería, compromiso con la sociedad, compasión, visionario, videncia, creer en si mismo, optimismo, critico, exigente, osadia, amplitud de miras, los ojos o la vista.', 'Recelosos, Egocéntrico, se Exede de mente, Autoritario, Alejado de la Realidad, Frio, Calculador, Materialista, Carece Ideas, Duros Juicios, Se fija en los Otros, Perdido, Creído, No Valora, No ve Nada, Aprovecha', 3, 'Águila, Mente Colectiva Superior, Mente y Conciencia Planetaria.', 4, 'Adquisición de la Consciencia Planetaria', 15, 'Los Aspectos Superiores del Modelo Morfogenético Permean el Campo Educativo Total del Ciclo.', 'el Águila Azul', 3, 'expresa la magia como visión', 'la tribu del águila azul expresa la magia como visión', 4, 'transforma la salida de la atemporalidad', 'la tribu del águila azul transforma la salida de la atemporalidad en visión.', 'el Cielo Polar', 5, 4, 'genera el cielo', 'la tribu del águila azul genera el cielo como el poder de la visión', 04, '15,7,19,11,3', 05, 06, 2, 'genera la salida solar', 06, 'la tribu del águila genera la salida solar como visión', 1, 1, 060, 2, 105, 05),
(16, 16, 17, 'el Guerrero', 'Amarillo', 'tres barras y un punto', 'KIB', 'la Intrepidez', 'Cuestionar', 'cuestiono', 'cuestionando', 'la Inteligencia', 'Inteligencia', 'cuestiona la inteligencia', 'Guerrero representa la Inteligencia Divina (no la mera racionalidad humana, sino la iluminada), la canalización hecha para que otros tengan luz. Sus características son la Intrepidez (hacer frente sin temor a una situación de peligro), la audacia (hacer cosas poco comunes sin temer a las dificultades), la Inteligencia Práctica (resolver los problemas de forma rápida y completa), la Capacidad Estratégica. Viene a Trabajar Estrategias para altos objetivos, incluso Heroicos. Es la Imagen Bíblica del Hombre Nuevo “Revestido de la Armadura de Dios”. Enseña a Cuestionar la Realidad (la impuesta como verdadera), a hacer las preguntas pertinentes, que son las vías de apertura para hallar la verdad en las respuestas.', 'Los portadores de este Sello suele ser buenos Organizadores y Administradores de la Energía o la Abundancia. Están llamados a convertirse en Guerreros Espirituales, los que ayudan a que los otros levanten los brazos, maduren y tomen conciencia de lo Divino. Pierden sabiamente la batalla de lo superfluo para poder ganar en lo esencial. Se vuelven cuestionadores para Aprender, y de las respuestas obtenidas y el Razonamiento Iluminado logran aciertos (difícilmente comenten dos veces el mismo error). Plantean discusiones sin Violencia, usan la Astucia Argumental sin ser Desconsiderados con su interlocutor, son Luchadores hasta el Fin en todos los planos. Logran hacer una Alquimia Interior que va elevando su condición humana a una conciencia de mayor Luz. Se dice que son los Líderes Naturales que vendrán a guiar a todos los demás en los tiempos de cambios evolutivos y saltos dimensionales que estamos experimentando.    En Sombra (mientras retardan su iluminación) aprender a Usar su Inteligencia luego de pasar por la Testarudez, después de darse la Cabeza contra la realidad para convencerse.  En el Combate Interno consigo mismos se quedan sin fuerzas y necesitan comenzar de nuevo.  Van Aprendiendo a cuestionar adecuadamente la realidad a través de la actitud de discutir por discutir, en la agresividad verbal, psicológica y hasta física.  Pasar por la excesiva autoexigencia y consecuentemente actitud de exigir a los demás. No tienen límites y pretenden abarcar demasiado, cuando todavía no han resuelto sus miedos dudas. La Cobardía (quizás la excesiva prudencia) es síntoma de la fuerza y el coraje que todavía no se ha asumido como natural y real en ellos.   GUERRERO AMARILLO, te sería útil…  -Usar Adecuadamente tu Inteligencia para el Bien Común -Asumir tu Liderazgo Natural como una Responsabilidad que se te está otorgando.  -Afrontar con Valentía los Desafíos de la Vida.  -Cuestionar todo Aquello que te parece Impuesto falsamente desde afuera.  -Conseguir con tus Preguntas Oportunas las Respuestas Necesarias para comprenderlo todo.  -Revestirte de una armadura divina para librar tu gran combate.  -Llevar todas tus Luchas a una búsqueda de la paz, personal y social.', 'Tu signo te indica que ya eres un viajante dedicado a unir el corazón y la mente en devoción hacia lo divino. Has llegado a ese punto en tu vida en que quieras saber la respuesta a una profunda pregunta. Pregúntate que es lo que verdaderamente deseas en este momento; estas en busca de la raíz de la verdad. Luego reclama la natural habilidad que tienes de comunicarte con la conciencia cósmica. El Guerrero es el que cruza el río con su bote, te está llevando de vuelta a las estrellas y te ofrece su ayuda. Tu signo representa un conducto entre el plano Tierra y lo Divino, un sistema de comunicación con el TODO. Ábrete a recibir este gran regalo, se te están ofreciendo transmisiones por la Gracia, y no requiere esfuerzos de tu parte; sencillamente enfoca tu condición en la ayuda que te dispensa tu signo. Que eche raíces en ti y que florezca. Tu signo te pide también que consideres el tema de confianza, tener confianza en que puedas captar lo que te dice tu espíritu. La confianza es el acceso a ser guiado divinamente. Tienes confianza en que los demás hallen su camino. ¿Tienes confianza en tus propios dones?. A través de la confianza se te ofrece el don de la conexión mística a la conciencia cósmica. Reclámalo como derecho tuyo. Puedes estar dudando de tu conexión con tu Esencia, con tu voz interna. ¿ Acaso estás escuchando el rugir del león y no percibiendo los sutiles susurros que vienen de tu ser interno?. Si sientes inseguridad respecto a tu conexión con tu guía, enfócate a aquel que te cruza el río. Sana y libera tu miedo y duda. Ten confianza en que puedes recibir enseñanza clara desde tu ser interno. Tú sabes bien cuando algo te suena como cierto. Usa este reconocimiento con la situación que tienes por delante. ¿Te estás sintiendo separado de la inteligencia galáctica, o de ser guiado?. Recuerda que la puerta hacia la verdad galáctica no está afuera sino dentro de ti. Ten fe en tu inteligencia mística. Reclama tu derecho a ser guiado momento a momento. Ten confianza en tu voz interna que sabe y siente las señales divinas. Ten confianza en lo que sientes. Ábrete como conducto directo para la recepción de transmisiones cósmicas. Practica la meditación para fortalecer la conexión con el espíritu. Sintonízate cuando estás sintiendo fuertes sensaciones, y el Espíritu te conducirá a tener nuevamente confianza en tu propia intuición cósmica. LO QUE TIENES QUE APRENDER: Establece tu divina conexión, sé un directo conductor para el espíritu, confía en tu inteligencia mística, sintonízate con los signos claros desde tu guía interior. AFIRMACIÓN: \'Yo encuentro mi poderosa personalidad\' ', 'Guerrero de la paz, guerrero del arcoíris, pilar de la comunidad, comunicador divino, habilidad de contactar y comunicar con la consciencia galáctica, inteligencia iluminada, dispensador de fuego, bastón del sabio, hombre nuevo revestido de la armadura de dios, madurez de la humanidad, larga vida, valentía, superación de todos los miedos, liderazgo natural, capacidad de armonizar las masas, heroísmo, virtudes, capacidad de cuestionar la realidad, el que pregunta, lucha, confrontación, manejo de los conflictos, vida metódica o disciplinada, persona confiable, realista, pragmático, estratega y estrategias.', 'Testarudo, No hace Caso, No se Convence, Discutidor, Lleva la Contra, Se da golpes, Invade, Excesivos, Dudosos, Sin Limites, Lucha Interior proyectada, Miedoso, Exige, Cobarde, Quiere Abarcar todo, Emperador', 3, 'Fuerza Cósmica, Facultad de Tener Contacto y Comunicarse con la Conciencia Galáctica.', 4, 'Encarnación como la Fuerza Cósmica y Reunión con ella', 16, 'Comienza a Sentirse el Impulso Galáctico hacia un Nuevo Ciclo.', 'el Guerrro Amarillo', 4, 'expresa la libre voluntad como inteligencia', 'la tribu del guerrero amarillo expresa la libre voluntad como inteligencia', 4, 'madura la salida de la visión', 'la tribu del guerrero amarillo madura la salida de visión en inteligencia.', 'el Cielo Cardinal', 1, 4, 'transmite el cielo', 'la tribu del guerrero amarillo transmite el cielo como el poder de la inteligencia', 03, '16,8,20,12,4', 06, 05, 2, 'transmite la salida solar', 07, 'la tribu del guerrero transmite la salida solar como inteligencia', 2, 1, 030, 2, 060, 06),
(17, 17, 18, 'la Tierra', 'Roja', 'tres barras y dos puntos', 'KABAN', 'la Sincronía', 'Evolucionar', 'evoluciono', 'evolucionando', 'la Navegación', 'Navegación', 'evoluciona la navegación', 'Tierra Representa la evolución del planeta, la naturaleza que debe ser cuidada desde una ecología que parte de una conciencia planetaria. Esa Evolución abarca toda la creación y en especial a los humanos, que piloteamos la enorme nave que es nuestro mundo hacia un nivel superior. Concentra el poder del chamanismo, con un llamado a conectarse con todo lo natural, a comunicarse con los animales y las plantas. En un Nivel Simbólico muy alto, es la fuerza receptiva de la tierra en contraposición a la del cielo (Yin y Yang respectivamente, desde la perspectiva oriental), la divinidad de la tierra, la Pachamama de los Incas, la Virgen que se une al espíritu santo.Nos habla también de las sincronías o aparentes coincidencias, las energías que confluyen hacia un mismo punto, las conexiones superiores que tejen a las personas en la trama de la existencia tanto física como espiritual, la comunicación telepática. Se relaciona, por otra parte, con los viajes, el movimiento hacia realidades distintas que van marcando el camino progresivo de una evolución.', 'Los portadores de este Sello suelen ser correctas, respetuosas del espacio de los otros, pero libres e independientes. Aman la naturaleza, el campo, la lluvia, los pájaros, las plantas; encuentran respuestas a lo cotidiano en la naturaleza. Su intuición va de la mano de la capacidad sincrónica o telepática, que en ocasiones les permite traer al ahora visiones de lo que muy probablemente esté por venir. En ese sentido, parecen estar moviéndose desde aquí a un nivel que está siempre más allá. Una clave de sus vidas está es los viajes (mejor todavía si los hacen solos), donde movilizan la energía de un lugar hacia otro para luego traer de vuelta energías renovadoras. La Sincronía en el tiempo les otorga la capacidad de hacerse entender por la gente de distintas edades. Experimentan frecuentemente los encuentros “casuales”, una de las manifestaciones más comunes de la sincronía.    En Sombra, mientras se van abriendo hacia la Luz, conocen la Lenta Evolución Personal en la dificultad de entenderse a sí mismos, y se observan en constante desequilibrio o desarmonía. Aprenden a Sincronizarse después de manifestar falta de seguridad, la disconformidad con el mundo interior o con el entorno.  La inmovilidad y la obcecación (Dificultad que impide a una persona razonar las cosas o darse cuenta de ellas.), la eventual desconexión con la naturaleza, son puntos de partida para el Movimiento y el Desarrollo que aún están por llegar, para despertar su íntima relación con la conciencia planetaria.  La compulsión por viajar, moverse, mudar de casa, tarde o temprano deberá dejar lugar a un estado de conciencia donde descubran el verdadero sentido de los viajes y el continuo movimiento que reorganiza las energías del mundo.   TIERRA ROJA, te aconseja…  -Unir tu conciencia humana con la del planeta todo -Viajar y Conocer tu gran Casa, Nuestra Tierra  -Abrirte a Experimentar cada vez más Sincronías.  - Potenciar tu natural Telepatía  -Entender que estás en el Mundo para evolucionar con los demás -Revisar Constantemente tu conciencia ecológica.', 'Este signo Tierra indica que se debe centrar la percepción en el centro de uno mismo. Los dones de la Tierra te están siendo disponibles. Céntrate en este momento y abrirás la puerta de la sabiduría, los tiempos y las habilidades. De ahí pasas a un espacio que te permite ver y proceder en forma más clara. Abre el canal central de tu ser. Echa raíces donde ahora te hallas para recibir los muchos dones en el momento actual. Ubícate en relación con las energías de la tierra, como un chaman se sentaría en el bosque. Toma tu tiempo para escuchar la información que te trasmiten a través de tus pies. Que tu andar te lleve dentro de la vida. Halla y haz lo que te dé alegría. Desde este lugar de centralización nacen cosas mágicas y abundan las sincronicidades, ayudándote a tener acceso a las claves de este rompecabezas cósmico. Tu signo te ofrece una percepción de la energía y sincronicidad. Observa los sutiles esquemas nuevos que emergen, pues te ofrecen tus deseos más apreciados. Recuerda que las aparentes sin cronicidades y coincidencias son los puntos de iluminación en el tapiz de la magia. Estate atento a estas sincronicidades y fuertes sensaciones, como claves de un propósito más grande. Aprende a observar y digerir los datos y sensaciones hasta que las conclusiones surjan naturalmente. Estate alerta cuando se desarrollan sinergias naturales con otras de similar intento. Recuerda que tienes la tierra dentro de ti. Tú eres la familia global, el cuidador del jardín terrenal. Los de este signo en su bien intencionado deseo de hallar su significado y propósito de las cosas, tienden a sobreinterpretar o llegar a conclusiones. ¿Te has encontrado perdido en tu mente, coloreando o adaptando la información para que se ajuste a tus conceptos mentales?. Esto puede estar limitando el significado. Deja que el significado del \'cuadro\' emerja en forma natural a cada pincelada. Aprende a ser un atento observador de los sentimientos. Estate atento a cómo sobreinterpretas ciertos signos, símbolos, sueños y visiones. Presta atención a todo dato sensorial que se pueda aplicar al cuadro mayor. Luego deja que \'el paisaje\' tome forma naturalmente. ¿En tu vida diaria te enfocas a menudo en el pasado o en el futuro?. ¿Te es difícil estar en el presente?. La parte más grande del patrón de tu vida va tomando forma en el AHORA. Lo que tienes que hacer es sólo mantener la clara intención de vivir en el presente. Tu Esencia sabe muy bien cuando es el momento de desarrollarse. LO QUE TIENES QUE APRENDER: Concéntrate en este momento presente, observa sin sacar conclusiones, deja que la amplia matriz emerja. Recuerda tu elección de venir a la tierra con la única misión de transformación. AFIRMACIÓN: \'Yo estoy alineado con mi centro, la fuerza de la tierra me alinea con la fuerza cósmica\' ', 'Movimiento Perpetuo, conciencia planetaria, la naturaleza, comunion con lo natural, nuestro planeta tierra, guardian de la tierra, punto central, las fuerzas teluricas y sus movimientos, alineador galactico, alineamiento de las fuerzas planetarias, sincronias, sincronizar, poder de la sincronizacion inteligente, manejo de las aparentes coincidencias, interpretar las claves, uso de la telepatia, empatia con animales, ecologia, chamanismo, viajes, mudanzas, capacidad evolutiva, capacidad de movimiento y cambio, progreso, desarrollo y desenvolvimiento, destino impresiso, sanacion con gemas y cristales.', 'Lento Crecimiento, Disconforme, Obsecado, Desequilibrio, NO se Sincroniza, Inmovilidad, No Comprende, Inseguro, Desconectado, No Reorganiza, Inconciente Planetario, No sabe Adaptarse, Viaja de mas, no crece, Ni se desarrolla, Quedados y Compulsivos', 3, 'Tierra, Fuerza Terrestre, Sincronicidad, Poder de Sincronización Inteligente.', 5, 'Alineación con la Fuerza Planetaria', 17, 'El Modelo Morfogenético Alcanza el Clímax del Poder.', 'la Tierra Roja', 1, 'auto-regula el espacio como navegación', 'la tribu de la tierra roja auto-regula el espacio como navegación', 5, 'inicia la matriz de la inteligencia', 'la tribu de la tierra roja inicia la matriz como poder de navegación. ', 'el Cielo Central', 2, 4, 'da energía al cielo', 'la tribu de la tierra roja da energía al cielo como el poder de la navegación.', 02, '17,9,1,13,5', 07, 04, 2, 'da energía a la matriz solar', 08, 'la tribu de la tierra da energía a la matriz solar como navegación', 3, 3, 000, 2, 015, 07),
(18, 18, 19, 'el Espejo', 'Blanco', 'tres barras y tres puntos', 'ETZNAB', 'el Orden', 'Reflejar', 'reflejo', 'reflejando', 'el Sin-Fín', 'Meditación', 'refleja el sin fín', 'Espejo, entre los veinte Sellos solares, es quizás el más notable de todos, dado que él resume las otras energías y en el Confluyen los Aprendizajes hechos por los demás sellos de su Raza, la Blanca (color que señala a su vez la suma de toda Luz). En efecto es el sello que más detalla en las descripciones o que más significaciones simbólicas ofrece. En ese sentido, puede verse en su diseño la estilización de una pirámide escalonada vista desde arriba; el espejo nos invita a subir cada peldaño y llegar a la cúspide, donde hay un altar de sacrificio y sobre él un cuchillo de pedernal (ETZNAB en maya), allí descubrimos que estamos revestidos de sacerdotes, pero falta la víctima propiciatoria: es que sobre el altar somos llamados a sacrificar el propio ego. El ESPEJO habla de Reflejos, los de las imágenes de los demás, de quienes podemos aprender experiencia de caídas y aciertos, o los generados por nuestros defectos o virtudes, que encontramos en aquello que detestamos o en lo que amamos, hasta descubrir que no son más que la proyección en los demás de nuestro propio interior. De allí que el espejo quiere prevenirnos de los espejismos, las ilusiones que nos hacemos acerca de nuestra realidad o condición. Él está allí delante, para vernos con claridad, conocernos en la justa medida. El Espejo es una Luz, es Transparencia para ver la realidad sin sombras, para poder discernir y juzgar en la medida precisa. Más todavía: es una espada de Luz, para cortar las tinieblas, para cortar por lo sano en situaciones críticas. Es diseño de su glifo nos habla también de un rompecabezas que hay que armar, de imágenes que están para ser ordenadas, porque el espejo asimismo nos señala el orden universal, la íntima conexión de todas las cosas que se integran perfectamente en un cosmos. En cuanto a lo que Sintetiza de los otros sellos de su misma raza, como el VIENTO BLANCO plantea las polaridades o dualidades de la existencia, para resolverlas en la comprensión de que uno y su reflejo no son más que las imágenes repetidas de una unidad en la que ambas se integran complementándose, al tiempo que la inmortalidad de ese Sello queda representada la idea del Sin Fin del Espejo. Como el ENLAZADOR DE MUNDOS BLANCO, nos indica el modo de superar el Ego, pues al vernos tal cual somos encontramos el camino de la humildad, y podemos cortar con las falsas ataduras de la realidad. Como el PERRO BLANCO, nos permite reconocer en el otro una imagen de nosotros mismos, para amarlo sin Condiciones porque también existimos en él. Como el MAGO BLANCO, por último, el ESPEJO corta con la ilusión del pasado o el miedo al futuro, y refleja sin fin el perfecto presente, mientras hace cada vez más clara la visión del corazón para discernir más allá de los límites de la Materia.', 'Los portadores de este Sello tienen un potencial de Luz extraordinario. Buscan el orden de todas las cosas, por lo cual suelen ser buenos administradores y contadores. Tienen claridad de discernimiento, sabem cuándo y cómo hacer los cortes si es necesario, usan un juicio claro y objetivo. Al manejar su Ego, aceleran su alineación con el Yo Superior. Desarrollan distintos grados de clarividencia. Gustan de ser transparentes y que las demás personas y situaciones lo sean. Aprenden especialmente de las experiencias y de la sabiduría de todo lo que los rodea, porque se sienten reflejados allí. Corta con la ilusión del pasado o el miedo al futuro, y refleja sin fin el perfecto presente, mientras hace cada vez más clara la visión del corazón para discernir más allá de los límites de la Materia. De allí que el espejo quiere prevenirnos de los espejismos, las ilusiones que nos hacemos acerca de nuestra realidad o condición. Él está allí delante, para vernos con claridad, conocernos en la justa medida. El Espejo es una Luz, es Transparencia para ver la realidad sin sombras, para poder discernir y juzgar en la medida precisa.    En Sombra, mientras no se conectan plenamente con su gran Luz interior, pueden usar inadecuadamente el cuchillo de sacrificio que tienen a mano, y no aciertan a hacer los cortes necesarios, o bien destruyen vínculos que todavía debían perdurar.  Todavía desconectados de la fuente divina, no comprenden el orden del Cosmos, y lo reflejan como caos alrededor. En ese sentido pueden volverse jueces implacables de los demás y de sí mismos.  Deben observar la actitud de proyectar en los demás sus propios desaciertos y aspectos que todavía estén en sombra.  Se pierden en el laberinto de las imágenes externas hasta no saber cuál es su verdadero reflejo, o van creyendo más en los espejismos que en su propia capacidad interna de discernir.    ESPEJO BLANCO, te beneficiaría…  -Entender en lo que te atrae y lo que te molesta el reflejo de tu propio interior.  -Potenciar tu innata clarividencia. - Disipar con Luz las ilusiones creadas a tu alrededor.  -Decidirte a armar el rompecabezas de tu persona o de la vida.  -Revisar tu alineación con el Ego y el Yo Superior.  -Hacer proyección de tu Luz y tu Orden interno en el entorno.  -Cortar por lo sano cada vez que te sea necesario.', 'Te ofrece una oportunidad especial de visitar la sala de los espejos, de verte reflejado allí y poder dirigirte a esa parte tuya que has estado esquivando, o no la has visto claramente. Contempla esa parte no clara, la que no reconoces, la ilusión de los problemas. Esta es tu oportunidad de ver la verdad, de completar la parte que falta. Mira en el espejo, que revela el inconsciente, y contempla esas partes en sombra que te impiden ver la luz o que se interponen entre tú y la luz. Se te está proporcionando el don de la percepción. Recibe este signo pues estás ya dispuesto y tienes el coraje de contemplar esas partes no tan claras en ti. ¿Qué problema aparente tienes, qué debilidad o ilusión estás vivenciando que no puedas enfrentar directamente para poder hallar el beneficio que trae al hacerlo? Usa el mundo y la gente que te rodea como espejos en este proceso tuyo de descubrir. Si te mantienes fijo en tu posición no dejas que cambien las situaciones, si estás manteniendo una postura fuerte convencido que sólo tú tienes razón, libérate para poder vivenciar el poder que yace en hacer un cambio. Prueba esto de dejar ir las cosas y asume el punto de vista del otro. Ponte del otro lado del espejo. Este signo te guía a una posición fluida entre lo que parecen ser polaridades extremas. Si tienes una preocupación o pregunta tómate el tiempo para recibir la orientación que parte de este centro fluido. El juzgar y aceptar son lados opuestos del mismo espejo. Entra y pasa por estos reflejos hacia una mayor y gran realidad. Usa la espada del discernimiento para cortar el enjuiciamiento contigo y con los demás. La aceptación de uno mismo tiene el poder de liberar y perdonar todas las cosas que te mantienen alejado de ver la clara imagen que en verdad reflejas. En la sombra del reflejo de tu espejo puedes estar sintiéndote perdido o confundido al verse reflejados tus problemas, dudas de ti mismo, el miedo, enjuiciamiento y problemas emocionales... las mil facetas de la ilusión. Pregúntate sinceramente en qué forma apoyas a estas ilusiones en tu vida. Se te está dando la espada de la discriminación. Mira en tu espejo de la vida y poda lo que no es nada claro. ¿Acaso las sombras reflejadas en tu espejo se han hecho o aparecen tan reales que sientes que se sobreponen a tu habilidad de poder cambiar las cosas?. Enfrenta esas sombras en tu espejo ahumado. Míralos bien y contempla lo que te quieren decir y la sabiduría que traen. Lo que aparece en este espejo es lo que más necesitas para crecer y desarrollarte. Si te sientes atrapado en la maraña de la mente imagínate sentado en el centro de tu signo y pide sabiduría. Con claridad poda la maraña de la mente y reconoce la verdad. Hazte amigo de tu mente. Ábrete a tu esencia que puede ver los problemas y las sombras como regalo de la comprensión espiritual. También contempla los espejos que te presentan los demás para ver como contribuyes a mantener la ilusión en tu vida. Si tienes una fuerte reacción hacia una cosa o persona, estudia con una lupa tus enjuiciamientos y reacciones cargadas. En su lugar ve el regalo de este espejo, úsalo para en verdad ver, perdonar y transformar. Pídele a tus buenos amigos que te digan cómo te ven. Juntos atraviesen el salón de los espejos.  LO QUE TIENES QUE APRENDER: Observa los espejos propuestos por los otros y los regalos de las distintas situaciones de la vida. Mira cómo poder mantener las ilusiones de tu vida, usa la discriminación para entender, enfrenta tus sombras, toma la espada de la verdad en tu vida para realizarte y perdonarte. AFIRMACIÓN: \'Yo soy la verdad a través de los espejos, ahora camino a través del espejo de la verdadera grandeza\' ', 'Cuchillo de sacrificio (ego), orden divino, piramide escalonada, altar de sacrificio, golpe ritualistico, laberinto de espejos, manifestacion del infinito, lo eterno, reflejo de la luz divina en la tierra, espada de luz, espada de sabiduria y purificacion, muendo de verdad donde se confunden imágenes reales y virtuales, camino directo, sensacion de eternidad, poner en orden, autodisiplina, coordinar, discernir, cortar por lo sano, disipacion de las sombras, cortar las ilusiones, consciencia verdadera de si mismo, y de los seres de luz, proyeccion de uno mismo, aprendizaje de los reflejos, manejo de los espejismos, autosacrifio del ego, estrategias para enfrentar la vida, lucha interna, clarividencia, transparencia personal, luz personal, pureza, aclarador, ritualista, cirujano.', 'Desconectado de La Luz, No Ordena, Destruye sin Sentido, Proyecta en otros, No hace Cortes, Desaciertos, Se Confunde, Perdido en la Imagen, No Perdona, Ego alto, Echa Culpas, No Disierne, No se Conoce así', 3, 'Sala de los Espejos, Modelo Ritual del “No Tiempo”, Toque Ritual, Cuchillo Ritual, Espada de Sabiduría y Purificación.', 5, 'Entrada Ritual en la Intemporalidad', 18, 'El Modelo Morfogenético Presenta Aspectos Auto- Imitativos y Auto-Destructivos.', 'el Espejo Blanco', 2, 'auto-regula la atemporalidad como sinfin', 'la tribu del espejo blanco auto-regula la atemporalidad como sinfin', 5, 'refina la matriz de la navegación', 'la tribu del espejo blanco refina la matriz de la navegación como el sinfín.', 'el Cielo Señal', 3, 4, 'protege el cielo', 'la tribu del espejo blanco protege el cielo como el poder del sinfín.', 01, '18,10,2,14,6', 08, 03, 2, 'protege la matriz solar', 09, 'la tribu del espejo protege la matriz solar como el sin fin', 4, 2, 060, 1, 030, 08),
(19, 19, 20, 'la Tormenta', 'Azul', 'tres barras y cuatro puntos', 'CAUAC', 'la Energía', 'Catalizar', 'catalizo', 'catalizando', 'la Autogeneración', 'Autogeneración', 'cataliza la autogeneración', 'Tormenta Trabaja los Cambios, las Metamorfosis, para autogenerarse y autoabastecerse de energía, con el ritmo de un Catalizador, es decir, de un acelerador de procesos. No permite ser Transformada, sino que se transforma a sí misma. Trae la imagen mítica del Ave Fénix, que resurge de sus propias cenizas en una secuencia perenne de ciclos. Representa la suma final de todas las energías, dado que en la secuencia 0-19 la tormenta aparece al final como síntesis, preparando el salto a un nuevo ciclo; su número 19 evoca simbólicamente la “Misericordia de Alá”.  Contiene la idea de una tormenta donde todos los elementos están en movimiento, revolución y transformación, mientras que en el centro (el “Ojo de la Tormenta”) hay serenidad, quietud y paz perfecta.', 'Los portadores de este Sello son personas que movilizan a los demás, desplegando paciencia, serenidad, armonía, paz interior. Cuando se vuelven alborotadores de su entorno lo hacen buscando un relativo bien de los otros. Si entran en crisis, lo hacen para sacar su Luz del sol que los Acompaña y resurgir con toda la energía. A veces parecen derrotados, consumidos, pero solo están preparando la disolución que permite dar espacio a la transformación y resurrección Personal, en un nuevo ciclo existencia. En cualquier Grupo humano, aportan el aceleramiento de los procesos iniciados, con una fuerte pauta de transformación propia y del entorno. Contiene la idea de una tormenta donde todos los elementos están en movimiento, revolución y transformación, mientras que en el centro (el “Ojo de la Tormenta”) hay serenidad, quietud y paz perfecta.    En Sombra, antes de que la Luz complete su aprendizaje, se vuelven peligrosos para su entorno cuando se desbordan; arrasan con todo, lo positivo y lo negativo, como fuerza destructiva y ciega, hasta que pueden encontrar el punto de paz y quietud en el centro de la tormenta.  Para aprender a manejar su fuerza renovadora manifiestan primero la obsesión por la limpieza y se aceleran a un ritmo que no es fácil seguir sin dañarse.  Si destruyen, no reacomodan sus energías para reconstruir o reconstruirse, porque están aprendiendo a superar los miedos a cambiar. Sienten que la vida es una tormenta externa, donde todavía creen que falta o se hace imposible hallar un punto de paz.   TORMENTA AZUL, te haría falta…  -Transformar periódicamente cada aspecto renovable de tu vida.  -Limpiar profundamente procesos internos, relaciones, situaciones externas.  -Reconocer en tu Vida el poder de un Ave Fénix, que se consume a sí mismo y luego resurge.  -Descubrir que tú debes preparar la esperada salida del sol tras la tormenta.  -Encontrar un punto de Paz en medio de la vorágine cotidiana.  -Regenerar cada ciclo muerto, cada proceso que deja lugar a otro nuevo. - Entender que tu poder emana de la conciencia de que todo es energía.', 'La Tormenta anuncia un tiempo de profunda activación y transformación. Has llegado a la orilla de lo que has conocido de ti. Tu signo te invita a entrar en ese fuego que cambia cada nivel de tu ser, aún las estructuras básicas de tu vida. Entra en lo desconocido, ha comenzado tu metamorfosis. Tu signo te ayuda a trasladarte de la aparente separación a la reunión. Estás en el cruce del camino, estás en medio de una revolución personal, despojándote de viejos esquemas, experiencias pasadas, enjuiciamientos, memorias y expectativas. Se te está purificando y activando tu cuerpo de luz para el renacimiento. Tu signo te prepara para pasar por lo que parece una barrera imposible, y los sentimientos intensos que tengas alrededor de esta muralla son en verdad la \'nafta\' que te movilizará y te hará atravesarla. Estos sentimientos son el acceso a tu potencial y poder oculto. Purifícate con la lluvia y los relámpagos de luz de tu signo. Siente cómo te abrazan los seres del trueno. Descubre la libertad del verdadero aventurero, el que personifica la libertad que puede asumir cualquier rol en cualquier momento sin apegos. Ten confianza en tu Esencia que te traerá esta libertad. Permítete ser un gran jugador en este gran juego. ¿Acaso te sientes inseguro con el tema de tomar riesgos?, ¿no estás tan seguro de poder elegir?, ¿Te has pegado contra un límite de crecimiento o contra una pared invisible?. Tal vez hayas estado teniendo sensaciones intensas de ansiedad no definida; eso es natural porque ahora estás en el cruce de a evolución. Durante este gran cambio que está sucediendo, cada nivel de tu ser se está transformando. Tal vez estés preocupado por el estado de tu salud. Recuerda que tienes que cuidarte. La intensidad que sientes es la activación y purificación de este período de tormenta. La sabiduría que ofrece esta sombra es aceptar las enseñanzas que la vida depara. Tu signo hace surgir cosas de muy dentro de ti y limpia los rincones escondidos, revelando cualquier separación de la Fuente. A veces la vida te resultará por demás difícil e intensa, y a lo mejor desearías escapar de la realidad del mundo. Esto te puede crear patrones de negación y de adicción, que sólo intensifican el proceso. En estas sombras hallamos la adicción al miedo, sexo, dudar de sí mismo, bienes materiales, relaciones, trabajo y otros. En la sombra de Tormenta puedes también estar sintiendo desesperanza y el deseo de abandonar todo. Pero anímate. Estás en la frontera de lo desconocido, estás en el proceso de la transformación, estás descubriendo en ti un nuevo campo sagrado. Tus sentimientos están ahora aumentados en intensidad; usa esto para dirigirte a ellos y usa esta energía para crear el éxtasis de la libertad. Rompe tus barreras y anímate. La totalidad de esta transformación desafía a todo lo que hay en tu realidad. Entrega todo lo que perpetúa la ilusión de la separación. Échalos en el fuego de Tormenta y tu verdadero ser emergerá de las cenizas transformando. LO QUE TIENES QUE APRENDER: Párate libremente enfrente de la negación y los juicios de tu experiencia. Accede a tu propia esencia y déjate llevar a través de un profundo sentimiento que te acompañará en el crecimiento. Transforma tu espíritu, saca de tu interior todas las dudas que te hacen sentir separado de la fuente. AFIRMACIÓN: \'Me estoy purificando y transformando, iniciando mi cuerpo luminoso desechando toda separación\' ', 'Autogeneración, Ave fénix, resurrección, revolución, limpieza interior purificadora, transmutación, transformación antes de la realización o madurez completa, suma de todas las energías, la lluvia, (como bendición y fertilidad), preparación para el sol, catalizador (acelerador) de procesos, vientos de cambio, renovación, transición, fuerza que todo arrasa y renueva, centro de paz en el ojo de la tormenta, inquietud exteriorizada, multifacético, activador para la asunción, ser del trueno, liberador de la mente, efectos de la humedad en el cuerpo, fortuna incierta, humor variable, agudizado de contradicciones.', 'Peligrosos, Sin PAZ, Desbordados, Hiper Ansiosos, Ciegos, Destructivos, Sin Quietud, Arrasador, Obsesivos, Acelerados, No Reonoce, Limpieza obsesiva, No Reconstruye, Miedo al Cambio, Dañan Entornos, Fallas y Persecuciones', 3, 'Tormenta, Nube-Trueno, y Ser-Trueno, Transformación que Precede a la Realización Completa.', 5, 'Transformación de la Transformación', 19, 'El Modelo Morfogenético Empieza la Transformación.', 'la Tormenta Azul', 3, 'auto-regula la visión como autogeneración.', 'la tribu de la tormenta azul auto-regula la visión como autogeneración.', 5, 'transforma la matriz del sin fín', 'la tribu de la tormenta azul transforma la matriz del sinfín en auto-generación.', 'el Cielo Portal', 4, 4, 'culmina el cielo', 'la tribu de la tormenta azul culmina el cielo como el poder de la autogeneración.', 20, '019,11,3,15,7', 09, 02, 2, 'culmina la matriz solar', 10, 'la tribu de la tormenta culmina la matriz solar como autogeneración, omega', 5, 1, 060, 1, 075, 09),
(20, 00, 01, 'el Sol', 'Amarillo', 'Cero/Sin Barra', 'AHAU', 'la Vida', 'Iluminar', 'ilumino', 'iluminando', 'el Fuego Universal', 'Iluminación', 'ilumina el fuego universal', 'Sol es la Vida, la plenitud manifestada del todo, la fuerza de la Vida Espiritual, la iluminación humana, el fuego universal, la energía Yang del Cielo, el poder Galáctico del centro Hunab Ku a través del Kinich Ahau (Nuestro Sol), la FE en lo Divino, la Conciencia Crística, la Maestría Espiritual. El Signo del fin y del inicio al mismo tiempo, la bisagra energética que numerológicamente implica el número cero. Es un punto de Madurez Absoluta, Fuente de Vida y a la vez meta de todas las cosas.', 'Los Nacidos bajo este Sello son vistos como personas de buena presencia y personalidad atrayente, con mucha sabiduría que irradian a los demás. Suelen ser muy maduras para su edad (maduran más rápido que otros). Vienen a trabajar la maestría espiritual, la conciencia del todo en uno mismo. Son una bendición para los demás seres humanos, entre los que se destacan como una luminaria constante, fuente de calor y claridad. Todo lo procesan como el fuego para dar lugar a un nuevo comienzo. Tan natural es su espiritualidad o Conciencia Interna que les cuesta pensar en algo Divino que esté fuera del Ser Humano, independiente de él. Eres un punto de Madurez Absoluta, Fuente de Vida y a la vez meta de todas las cosas.   En Sombra, antes de asumir la plenitud de su Luz, aprenden de actitudes como la Soberbia o un Desmedido Ego, la Invasividad o posesividad, la idea que son sabelotodos. Todavía no saben usar la Responsabilidad de ser el Centro del Mundo y Reclaman Atención y homenaje a los demás.  Mientras no manejan su poder con equilibrio, el fuego que tienen encandila o achicharra a los que tiene a su alrededor. Sin conciencia de su propia Divinidad, llegan a negar toda existencia de algo superior a lo humano, se vuelven escépticos y oscurecen su propia Radiación de Energía; toda una verdadera sombra para preparar la llegada de la Verdadera Luz Total.   SOL AMARILLO, te propongo…  -Iluminar cada día tus pasos y el de los otros: ver donde antes había oscuridad. Develar aquellos aspectos que hacen falta madurar para lograr la realización.  -Comprenderte como dispensador especial de la Vida Verdadera. Y cual es, la vida verdadera? Que es la vida mas que la secuencia de los eventos que nos suceden en lo que llamamos realidad.  -Expandir tu conexión con el Cristo Interno. El cristo interior como un aspecto del ser que busca y se realiza con la expansión espiritual mas que material.  -Hacer Evidente a tu Alrededor la presencia de una conciencia superior.  -Revisar tu comunicación con los Maestros. Y quienes son los maestros, y para que están… evolucionar? Encontrar el camino, según que? La disciplina--- espiritual? -Ser Cálido, Poderoso y Luminoso como el Fuego. Encontrar la conciencia superior en cada aspecto de nuestra vida. Demostrar la fuerza, sin quemar… arder por lo que ver…  -Oír siempre las indicaciones de tu Yo SUPERIOR. Yo superior como ese aspecto en el cual dejamos de ser YO (Ego) para ser ELLO (el todo a la misma vez)', 'Te dice que es una bendición tener este signo, hijo del Sol. Eres de conciencia solar, mente solar manifestando como el maestro con muchos nombres. Tú eres el que lleva la antorcha para elevar la conciencia de muchos. Eres el triángulo luminoso, la trinidad hecha visible en este mundo de creación. Elevas la humanidad con el simple hecho de representar a la luz, Sabe que eres la presencia \'YO SOY\' - no hay otra. Tu signo trae a tu vida el poder sanador del amor incondicional. Goza de su radiante abastecimiento. Tu te vistes de esa luz de ilimitada bienaventuranza. Sabe que eres divino. Sabe que ya eres la mente de luz. Vuelve como hijo divino del Sol Sagrado Central. En todos tus pensamientos y actos irradia la presencia \'YO SOY\'. Acéptate incondicionalmente como eres. Viaja con tu cuerpo de luz y vuelve a las estrellas de las cuales nunca partiste. Quédate en paz. Este signo te indica que ya está activada tu ascensión, ya progresa. Mantente identificado con el poder del Sol. Ve con alegría hacia todo lo que te trae bienaventuranza y éxtasis. Perdona, libera, ama a todos los seres, a toda la creación. Como la caricia incondicional del Sol. Honra y ten confianza en el lenguaje de la luz dentro de tus sentimientos, es el compás espiritual que te guiará de vuelta a casa. Abre tu corazón como flor al Sol, y hazte del amor que mantiene en cohesión con el Universo. La sombra y su sabiduría de este signo son los aspectos con los que limitas a Dios y a ti, sean ideales o identificaciones. Estos conceptos funcionan como encajonamiento y son construidos por medio de creencias y principios que crean separación. Contempla tus conceptos de la Divinidad y cómo crean tu mundo y la visión que tienes de ti mismo. Si no te ves como parte integral de Dios o si te sobre-identificas con tu Divinidad personal estás a la sombra de tu signo. El Sol te anima a que explores y vivencies el amor incondicional. La sombra es el amor condicionado, es decir el amor con expectativas y juicios. El amor incondicional es aceptación y permiso. Aceptando y dando permiso entras en un panorama más amplio de la condición humana. La aceptación y el permiso son los sistemas abiertos que permiten todas las experiencias y exploraciones de todo estado del Ser. Concede permiso para que todo esté bien tal cual está. Aprende a ser incondicional especialmente contigo mismo, es un rasgo básico del hijo divino del Corazón Uno. La marea ilimitada del sol viene entrando. Fluye en su corriente de éxtasis hacia la bienaventuranza incondicional y la unión. LO QUE TIENES QUE APRENDER: Practica el arte de amar, el arte de aceptar y ábrete para recibir el amor incondicional de Dios. AFIRMACIÓN: \'Yo soy el niño de la luz coronado con la propia autoridad y transparencia del divino niño que conozco en mi mismo\'. ', 'Fuego como elemento universal, flor Blanca, Manifestación masculina de Dios, Energía Yang, -> principio activo. Consciencia Espiritual Superior, Consciencia del Cristo interno, Expansión total de la consciencia, Ascensión final de la consciencia a niveles más altos, sabiduría suprema, el ser Crucificado e iluminado o ascendido, el Maestro Espiritual, Luz y Vida, Madurez Suprema, Respiración Solar, Mente Solar, Realización del cuerpo solar, brillo total, lo ilimitado, la esencia de todo, felicidad personal, éxito alcanzado, amor a la vida, alfa y omega, alineación del ego con el yo superior, autoridad suprema, iluminación para los demás, dador de vida, fuerza rejuvenecedora, habilidad para avanzar, y girar un ciclo entero.', 'Soberbios, Centro de todo, Invasivos, Egocéntrico, Quiere homenajes, Sabelotodos, Desmedidos, Reclama, Posesivo, Encandila, no ve claramente o se enfoca en lo negativo, Achicharra, no tiene Fe, no cree en nada mas que él', 3, 'Mente Solar, Señor del Sol, Maestría, Realización del Cuerpo Solar, Sabiduría, Conocimiento, Facultad para Focalizar el Conjunto Galáctico, Facultad para Abarcar y Generar el Ciclo Completo.', 5, 'Adquisición de la Mente Luminosa', 20, 'El Modelo Morfogenético Completa la Transformación.', 'el Sol Amarillo', 4, 'auto-regula la inteligencia como fuego universal. ', 'la tribu el sol amarillo auto-regula la inteligencia como fuego universal. ', 5, 'madura la matriz de la autogeneración', 'la tribu del sol amarillo madura la matriz de auto-generación en fuego universal.', 'el Fuego Polar', 5, 1, 'genera el fuego', 'la tribu del sol amarillo genera el fuego como el poder del fuego universal', 19, '20,12,4,16,8', 10, 01, 1, 'genera la matriz solar', 10, 'la tribu del sol genera la matriz galáctica como fuego universal poder alfa', 1, 1, 060, 2, 015, 10);

-- --------------------------------------------------------

--
-- Estructura de tabla para la tabla `sel_arm_cel`
--

CREATE TABLE `sel_arm_cel` (
  `ide` smallint(1) UNSIGNED ZEROFILL NOT NULL COMMENT 'Célula del Tiempo',
  `nom` varchar(10) COLLATE utf8mb4_spanish_ci NOT NULL COMMENT 'Nombre',
  `fun` varchar(20) COLLATE utf8mb4_spanish_ci NOT NULL COMMENT 'Función',
  `pod` varchar(20) COLLATE utf8mb4_spanish_ci NOT NULL COMMENT 'Poder',
  `des` varchar(150) COLLATE utf8mb4_spanish_ci NOT NULL COMMENT 'Descripción del Encantamiento',
  `sel` varchar(20) COLLATE utf8mb4_spanish_ci NOT NULL COMMENT 'Sellos',
  `sel_ini` smallint(2) UNSIGNED ZEROFILL NOT NULL COMMENT 'Sello Inicial',
  `sel_fin` smallint(2) UNSIGNED ZEROFILL NOT NULL COMMENT 'Sello Final'
) ENGINE=InnoDB DEFAULT CHARSET=utf8mb4 COLLATE=utf8mb4_spanish_ci COMMENT='Célula del Tiempo';

--
-- Volcado de datos para la tabla `sel_arm_cel`
--

INSERT INTO `sel_arm_cel` (`ide`, `nom`, `fun`, `pod`, `des`, `sel`, `sel_ini`, `sel_fin`) VALUES
(1, 'la Entrada', 'informar', 'el florecimiento', 'El fuego informa la armonía de entrada.', '01, 02, 03, 04', 01, 04),
(2, 'el Almacén', 'recordar', 'la elegancia', 'La sangre recuerda la armonía del almacén.', '05, 06, 07, 08', 05, 09),
(3, 'el Proceso', 'formular', 'la libre voluntad', 'La sangre formula la verdad como armonía del proceso.', '09, 10, 11, 12', 10, 12),
(4, 'la Salida', 'expresar', 'la inteligencia', 'La verdad expresa el cielo como armonía de la salida.', '13, 14, 15, 16', 13, 16),
(5, 'la Matriz', 'auto-regular', 'el fuego universal', 'El cielo auto-regula el fuego como armonía de la matriz.', '17, 18, 19, 20', 17, 20);

-- --------------------------------------------------------

--
-- Estructura de tabla para la tabla `sel_arm_raz`
--

CREATE TABLE `sel_arm_raz` (
  `ide` smallint(1) UNSIGNED ZEROFILL NOT NULL COMMENT 'Raza Cósmica',
  `nom` varchar(15) COLLATE utf8mb4_spanish_ci NOT NULL COMMENT 'Nombre',
  `dir` varchar(10) COLLATE utf8mb4_spanish_ci NOT NULL COMMENT 'Dirección',
  `pod` varchar(15) COLLATE utf8mb4_spanish_ci NOT NULL COMMENT 'Poder',
  `sel` varchar(20) COLLATE utf8mb4_spanish_ci NOT NULL COMMENT 'Sellos'
) ENGINE=InnoDB DEFAULT CHARSET=utf8mb4 COLLATE=utf8mb4_spanish_ci COMMENT='Raza Raíz Cósmica';

--
-- Volcado de datos para la tabla `sel_arm_raz`
--

INSERT INTO `sel_arm_raz` (`ide`, `nom`, `dir`, `pod`, `sel`) VALUES
(1, 'Roja', 'Este', 'Inicia', '01, 05, 09, 13, 17'),
(2, 'Blanca', 'Norte', 'Refina', '02, 06, 10, 14, 18'),
(3, 'Azul', 'Oeste', 'Transforma', '03, 07, 11, 15, 19'),
(4, 'Amarilla', 'Sur', 'Madura', '04, 08, 12, 16, 20');

-- --------------------------------------------------------

--
-- Estructura de tabla para la tabla `sel_cic_dir`
--

CREATE TABLE `sel_cic_dir` (
  `ide` smallint(1) UNSIGNED NOT NULL COMMENT 'Posición',
  `col` varchar(15) COLLATE utf8mb4_spanish_ci NOT NULL COMMENT 'Color',
  `nom` varchar(15) COLLATE utf8mb4_spanish_ci NOT NULL COMMENT 'Dirección',
  `des` varchar(150) COLLATE utf8mb4_spanish_ci NOT NULL COMMENT 'Descripción posicional-cíclica'
) ENGINE=InnoDB DEFAULT CHARSET=utf8mb4 COLLATE=utf8mb4_spanish_ci COMMENT='Dirección';

--
-- Volcado de datos para la tabla `sel_cic_dir`
--

INSERT INTO `sel_cic_dir` (`ide`, `col`, `nom`, `des`) VALUES
(1, 'Rojo', 'el oriente', 'Lugar de Luz y Generación.'),
(2, 'Blanco', 'el norte', 'Lugar de Sabiduría y Purificación.'),
(3, 'Azul', 'el occidente', 'Lugar de Muerte y Transformación.'),
(4, 'Amarillo', 'el sur', 'Lugar de Vida y Expansión.');

-- --------------------------------------------------------

--
-- Estructura de tabla para la tabla `sel_cic_luz`
--

CREATE TABLE `sel_cic_luz` (
  `ide` smallint(1) UNSIGNED ZEROFILL NOT NULL COMMENT 'Grupo Cíclico',
  `nom` varchar(15) COLLATE utf8mb4_spanish_ci NOT NULL COMMENT 'Nombre',
  `des` varchar(50) COLLATE utf8mb4_spanish_ci NOT NULL COMMENT 'Descripción'
) ENGINE=InnoDB DEFAULT CHARSET=utf8mb4 COLLATE=utf8mb4_spanish_ci COMMENT='Grupo Cíclico de la Luz';

--
-- Volcado de datos para la tabla `sel_cic_luz`
--

INSERT INTO `sel_cic_luz` (`ide`, `nom`, `des`) VALUES
(1, 'del Oriente', 'Origen y Generación de la Luz'),
(2, 'del Norte', 'Sabiduría y Purificación de la Luz'),
(3, 'del Oeste', 'Muerte y Transformación de la Luz'),
(4, 'del Sur', 'Vida y Expansión de la Luz'),
(5, 'del Centro', 'Renovación de la Luz');

-- --------------------------------------------------------

--
-- Estructura de tabla para la tabla `sel_cic_men`
--

CREATE TABLE `sel_cic_men` (
  `ide` smallint(1) UNSIGNED ZEROFILL NOT NULL COMMENT 'Estación Galáctica',
  `sel` smallint(2) UNSIGNED ZEROFILL NOT NULL COMMENT 'Sello Solar',
  `nom` varchar(25) COLLATE utf8mb4_spanish_ci NOT NULL COMMENT 'Aspecto del ser',
  `des` varchar(30) COLLATE utf8mb4_spanish_ci NOT NULL COMMENT 'Aspecto Mental del Guardian',
  `lec` text COLLATE utf8mb4_spanish_ci NOT NULL COMMENT 'Lectura'
) ENGINE=InnoDB DEFAULT CHARSET=utf8mb4 COLLATE=utf8mb4_spanish_ci COMMENT='Etapa evolutiva de la mente';

--
-- Volcado de datos para la tabla `sel_cic_men`
--

INSERT INTO `sel_cic_men` (`ide`, `sel`, `nom`, `des`, `lec`) VALUES
(1, 05, 'Cerebro Reptídico', 'Sistema Autónomo e Instinto', 'el cerebro reptídico, o sistema límbico autónomo, que es la vestidura metabólica físico-vegetativa'),
(2, 10, 'Cerebro Mamífero', 'Mente Emocional y  Conceptual', 'la inteligencia horizontal, emocional - conceptual, que es capaz de inventar estrategias'),
(3, 15, 'Cerebro Planetario', 'Mente Resonante y Superior', 'la mente superior, la inteligencia vertical, y analógica, y que resuena con el propósito evolutivo del planeta'),
(4, 20, 'Cerebro Solar', 'Mente Luminosa y Estelaridad', 'la mente solar, la mente luminosa, el reino de los guías evolutivos del planeta, a quienes los mayas denominaron AHAU KINES, los Señores Solares');

-- --------------------------------------------------------

--
-- Estructura de tabla para la tabla `sel_cic_ser`
--

CREATE TABLE `sel_cic_ser` (
  `ide` smallint(1) UNSIGNED ZEROFILL NOT NULL COMMENT 'Etapa del Desarrollo',
  `nom` varchar(50) COLLATE utf8mb4_spanish_ci NOT NULL COMMENT 'Nombre',
  `des` varchar(60) COLLATE utf8mb4_spanish_ci NOT NULL COMMENT 'Descripción',
  `det` varchar(30) COLLATE utf8mb4_spanish_ci NOT NULL COMMENT 'Etapa '
) ENGINE=InnoDB DEFAULT CHARSET=utf8mb4 COLLATE=utf8mb4_spanish_ci COMMENT='Desarrollo del Ser';

--
-- Volcado de datos para la tabla `sel_cic_ser`
--

INSERT INTO `sel_cic_ser` (`ide`, `nom`, `des`, `det`) VALUES
(1, 'el Ser Primario', 'Cuerpo inferior o ser físico', ''),
(2, 'el Ser Superior', '1° etapa del cuerpo mental, generativa', 'Generativa'),
(3, 'el YO Superior', '2° etapa del cuerpo mental, de culminación', 'de Culminación');

-- --------------------------------------------------------

--
-- Estructura de tabla para la tabla `sel_cod`
--

CREATE TABLE `sel_cod` (
  `ord` smallint(2) UNSIGNED ZEROFILL NOT NULL COMMENT 'Ordenamiento 0-19'
) ENGINE=InnoDB DEFAULT CHARSET=utf8mb4 COLLATE=utf8mb4_spanish_ci COMMENT='Código 0-19';

-- --------------------------------------------------------

--
-- Estructura de tabla para la tabla `sel_cro_ele`
--

CREATE TABLE `sel_cro_ele` (
  `ide` smallint(1) UNSIGNED ZEROFILL NOT NULL COMMENT 'Elemento Galáctico',
  `nom` varchar(20) COLLATE utf8mb4_spanish_ci NOT NULL COMMENT 'Nombre',
  `col` varchar(10) COLLATE utf8mb4_spanish_ci NOT NULL COMMENT 'Color',
  `men` varchar(100) COLLATE utf8mb4_spanish_ci NOT NULL COMMENT 'Cerebro Galáctico',
  `des` tinytext COLLATE utf8mb4_spanish_ci NOT NULL COMMENT 'Descripción del Encantamiento',
  `des_ini` varchar(255) COLLATE utf8mb4_spanish_ci DEFAULT NULL COMMENT 'Descripción Inicial',
  `sel` varchar(20) COLLATE utf8mb4_spanish_ci NOT NULL COMMENT 'Sellos',
  `sel_ini` smallint(2) UNSIGNED ZEROFILL NOT NULL COMMENT 'Sello Inicial',
  `sel_fin` smallint(2) UNSIGNED ZEROFILL NOT NULL COMMENT 'Sello Final',
  `res_flu` smallint(1) UNSIGNED ZEROFILL NOT NULL COMMENT 'Respiración S-G',
  `hum_ext` smallint(1) UNSIGNED ZEROFILL NOT NULL COMMENT 'Extremidad'
) ENGINE=InnoDB DEFAULT CHARSET=utf8mb4 COLLATE=utf8mb4_spanish_ci COMMENT='Clan del Elemento Cromático';

--
-- Volcado de datos para la tabla `sel_cro_ele`
--

INSERT INTO `sel_cro_ele` (`ide`, `nom`, `col`, `men`, `des`, `des_ini`, `sel`, `sel_ini`, `sel_fin`, `res_flu`, `hum_ext`) VALUES
(1, 'el Fuego', 'amarillo', 'Mente Luminosa y Estelaridad', 'A través del poder del florecer el fuego se convierte en sangre', 'El Fuego auto-genera', '00, 01, 02, 03, 04', 20, 04, 1, 1),
(2, 'la Sangre', 'roja', 'Sistema Autónomo e Instinto', 'A través del poder del agua universal, la sangre se convierte en verdad', NULL, '05, 06, 07, 08, 09', 05, 09, 1, 2),
(3, 'la Verdad', 'blanca', 'Mente Emocional y  Conceptual', 'A través del poder del agua universal, la sangre se convierte en verdad', NULL, '10, 11, 12, 13, 14', 10, 14, 2, 3),
(4, 'el Cielo', 'azul', 'Mente Resonante y Superior', 'A través del poder de la atemporalidad la verdad se convierte en cielo', NULL, '15, 16, 17, 18, 19', 15, 19, 2, 4);

-- --------------------------------------------------------

--
-- Estructura de tabla para la tabla `sel_cro_fam`
--

CREATE TABLE `sel_cro_fam` (
  `ide` smallint(1) UNSIGNED ZEROFILL NOT NULL COMMENT 'Familia Terrestre',
  `cod` varchar(15) COLLATE utf8mb4_spanish_ci NOT NULL COMMENT 'Código',
  `nom` varchar(10) COLLATE utf8mb4_spanish_ci NOT NULL COMMENT 'Nombre',
  `des` tinytext COLLATE utf8mb4_spanish_ci NOT NULL COMMENT 'Descripción en el Encantamiento',
  `enc_pod` varchar(50) COLLATE utf8mb4_spanish_ci NOT NULL COMMENT 'Poder',
  `enc_fun` varchar(50) COLLATE utf8mb4_spanish_ci NOT NULL COMMENT 'Función',
  `enc_acc` varchar(70) COLLATE utf8mb4_spanish_ci NOT NULL COMMENT 'Acción',
  `sel` varchar(16) COLLATE utf8mb4_spanish_ci NOT NULL COMMENT 'Sellos',
  `pla` varchar(15) COLLATE utf8mb4_spanish_ci NOT NULL COMMENT 'Función Elemental',
  `pla_cen` smallint(1) UNSIGNED ZEROFILL NOT NULL COMMENT 'Centro del Holon Planetario',
  `hum` varchar(15) COLLATE utf8mb4_spanish_ci NOT NULL COMMENT 'Centro-G del Holon',
  `hum_cen` smallint(1) UNSIGNED ZEROFILL NOT NULL COMMENT 'Centro Galáctico',
  `hum_ded` smallint(1) UNSIGNED ZEROFILL NOT NULL COMMENT 'Dedo'
) ENGINE=InnoDB DEFAULT CHARSET=utf8mb4 COLLATE=utf8mb4_spanish_ci COMMENT='Familia Terrestre';

--
-- Volcado de datos para la tabla `sel_cro_fam`
--

INSERT INTO `sel_cro_fam` (`ide`, `cod`, `nom`, `des`, `enc_pod`, `enc_fun`, `enc_acc`, `sel`, `pla`, `pla_cen`, `hum`, `hum_cen`, `hum_ded`) VALUES
(1, 'un punto', 'Cardinal', 'Los regentes del plano cósmico, establecen el génesis codificando el comienzo de los castillos', 'Regentes del Plano Cósmico', 'Establecer el Génesis del Encantamiento del Sueño', 'Codifican el comienzo de los Castillos', '01, 06, 11, 16', 'Transmite', 2, 'Transmitir', 2, 2),
(2, 'dos puntos', 'Central', 'Los canales entre cielo y tierra, cavan los túneles y activan el cambio de polaridad codificando la información solar', 'Canales entre el Cielo y la Tierra', 'Minar los Túneles y Activar el cambio de Polaridad', 'Codifican la información Solar', '02, 07, 12, 17', 'Da energía', 3, 'Transducir', 3, 3),
(3, 'tres puntos', 'Señal', 'Los agentes del proceso cósmico, descifran el misterio codificando los días fuera del tiempo', 'Agentes del Proceso Cósmico', 'Descifrar y Develar el Misterio', 'Codifican los días Fuera del Tiempo (25 de junio)', '03, 08, 13, 18', 'Protege', 4, 'Recibir', 4, 4),
(4, 'cuatro puntos', 'Portal', 'Los anclas de la energía cósmica, abren los portales codificando los anillos solares', 'Anclas de la Energía Cósmica', 'Abrir los Portales', 'Codifican los anillos Solares de Nuevo Sirio (26 de junio)', '04, 09, 14, 19', 'Culmina', 5, 'Transmtir', 5, 5),
(5, 'barra-s', 'Polar', 'Los guardianes de la evolución mental, tocan y suenan las cromáticas codificando las estaciones galácticas', 'Guardianes de la Evolución Mental', 'Tocar las llamadas y Hacer Sonar las Cromáticas', 'Codifican las estaciones Galácticas del giro espectral', '20, 05, 10, 15', 'Genera', 1, 'Recibir', 1, 1);

-- --------------------------------------------------------

--
-- Estructura de tabla para la tabla `sel_hum_cen`
--

CREATE TABLE `sel_hum_cen` (
  `ide` smallint(1) UNSIGNED ZEROFILL NOT NULL COMMENT 'Centro Galáctico',
  `nom` varchar(20) COLLATE utf8mb4_spanish_ci NOT NULL COMMENT 'Nombre',
  `fun` varchar(20) COLLATE utf8mb4_spanish_ci NOT NULL COMMENT 'Función',
  `fam` smallint(1) NOT NULL COMMENT 'Familia Terrestre'
) ENGINE=InnoDB DEFAULT CHARSET=utf8mb4 COLLATE=utf8mb4_spanish_ci COMMENT='Centro del Holon Humano';

--
-- Volcado de datos para la tabla `sel_hum_cen`
--

INSERT INTO `sel_hum_cen` (`ide`, `nom`, `fun`, `fam`) VALUES
(1, 'la Corona', 'recibe', 5),
(2, 'la Garganta', 'transmite', 1),
(3, 'el Corazón', 'transduce', 2),
(4, 'el Plexo Solar', 'recibe', 3),
(5, 'la Raíz', 'transmite', 4);

-- --------------------------------------------------------

--
-- Estructura de tabla para la tabla `sel_hum_ded`
--

CREATE TABLE `sel_hum_ded` (
  `ide` smallint(1) UNSIGNED ZEROFILL NOT NULL COMMENT 'Dedo',
  `nom` varchar(10) COLLATE utf8mb4_spanish_ci NOT NULL COMMENT 'Nombre',
  `fun` varchar(15) COLLATE utf8mb4_spanish_ci NOT NULL COMMENT 'Función',
  `fam` smallint(1) NOT NULL COMMENT 'Familia Terrestre'
) ENGINE=InnoDB DEFAULT CHARSET=utf8mb4 COLLATE=utf8mb4_spanish_ci COMMENT='Dedo del Cuerpo Humano';

--
-- Volcado de datos para la tabla `sel_hum_ded`
--

INSERT INTO `sel_hum_ded` (`ide`, `nom`, `fun`, `fam`) VALUES
(1, 'Pulgar', 'Generar', 5),
(2, 'Índice', 'Transmitir', 1),
(3, 'Medio', 'Dar Energía', 2),
(4, 'Anular', 'Proteger', 3),
(5, 'Meñique', 'Culminar', 4);

-- --------------------------------------------------------

--
-- Estructura de tabla para la tabla `sel_hum_ext`
--

CREATE TABLE `sel_hum_ext` (
  `ide` smallint(1) UNSIGNED ZEROFILL NOT NULL COMMENT 'Extremidad',
  `nom` varchar(15) COLLATE utf8mb4_spanish_ci NOT NULL COMMENT 'Nombre',
  `ele` smallint(1) NOT NULL COMMENT 'Clan Cromático'
) ENGINE=InnoDB DEFAULT CHARSET=utf8mb4 COLLATE=utf8mb4_spanish_ci COMMENT='Extremidad del Cuerpo Humano';

--
-- Volcado de datos para la tabla `sel_hum_ext`
--

INSERT INTO `sel_hum_ext` (`ide`, `nom`, `ele`) VALUES
(1, 'Mano derecha', 1),
(2, 'Pie derecho', 2),
(3, 'Mano izquierda', 3),
(4, 'Pie izquierdo', 4);

-- --------------------------------------------------------

--
-- Estructura de tabla para la tabla `sel_hum_mer`
--

CREATE TABLE `sel_hum_mer` (
  `ide` smallint(2) UNSIGNED ZEROFILL NOT NULL,
  `nom` varchar(30) COLLATE utf8mb4_spanish_ci NOT NULL COMMENT 'Meridiano Orgánico',
  `des` tinytext COLLATE utf8mb4_spanish_ci NOT NULL COMMENT 'Funcionamiento',
  `sel` varchar(7) COLLATE utf8mb4_spanish_ci NOT NULL COMMENT 'Sellos',
  `fam` smallint(1) UNSIGNED ZEROFILL NOT NULL COMMENT 'Familia Terrestre'
) ENGINE=InnoDB DEFAULT CHARSET=utf8mb4 COLLATE=utf8mb4_spanish_ci COMMENT='Meridianos Orgánicos del Cuerpo Humano';

--
-- Volcado de datos para la tabla `sel_hum_mer`
--

INSERT INTO `sel_hum_mer` (`ide`, `nom`, `des`, `sel`, `fam`) VALUES
(01, 'Intestino Grueso', '', '01, 11', 1),
(02, 'Circulación y Energía Sexual', '', '02, 12', 2),
(03, 'Triple Calentador y Sistema De', '', '03, 13', 3),
(04, 'Intestino Delgado y Corazón', '', '04, 14', 4),
(05, 'Hígado, Bazo y Pancreas', '', '05, 15', 5),
(06, 'Estómago', '', '06, 16', 1),
(07, 'Riñones', '', '07, 17', 2),
(08, 'Vesícula Biliar', '', '08, 18', 3),
(09, 'Vejiga', '', '09, 19', 4),
(10, 'Pulmón', '', '10, 20', 5);

-- --------------------------------------------------------

--
-- Estructura de tabla para la tabla `sel_hum_res`
--

CREATE TABLE `sel_hum_res` (
  `ide` smallint(1) UNSIGNED ZEROFILL NOT NULL COMMENT 'Respiración S-G',
  `lad` varchar(10) COLLATE utf8mb4_spanish_ci NOT NULL COMMENT 'Lado del Cuerpo'
) ENGINE=InnoDB DEFAULT CHARSET=utf8mb4 COLLATE=utf8mb4_spanish_ci COMMENT='Respiración del Holon Humano';

--
-- Volcado de datos para la tabla `sel_hum_res`
--

INSERT INTO `sel_hum_res` (`ide`, `lad`) VALUES
(1, 'derecho'),
(2, 'izquierdo');

-- --------------------------------------------------------

--
-- Estructura de tabla para la tabla `sel_par`
--

CREATE TABLE `sel_par` (
  `pos` smallint(1) UNSIGNED ZEROFILL NOT NULL COMMENT 'Posición',
  `ide` char(3) COLLATE utf8mb4_spanish_ci NOT NULL COMMENT 'Pareja del Oráculo',
  `nom` varchar(15) COLLATE utf8mb4_spanish_ci NOT NULL COMMENT 'Nombre',
  `des` varchar(200) COLLATE utf8mb4_spanish_ci NOT NULL COMMENT 'Descripción en el E.S.',
  `lec` varchar(100) COLLATE utf8mb4_spanish_ci NOT NULL COMMENT 'Lectura en el E.S.',
  `mis` varchar(15) COLLATE utf8mb4_spanish_ci NOT NULL COMMENT 'Misión',
  `pod` varchar(20) COLLATE utf8mb4_spanish_ci NOT NULL COMMENT 'Poder',
  `acc` varchar(25) COLLATE utf8mb4_spanish_ci NOT NULL COMMENT 'Acción',
  `fun` varchar(20) COLLATE utf8mb4_spanish_ci NOT NULL COMMENT 'Función',
  `dia` varchar(30) COLLATE utf8mb4_spanish_ci NOT NULL COMMENT 'Momento del Día'
) ENGINE=InnoDB DEFAULT CHARSET=utf8mb4 COLLATE=utf8mb4_spanish_ci COMMENT='Patrón del Oráculo';

--
-- Volcado de datos para la tabla `sel_par`
--

INSERT INTO `sel_par` (`pos`, `ide`, `nom`, `des`, `lec`, `mis`, `pod`, `acc`, `fun`, `dia`) VALUES
(0, 'des', 'Destino', 'El poder de la Tribu Solar, base del Destino de la Vida.', '', '', '', 'regulando', 'genera', ''),
(1, 'ana', 'Análogo', 'El poder de Mentes Gemelas de la Pareja Planetaria solar-galáctica.', 'Van juntos y dan refuerzo', 'refuerza', 'inicia', 'informando', 'transmite', 'de 00:00:00 HS a 06:00:00 HS'),
(2, 'gui', 'Guía', 'El poder del Resultado de la Quinta Fuerza.', 'Representan el resultado favorecido por la dominación cromática de un color', 'orienta', 'refina', 'recordando', 'da energía', 'de 06:00:00 HS a 12:00:00 HS'),
(3, 'ant', 'Antípoda', 'El poder del Desafío fortalece la Reconstrucción de Memoria.', 'Se oponen y desafían para fortalecer la memoria del génesis.', 'desafía', 'transforma', 'formulando', 'protege', 'de 12:00:00 HS a 18:00:00  HS'),
(4, 'ocu', 'Oculto', 'El poder Escondido del 7, lo inesperado.', 'Representan factores inesperados y escondidos.', 'revela', 'madura', 'expresando', 'culmina', 'de 18:00:00 HS a 23:59:59 HS');

-- --------------------------------------------------------

--
-- Estructura de tabla para la tabla `sel_par_ana`
--

CREATE TABLE `sel_par_ana` (
  `ide` smallint(2) UNSIGNED ZEROFILL NOT NULL COMMENT 'Pareja',
  `ini` smallint(2) UNSIGNED ZEROFILL NOT NULL COMMENT 'Sello 1',
  `fin` smallint(2) UNSIGNED ZEROFILL NOT NULL COMMENT 'Sello 2'
) ENGINE=InnoDB DEFAULT CHARSET=utf8mb4 COLLATE=utf8mb4_spanish_ci COMMENT='Pareja de Sellos Análogos';

--
-- Volcado de datos para la tabla `sel_par_ana`
--

INSERT INTO `sel_par_ana` (`ide`, `ini`, `fin`) VALUES
(01, 20, 19),
(02, 01, 18),
(03, 02, 17),
(04, 03, 16),
(05, 04, 15),
(06, 05, 14),
(07, 06, 13),
(08, 07, 12),
(09, 08, 11),
(10, 09, 10);

-- --------------------------------------------------------

--
-- Estructura de tabla para la tabla `sel_par_ant`
--

CREATE TABLE `sel_par_ant` (
  `ide` smallint(2) UNSIGNED ZEROFILL NOT NULL COMMENT 'Pareja',
  `ini` smallint(2) UNSIGNED ZEROFILL NOT NULL COMMENT 'Sello 1',
  `fin` smallint(2) UNSIGNED ZEROFILL NOT NULL COMMENT 'Sello 2'
) ENGINE=InnoDB DEFAULT CHARSET=utf8mb4 COLLATE=utf8mb4_spanish_ci COMMENT='Pareja de Sellos Antípodas';

--
-- Volcado de datos para la tabla `sel_par_ant`
--

INSERT INTO `sel_par_ant` (`ide`, `ini`, `fin`) VALUES
(01, 01, 11),
(02, 02, 12),
(03, 03, 13),
(04, 04, 14),
(05, 05, 15),
(06, 06, 16),
(07, 07, 17),
(08, 08, 18),
(09, 09, 19),
(10, 10, 20);

-- --------------------------------------------------------

--
-- Estructura de tabla para la tabla `sel_par_ocu`
--

CREATE TABLE `sel_par_ocu` (
  `ide` smallint(2) UNSIGNED ZEROFILL NOT NULL COMMENT 'Pareja',
  `ini` smallint(2) UNSIGNED ZEROFILL NOT NULL COMMENT 'Sello 1',
  `fin` smallint(2) UNSIGNED ZEROFILL NOT NULL COMMENT 'Sello 2'
) ENGINE=InnoDB DEFAULT CHARSET=utf8mb4 COLLATE=utf8mb4_spanish_ci COMMENT='Pareja de Sellos Ocultos';

--
-- Volcado de datos para la tabla `sel_par_ocu`
--

INSERT INTO `sel_par_ocu` (`ide`, `ini`, `fin`) VALUES
(01, 01, 20),
(02, 02, 19),
(03, 03, 18),
(04, 04, 17),
(05, 05, 16),
(06, 06, 15),
(07, 07, 14),
(08, 08, 13),
(09, 09, 12),
(10, 10, 11);

-- --------------------------------------------------------

--
-- Estructura de tabla para la tabla `sel_pla_cen`
--

CREATE TABLE `sel_pla_cen` (
  `ide` smallint(1) UNSIGNED ZEROFILL NOT NULL COMMENT 'Centro Galáctico',
  `nom` varchar(25) COLLATE utf8mb4_spanish_ci NOT NULL COMMENT 'Nombre',
  `fun` varchar(15) COLLATE utf8mb4_spanish_ci NOT NULL COMMENT 'Función',
  `fam` smallint(1) UNSIGNED ZEROFILL NOT NULL COMMENT 'Familia Terrestre'
) ENGINE=InnoDB DEFAULT CHARSET=utf8mb4 COLLATE=utf8mb4_spanish_ci COMMENT='Centro Planetario';

--
-- Volcado de datos para la tabla `sel_pla_cen`
--

INSERT INTO `sel_pla_cen` (`ide`, `nom`, `fun`, `fam`) VALUES
(1, 'Polo Norte', 'Recibe', 5),
(2, 'Norte Meridional', 'Transmite', 1),
(3, 'Ecuador', 'Da Energía', 2),
(4, 'Sur Meridional', 'Protege', 3),
(5, 'Polo Sur', 'Culmina', 4);

-- --------------------------------------------------------

--
-- Estructura de tabla para la tabla `sel_pla_hem`
--

CREATE TABLE `sel_pla_hem` (
  `ide` int(11) NOT NULL COMMENT 'Identificador',
  `nom` varchar(20) COLLATE utf8mb4_spanish_ci NOT NULL COMMENT 'Nombre'
) ENGINE=InnoDB DEFAULT CHARSET=utf8mb4 COLLATE=utf8mb4_spanish_ci COMMENT='Hemisferio Planetario';

--
-- Volcado de datos para la tabla `sel_pla_hem`
--

INSERT INTO `sel_pla_hem` (`ide`, `nom`) VALUES
(1, 'Norte'),
(2, 'Sur'),
(3, 'Ecuador');

-- --------------------------------------------------------

--
-- Estructura de tabla para la tabla `sel_pla_mer`
--

CREATE TABLE `sel_pla_mer` (
  `ide` int(11) NOT NULL COMMENT 'Identificador',
  `nom` varchar(20) COLLATE utf8mb4_spanish_ci NOT NULL COMMENT 'Nombre'
) ENGINE=InnoDB DEFAULT CHARSET=utf8mb4 COLLATE=utf8mb4_spanish_ci COMMENT='Meridiano Planetario';

--
-- Volcado de datos para la tabla `sel_pla_mer`
--

INSERT INTO `sel_pla_mer` (`ide`, `nom`) VALUES
(1, 'Este'),
(2, 'Oeste');

-- --------------------------------------------------------

--
-- Estructura de tabla para la tabla `sel_pla_res`
--

CREATE TABLE `sel_pla_res` (
  `ide` smallint(1) UNSIGNED ZEROFILL NOT NULL COMMENT 'Respiración S-G',
  `nom` varchar(20) COLLATE utf8mb4_spanish_ci NOT NULL COMMENT 'Posición',
  `hem` smallint(1) UNSIGNED ZEROFILL NOT NULL COMMENT 'Hemisferio',
  `fam` smallint(1) UNSIGNED ZEROFILL NOT NULL COMMENT 'Familia Terrestre'
) ENGINE=InnoDB DEFAULT CHARSET=utf8mb4 COLLATE=utf8mb4_spanish_ci COMMENT='Respiración del Holon Planetario';

--
-- Volcado de datos para la tabla `sel_pla_res`
--

INSERT INTO `sel_pla_res` (`ide`, `nom`, `hem`, `fam`) VALUES
(1, 'Polo Norte', 1, 5),
(2, 'Polo  Sur', 2, 4);

-- --------------------------------------------------------

--
-- Estructura de tabla para la tabla `sel_res`
--

CREATE TABLE `sel_res` (
  `ide` smallint(1) UNSIGNED ZEROFILL NOT NULL COMMENT 'Respiración S-G',
  `nom` varchar(25) COLLATE utf8mb4_spanish_ci NOT NULL COMMENT 'Nombre',
  `tip` varchar(15) COLLATE utf8mb4_spanish_ci NOT NULL COMMENT 'Tipo',
  `tel` varchar(15) COLLATE utf8mb4_spanish_ci NOT NULL COMMENT 'Sentido'
) ENGINE=InnoDB DEFAULT CHARSET=utf8mb4 COLLATE=utf8mb4_spanish_ci COMMENT='Respiración del Holon';

--
-- Volcado de datos para la tabla `sel_res`
--

INSERT INTO `sel_res` (`ide`, `nom`, `tip`, `tel`) VALUES
(1, 'la Inhalación Galáctica', 'Galáctico', 'Karmico'),
(2, 'la Exhalación Solar', 'Solar', 'Profético');

-- --------------------------------------------------------

--
-- Estructura de tabla para la tabla `sel_res_flu`
--

CREATE TABLE `sel_res_flu` (
  `ide` smallint(1) UNSIGNED ZEROFILL NOT NULL COMMENT 'Flujo Polar',
  `nom` varchar(25) COLLATE utf8mb4_spanish_ci NOT NULL COMMENT 'Nombre',
  `des` tinytext COLLATE utf8mb4_spanish_ci NOT NULL COMMENT 'Descripcion',
  `fue` smallint(1) UNSIGNED ZEROFILL NOT NULL COMMENT 'Fuerza Polar'
) ENGINE=InnoDB DEFAULT CHARSET=utf8mb4 COLLATE=utf8mb4_spanish_ci COMMENT='Flujo de Fuerzas Polares';

--
-- Volcado de datos para la tabla `sel_res_flu`
--

INSERT INTO `sel_res_flu` (`ide`, `nom`, `des`, `fue`) VALUES
(1, 'Alfa-G', 'Comienzo de la Inhalación Galáctica', 1),
(2, 'Omega-G', 'Fin de la Inhalación Galáctica', 2),
(3, 'Alfa-S', 'Comienzo de la Exhalación Solar', 1),
(4, 'Omega-S', 'Fin de la Exhalación Solar', 2);

-- --------------------------------------------------------

--
-- Estructura de tabla para la tabla `sel_res_fue`
--

CREATE TABLE `sel_res_fue` (
  `ide` smallint(1) UNSIGNED ZEROFILL NOT NULL COMMENT 'Flujo Polar',
  `nom` varchar(25) COLLATE utf8mb4_spanish_ci NOT NULL COMMENT 'Nombre',
  `des` tinytext COLLATE utf8mb4_spanish_ci NOT NULL COMMENT 'Descripcion'
) ENGINE=InnoDB DEFAULT CHARSET=utf8mb4 COLLATE=utf8mb4_spanish_ci COMMENT='Fuerza Polar';

--
-- Volcado de datos para la tabla `sel_res_fue`
--

INSERT INTO `sel_res_fue` (`ide`, `nom`, `des`) VALUES
(1, 'Alfa', 'Fuerza Masculina'),
(2, 'Omega', 'Fuerza Femenina');

-- --------------------------------------------------------

--
-- Estructura de tabla para la tabla `sel_sol_cel`
--

CREATE TABLE `sel_sol_cel` (
  `ide` smallint(1) UNSIGNED NOT NULL COMMENT 'Célula Solar',
  `nom` varchar(25) COLLATE utf8mb4_spanish_ci NOT NULL COMMENT 'Nombre',
  `des` varchar(150) COLLATE utf8mb4_spanish_ci NOT NULL COMMENT 'Descripción en el Encantamiento',
  `sel` varchar(16) COLLATE utf8mb4_spanish_ci NOT NULL COMMENT 'Sellos',
  `ele` varchar(10) COLLATE utf8mb4_spanish_ci NOT NULL COMMENT 'Clanes',
  `fam` varchar(10) COLLATE utf8mb4_spanish_ci NOT NULL COMMENT 'Familias'
) ENGINE=InnoDB DEFAULT CHARSET=utf8mb4 COLLATE=utf8mb4_spanish_ci COMMENT='Célula Solar del Holon Interplanetario';

--
-- Volcado de datos para la tabla `sel_sol_cel`
--

INSERT INTO `sel_sol_cel` (`ide`, `nom`, `des`, `sel`, `ele`, `fam`) VALUES
(1, 'Terminal Galáctica', 'Clanes del Fuego y el Cielo', '00, 01, 18, 19', '1, 4', '5, 1, 3, 4'),
(2, 'Transbordo de Urano', 'Clanes del Fuego y el Cielo', '02, 03, 16,17', '1, 4', '2, 3, 1, 2'),
(3, 'Transbordo Intermedio', 'Cruce de los 4 clanes', '04, 05, 14, 15', '1, 2, 3, 4', '4, 5, 4, 5'),
(4, 'Transbordo Tierra/Gaia', 'Clanes de la Sangre y la Verdad', '06, 07, 12, 13', '2, 3', '1, 2, 2, 3'),
(5, 'Terminal Solar', 'Clanes de la Sangre y la Verdad', '08, 09, 10, 11', '2, 3', '3, 4, 5, 1');

-- --------------------------------------------------------

--
-- Estructura de tabla para la tabla `sel_sol_cir`
--

CREATE TABLE `sel_sol_cir` (
  `ide` tinyint(3) UNSIGNED NOT NULL COMMENT 'Circuito',
  `cod` tinyint(2) UNSIGNED ZEROFILL NOT NULL COMMENT 'Unidad',
  `nom` varchar(35) COLLATE utf8mb4_spanish_ci NOT NULL COMMENT 'Nombre',
  `des` varchar(100) COLLATE utf8mb4_spanish_ci NOT NULL COMMENT 'Descripción',
  `sel` varchar(16) COLLATE utf8mb4_spanish_ci NOT NULL COMMENT 'Sellos',
  `fam` varchar(4) COLLATE utf8mb4_spanish_ci NOT NULL COMMENT 'Familias',
  `pla` char(5) COLLATE utf8mb4_spanish_ci NOT NULL COMMENT 'Planetas'
) ENGINE=InnoDB DEFAULT CHARSET=utf8mb4 COLLATE=utf8mb4_spanish_ci COMMENT='Circuito de Telepatía del Holon Interplanetario';

--
-- Volcado de datos para la tabla `sel_sol_cir`
--

INSERT INTO `sel_sol_cir` (`ide`, `cod`, `nom`, `des`, `sel`, `fam`, `pla`) VALUES
(1, 36, 'de Recarga Alfa-Omega', 'Metaconsciencia Solar/Galáctica', '00, 09, 10, 19', '5, 4', '10-01'),
(2, 32, 'de la Memoria Instintiva Aliada', 'Poder Cristal, n Estructura del ADN', '01, 08, 11, 18', '1, 3', '09-02'),
(3, 28, 'Biotelepático del Telektonon', 'Tubo por el que Habla la Tierra', '02, 07, 12, 17', '2', '08-03'),
(4, 24, 'de la Inteligencia Externalizada', 'Poderes Telepáticos que Dan en el Blanco', '03, 06, 13, 16', '3, 1', '07-04'),
(5, 20, 'de la Inteligencia Internalizada', 'Poderes Telepáticos que Dan en el Blanco', '04, 05, 14, 15', '4, 5', '06-05');

-- --------------------------------------------------------

--
-- Estructura de tabla para la tabla `sel_sol_orb`
--

CREATE TABLE `sel_sol_orb` (
  `ide` smallint(1) UNSIGNED ZEROFILL NOT NULL COMMENT 'Órbital',
  `nom` varchar(10) NOT NULL COMMENT 'Grupo Orbital',
  `des` tinytext NOT NULL COMMENT 'Descripción',
  `ele` varchar(4) NOT NULL COMMENT 'Clanes'
) ENGINE=InnoDB DEFAULT CHARSET=utf8mb4 COMMENT='Tipo de Órbita';

--
-- Volcado de datos para la tabla `sel_sol_orb`
--

INSERT INTO `sel_sol_orb` (`ide`, `nom`, `des`, `ele`) VALUES
(1, 'Exterior', 'Clanes del Fuego y el Cielo.', '1, 4'),
(2, 'Interior', 'Clanes de la Sangre y la Verdad. Lugar de la ruptura de las guerras del tiempo, recapitulado en el -3.187 años del Encantamiento del Sueño.', '2, 3');

-- --------------------------------------------------------

--
-- Estructura de tabla para la tabla `sel_sol_pla`
--

CREATE TABLE `sel_sol_pla` (
  `ide` smallint(2) UNSIGNED ZEROFILL NOT NULL COMMENT 'Planeta',
  `nom` varchar(10) COLLATE utf8mb4_spanish_ci NOT NULL COMMENT 'Nombre',
  `cod` varchar(10) COLLATE utf8mb4_spanish_ci NOT NULL COMMENT 'Código',
  `orb` smallint(1) UNSIGNED ZEROFILL NOT NULL COMMENT 'Grupo Orbital',
  `cel` smallint(1) UNSIGNED ZEROFILL NOT NULL COMMENT 'Célula Solar',
  `cir` smallint(1) UNSIGNED ZEROFILL NOT NULL COMMENT 'Circuito de telepatía',
  `sel` varchar(7) COLLATE utf8mb4_spanish_ci NOT NULL COMMENT 'Sellos',
  `ele` varchar(4) COLLATE utf8mb4_spanish_ci NOT NULL COMMENT 'Clanes',
  `fam` varchar(4) COLLATE utf8mb4_spanish_ci NOT NULL COMMENT 'Familias'
) ENGINE=InnoDB DEFAULT CHARSET=utf8mb4 COLLATE=utf8mb4_spanish_ci COMMENT='Planeta del Sistema Solar';

--
-- Volcado de datos para la tabla `sel_sol_pla`
--

INSERT INTO `sel_sol_pla` (`ide`, `nom`, `cod`, `orb`, `cel`, `cir`, `sel`, `ele`, `fam`) VALUES
(01, 'Mercurio', 'V24.1', 2, 5, 1, '09, 10', '2, 3', '4, 5'),
(02, 'Venus', 'V24.2', 2, 5, 2, '08, 11', '2, 3', '3, 1'),
(03, 'Gaia', 'V24.3', 2, 4, 3, '07, 12', '2, 3', '2'),
(04, 'Marte', 'V24.4', 2, 4, 4, '06, 13', '2, 3', '1, 3'),
(05, 'Maldek', 'V24.5', 2, 3, 5, '05, 14', '2, 3', '5, 4'),
(06, 'Júpiter', 'V24.6', 1, 3, 5, '04, 15', '1, 4', '4, 5'),
(07, 'Saturno', 'V24.7', 1, 2, 4, '03, 16', '1, 4', '3, 1'),
(08, 'Urano', 'V24.8', 1, 2, 3, '02, 17', '1, 4', '2'),
(09, 'Neptuno', 'V24.9', 1, 1, 2, '01, 18', '1, 4', '1, 3'),
(10, 'Plutón', 'V24.10', 1, 1, 1, '00, 19', '1, 4', '5, 4');

-- --------------------------------------------------------

--
-- Estructura de tabla para la tabla `sel_sol_res`
--

CREATE TABLE `sel_sol_res` (
  `ide` smallint(1) UNSIGNED ZEROFILL NOT NULL COMMENT 'Respiración S-G',
  `nom` varchar(25) COLLATE utf8mb4_spanish_ci NOT NULL COMMENT 'Nombre'
) ENGINE=InnoDB DEFAULT CHARSET=utf8mb4 COLLATE=utf8mb4_spanish_ci COMMENT='Respiración del Holon Solar';

--
-- Volcado de datos para la tabla `sel_sol_res`
--

INSERT INTO `sel_sol_res` (`ide`, `nom`) VALUES
(1, 'la Inhalación Galáctica'),
(2, 'la Exhalación Solar');

-- --------------------------------------------------------

--
-- Estructura de tabla para la tabla `sir_cic`
--

CREATE TABLE `sir_cic` (
  `ide` smallint(1) UNSIGNED ZEROFILL NOT NULL COMMENT 'Ciclo',
  `nom` varchar(50) COLLATE utf8mb4_spanish_ci NOT NULL COMMENT 'Nombre',
  `des` tinytext COLLATE utf8mb4_spanish_ci NOT NULL COMMENT 'Descripción',
  `cue` smallint(3) UNSIGNED ZEROFILL NOT NULL COMMENT 'Cuenta'
) ENGINE=InnoDB DEFAULT CHARSET=utf8mb4 COLLATE=utf8mb4_spanish_ci COMMENT='Ciclo del Tiempo';

--
-- Volcado de datos para la tabla `sir_cic`
--

INSERT INTO `sir_cic` (`ide`, `nom`, `des`, `cue`) VALUES
(1, 'tiempo biotelepático tridimensional', 'El calendario de 13 lunas de 28 días es la medida del ciclo de 365 días del tiempo biotelepático. Es la medida regular de 28 días que ha sido encubierta por el falso tiempo del calendario Gregoriano de 12 meses.', 365),
(2, 'tiempo interplanetario cuatridimensional', 'El ciclo de 260 días es la medida puramente cuatridimensional la cual correlaciona el tiempo de acuerdo a 20 frecuencias solares que se mueven en ciclos de 13 días.', 260);

-- --------------------------------------------------------

--
-- Estructura de tabla para la tabla `tel`
--

CREATE TABLE `tel` (
  `ide` smallint(1) NOT NULL COMMENT 'Plano',
  `nom` varchar(20) COLLATE utf8mb4_spanish_ci NOT NULL COMMENT 'Nombre',
  `des` tinytext COLLATE utf8mb4_spanish_ci NOT NULL COMMENT 'Descripción',
  `lad` varchar(50) COLLATE utf8mb4_spanish_ci NOT NULL COMMENT 'Lado del Tablero'
) ENGINE=InnoDB DEFAULT CHARSET=utf8mb4 COLLATE=utf8mb4_spanish_ci COMMENT='Plano del Cubo de la Ley';

--
-- Volcado de datos para la tabla `tel`
--

INSERT INTO `tel` (`ide`, `nom`, `des`, `lad`) VALUES
(1, 'la Mente', 'La mente es la raíz del tiempo que origina, mueve y disuelve todas las cosas. Está representado por el tablero del Telektonon en su totalidad. La intersección divina de los 3 planos está en el preciso centro del Cubo del Guerrero.', 'superficie'),
(2, 'el Espíritu', 'El espíritu es la raíz de la telepatía. La Telepatía es el orden instantáneo de la mente como número. Es un eje horizontal que separa el campo superior de telepatía del campo inferior de la estructura atómica.', 'eje horizontal'),
(3, 'la Voluntad', 'La voluntad resuena el orden y es la raíz de la estructura atómica, tanto molecular como celular. Es un eje vertical que divide el plano pre-consciente a la izquierda del plano consciente subliminal a la derecha.', 'eje vertical');

-- --------------------------------------------------------

--
-- Estructura de tabla para la tabla `tel_cam`
--

CREATE TABLE `tel_cam` (
  `ide` smallint(1) NOT NULL COMMENT 'Campo',
  `nom` varchar(20) COLLATE utf8mb4_spanish_ci NOT NULL COMMENT 'Nombre',
  `des` varchar(150) COLLATE utf8mb4_spanish_ci NOT NULL COMMENT 'Descripción',
  `lad` varchar(20) COLLATE utf8mb4_spanish_ci NOT NULL COMMENT 'Lado del Tablero'
) ENGINE=InnoDB DEFAULT CHARSET=utf8mb4 COLLATE=utf8mb4_spanish_ci COMMENT='Campo de Tiempo';

--
-- Volcado de datos para la tabla `tel_cam`
--

INSERT INTO `tel_cam` (`ide`, `nom`, `des`, `lad`) VALUES
(1, 'Telepatía', 'La Telepatía precipita la estructura atómica', 'Superior'),
(2, 'Estructura Atómica', 'La estructura atómica resuena telepáticamente', 'Inferior');

-- --------------------------------------------------------

--
-- Estructura de tabla para la tabla `tel_mov`
--

CREATE TABLE `tel_mov` (
  `ide` smallint(1) NOT NULL COMMENT 'Plano',
  `nom` varchar(25) COLLATE utf8mb4_spanish_ci NOT NULL COMMENT 'Nombre',
  `des` varchar(150) COLLATE utf8mb4_spanish_ci NOT NULL COMMENT 'Descripción',
  `tip` varchar(15) COLLATE utf8mb4_spanish_ci NOT NULL COMMENT 'Tipo de Movimiento',
  `flu` varchar(15) COLLATE utf8mb4_spanish_ci NOT NULL COMMENT 'Flujo',
  `pod` varchar(15) COLLATE utf8mb4_spanish_ci NOT NULL COMMENT 'Poder',
  `fun` varchar(15) COLLATE utf8mb4_spanish_ci NOT NULL COMMENT 'Función',
  `lad` varchar(20) COLLATE utf8mb4_spanish_ci NOT NULL COMMENT 'Lado del Tablero'
) ENGINE=InnoDB DEFAULT CHARSET=utf8mb4 COLLATE=utf8mb4_spanish_ci COMMENT='Movimiento del Tiempo';

--
-- Volcado de datos para la tabla `tel_mov`
--

INSERT INTO `tel_mov` (`ide`, `nom`, `des`, `tip`, `flu`, `pod`, `fun`, `lad`) VALUES
(1, 'Galáctico-Kármico', 'Involucionado, de flujo Descendente. Poderes de Conversión que Inician', 'involucionado', 'descendente', 'conversión', 'inicia', 'Izquierda'),
(2, 'Solar-Profético', 'Evolucionado, de flujo Ascendente. Poderes de Sueño que Completan', 'evolucionado', 'ascendente', 'sueño', 'completa', 'Derecha');

-- --------------------------------------------------------

--
-- Estructura de tabla para la tabla `tel_pla`
--

CREATE TABLE `tel_pla` (
  `ide` smallint(1) NOT NULL COMMENT 'Plano',
  `nom` varchar(25) COLLATE utf8mb4_spanish_ci NOT NULL COMMENT 'Nombre',
  `des` varchar(150) COLLATE utf8mb4_spanish_ci NOT NULL COMMENT 'Descripción',
  `lad` varchar(20) COLLATE utf8mb4_spanish_ci NOT NULL COMMENT 'Lado del Tablero'
) ENGINE=InnoDB DEFAULT CHARSET=utf8mb4 COLLATE=utf8mb4_spanish_ci COMMENT='Plano del Tiempo';

--
-- Volcado de datos para la tabla `tel_pla`
--

INSERT INTO `tel_pla` (`ide`, `nom`, `des`, `lad`) VALUES
(1, 'Pre-consciente', '', 'Izquierda'),
(2, 'Consciente Subliminal', '', 'Derecha');

-- --------------------------------------------------------

--
-- Estructura de tabla para la tabla `tel_sub`
--

CREATE TABLE `tel_sub` (
  `ide` smallint(1) NOT NULL COMMENT 'Campo',
  `nom` varchar(30) COLLATE utf8mb4_spanish_ci NOT NULL COMMENT 'Nombre',
  `des` varchar(150) COLLATE utf8mb4_spanish_ci NOT NULL COMMENT 'Descripción',
  `lad` varchar(50) COLLATE utf8mb4_spanish_ci NOT NULL COMMENT 'Lado del Tablero'
) ENGINE=InnoDB DEFAULT CHARSET=utf8mb4 COLLATE=utf8mb4_spanish_ci COMMENT='Sub-campo de Tiempo';

--
-- Volcado de datos para la tabla `tel_sub`
--

INSERT INTO `tel_sub` (`ide`, `nom`, `des`, `lad`) VALUES
(1, 'Telepático preconsciente', 'Memoria se involucra', 'superior izquierda'),
(2, 'Atómico preconsciente', 'Cuerpo se encarna', 'inferior izquierda'),
(3, 'Atómico subliminal', 'Consciente-instinto se involucra', 'inferior derecha'),
(4, 'Telepático subliminal', 'Consciente-sueños se desencarnan ', 'superior derecha');

-- --------------------------------------------------------

--
-- Estructura de tabla para la tabla `ton`
--

CREATE TABLE `ton` (
  `ide` smallint(2) UNSIGNED ZEROFILL NOT NULL COMMENT 'Tono',
  `nom` varchar(20) COLLATE utf8mb4_spanish_ci NOT NULL COMMENT 'Nombre',
  `may` varchar(10) COLLATE utf8mb4_spanish_ci NOT NULL COMMENT 'Nombre Maya',
  `gal` varchar(25) COLLATE utf8mb4_spanish_ci NOT NULL COMMENT 'Función Radio-Resonante',
  `car` varchar(20) COLLATE utf8mb4_spanish_ci NOT NULL COMMENT 'Esencia',
  `pod` varchar(20) COLLATE utf8mb4_spanish_ci NOT NULL COMMENT 'Poder',
  `pod_lec` varchar(15) COLLATE utf8mb4_spanish_ci NOT NULL COMMENT 'Poder Personal',
  `acc` varchar(20) COLLATE utf8mb4_spanish_ci NOT NULL COMMENT 'Acción',
  `acc_lec` varchar(20) COLLATE utf8mb4_spanish_ci NOT NULL COMMENT 'Acción Contínua',
  `pre` varchar(60) COLLATE utf8mb4_spanish_ci NOT NULL COMMENT 'Pregunta Clave',
  `des` varchar(30) COLLATE utf8mb4_spanish_ci NOT NULL COMMENT 'Función del Poder Creativo',
  `des_pro` text COLLATE utf8mb4_spanish_ci NOT NULL COMMENT 'Propiedades',
  `des_med` text COLLATE utf8mb4_spanish_ci NOT NULL COMMENT 'Meditación',
  `des_por` text COLLATE utf8mb4_spanish_ci NOT NULL COMMENT 'Portador',
  `des_pre` tinytext COLLATE utf8mb4_spanish_ci NOT NULL COMMENT 'Preguntas Clave',
  `des_men` tinytext COLLATE utf8mb4_spanish_ci NOT NULL COMMENT 'Mensaje',
  `ond` smallint(1) UNSIGNED ZEROFILL NOT NULL COMMENT 'Aventura de la O.E.',
  `ond_enc` smallint(1) UNSIGNED NOT NULL COMMENT 'Onda por Encantamiento',
  `ond_nom` varchar(30) COLLATE utf8mb4_spanish_ci NOT NULL COMMENT 'Onda Encantada',
  `ond_pos` varchar(20) COLLATE utf8mb4_spanish_ci NOT NULL COMMENT 'Posición',
  `ond_pod` varchar(25) COLLATE utf8mb4_spanish_ci NOT NULL COMMENT 'Poder',
  `ond_man` varchar(85) COLLATE utf8mb4_spanish_ci NOT NULL COMMENT 'Mandato',
  `dim` smallint(1) UNSIGNED ZEROFILL NOT NULL COMMENT 'Pulsar Dimensional',
  `mat` smallint(1) UNSIGNED ZEROFILL NOT NULL COMMENT 'Pulsar Matiz',
  `sim` smallint(1) UNSIGNED ZEROFILL NOT NULL COMMENT 'Simetría Especular',
  `hum_lad` smallint(1) UNSIGNED ZEROFILL NOT NULL COMMENT 'Lado del Humano',
  `hum_art` smallint(1) UNSIGNED ZEROFILL NOT NULL COMMENT 'Articulación del Humano',
  `hum_sen` smallint(1) UNSIGNED NOT NULL COMMENT 'Sentido del Humano'
) ENGINE=InnoDB DEFAULT CHARSET=utf8mb4 COLLATE=utf8mb4_spanish_ci COMMENT='Tono Galáctico';

--
-- Volcado de datos para la tabla `ton`
--

INSERT INTO `ton` (`ide`, `nom`, `may`, `gal`, `car`, `pod`, `pod_lec`, `acc`, `acc_lec`, `pre`, `des`, `des_pro`, `des_med`, `des_por`, `des_pre`, `des_men`, `ond`, `ond_enc`, `ond_nom`, `ond_pos`, `ond_pod`, `ond_man`, `dim`, `mat`, `sim`, `hum_lad`, `hum_art`, `hum_sen`) VALUES
(01, 'Magnético', 'HUN', 'la Unidad', 'el Propósito', 'Unificar', 'unifico', 'Atraer', 'atrayendo', '¿Cuál es mi propósito?', 'Unificar el Propósito', 'La Unidad es el Todo, la única verdad absoluta es la creación mental del Todo. En el círculo de la perfección todos los seres están unidos inseparablemente sin importar su dimensión de manifestación. La ilusión o creencia de que no es así crea una grieta en la relación original y esa grieta en el campo de energía crea una polaridad -como un proceso de polarización- que ha de convertirse en vibración.  Hunab Ku representa a la deidad central -corazón Central de la Galaxia, y por extensión Dios-, otorga el movimiento y la medida y es el corazón del cielo: la medida es el código pulsar -armónico de 4- que crea la estructura o marco para todas las leyes y principios que de él dimanan -12 dioses que son hipóstasis del Central, de los cuales el uno, el cinco, el nueve y el trece se manifiestan en la cuarta dimensión, el tiempo.  La Unidad establece el propósito, el objetivo, la meta de la acción, por pequeña que ésta sea.  ', 'Uno - Yoga de la Unidad: La Fuerza Primordial del Ser Cósmico, Galactatrón, El Iniciador - Dragón Rojo (Polo Norte - Polo Marka) - Controla el poder del ser cósmico y desciende como conocimiento cósmico. Abre la Puerta de Luz Universal a la Corte del Avatar. (108) Dragón - La Fuerza Primordial:  Ahora siente en el vacío de cero, o espacio vacío, que el uno es el primer pensamiento que surge. Siente la sensación de unicidad. El uno surge como la primera separación de luz o espacio. Nada existe sin el uno. Todo tiene un punto central alrededor del cual girar - este es el poder del uno. El uno da origen a todos los demás números. El uno está en todo.   ', ' El que nace con este tono está llamado a que responda a los más profundo y verdadero de su vibración energética, como si necesitara despertar a una vida nueva, dónde comprende que en él se encuentra ya no solo el inicio sino también, y simultáneamente, el final de cualquier proceso. \r\nSu misión es la del iniciador, la del que abre el camino para sí y para otros. Si en su conciencia personal todavía se percibe como solo, o separado de la Esencia Divina, su trabajo consiste en reconocer la unidad profunda de todas las cosas y centrarse en su corazón, donde ya está la sabiduría necesaria para ese fin. \r\nEn su función, el uno establece el propósito u objetivo para cualquier acción. Es un pequeño escalón, un pequeño gran paso, que quizás todavía no determine como seguir adelante, pero ya está tomando conciencia de que hay algún sentido, algún para qué que moviliza de la quietud inicial al movimiento inmediato posterior. \r\nEn el primer escalón está contenida toda la escalera, por eso su energía y su propuesta e la de todos los demás, que la expanden. \r\n', '¿Cómo puedo identificar mis propósitos? ¿Cómo Trabajo los inicios de mis procesos? ¿Cómo Encuentro Unidad en la Multiplicidad de la vida?', 'Abre tu Corazón al Amor Incondicional como un Cáliz para la Esencia Invisible. Permite que el Sacramento de Unidad sea Útil en vos.', 1, 0, 'Pórtico Magnético', 'Punto de Entrada', 'Identifica el propósito', '¿Cuál es mi meta?', 4, 1, 1, 1, 1, 1),
(02, 'Lunar', 'KA', 'la Polaridad', 'el Desafío', 'Polarizar', 'polarizo', 'Estabilizar', 'estabilizando', '¿Cuál es mi desafío?', 'Polarizar el Desafío', 'Son los extremos de un mismo fenómeno, los opuestos idénticos en su naturaleza: espíritu y materia, el todo y los muchos, la ley de las leyes, la luz y la oscuridad, el acierto y el error, la diferencia -la vida- y la indiferencia -la muerte-, el ying y el yang. Armonizar la vibración es resolver la polaridad equilibrando los dos extremos, o sea incluyéndolos. Si todo fuese luz las formas se difuminarían, por eso es necesario el contraste de las sombras. Cultivar nuestra propia resonancia es armonizar nuestra vibración con las resonancias planetarias, solar y galactica, en esta armonía estan incluidos los extremos ya polarizados. Según la Geomancia, la Tierra es un campo resonante y nosotrosa somos unidades menosres resonantes, agujas de acupuntura para ser aplicadas en puntos nodales de Gaia.\" ', 'Dos - Yoga de la Polaridad: La Suma Sacerdotisa del Espíritu Cósmico, Urania, El Aliento del Espíritu - Viento Blanco (Polo Sur - Polo Darka) - Controla el poder del aliento cósmico y asciende como profecía. Abre la Puerta de Luz Universal a la Corte del Profeta. (144) Viento - La Suma Sacerdotisa: Inhala, exhala.  Siente el dos. Día y noche. Siente el dos. Masculino y femenino. Siente el dos. Polo Norte y Polo Sur. Siente el dos. Dos es la lente a través de la cual emerge la unidad y equilibra con lo infinito. Dos es la puerta entre el uno y lo infinito. Uno y dos son los padres de todos los números. Todos los números pares son divisibles por dos. La separación de la naturaleza tiene su raíz en el dos. Todos nuestros procesos de pensamiento siguen la polaridad de la naturaleza. La vida está creada a partir del dos. En vigesimal el uno se divide en dos puntos, como una división biológica. Cada forma de vida conlleva la dualidad del dos. Dos es la fuerza Lunar en el Yoga de Polaridad.\"   ', 'El portador de este tono debe revisar sus conflictos personales, y esa sensación ilusoria de sentirse separado del Todo, simplemente porque se pone a creer demasiado en la dualidad de las cosas. \r\nDebe observar aquello que le atrae y lo que le produce rechazo, hallar una conexión entre los extremos, apreciar lo que cada aspecto de la polaridad puede enseñarle. \r\nUna de las manifestaciones más claras de esta dualidad tiene que ver con lo masculino y femenino, que debe examinarse en el interior de la misma persona, incluso en los distintos aspectos de la divinidad; desde allí construye su propia identidad y da sentido a los flujos energéticos a su alrededor a su alrededor, los vaivenes del destino.\r\n\r\n', '¿Cómo identifico los obstáculos o mis desafíos? ¿Cómo trabajo y supero las dualidades de la vida? ¿Cómo me movilizo luego de comenzar un proceso? ', 'Mira al espejo: ¿con quién te encuentras del otro lado?', 1, 1, 'Cámara Lunar', '1° Cámara', 'Identifica el desafío', '¿Cuáles son los obstáculos?', 1, 2, 2, 1, 2, 2),
(03, 'Eléctrico', 'OX', 'el Ritmo', 'el Servicio', 'Activar', 'activo', 'Unir', 'vinculando', '¿Cómo puedo servir mejor?', 'Activar el Servicio', 'Flujo y reflujo, ascenso y descenso, acción y reacción, es el movimiento entre los dos polos de todos los planos -físico, mental y espiritual-. Cada fenómeno, cada fenómeno, cada proceso tiene su propio ritmo, todo tiene un inicio, nace, muere y renace. Al crear polaridades o dualidades, desencadenamos una serie de eventos llamados karmas -circunstancias que vivimos, experimentamos y superamos-, nacemos en un campo kármico para desarrollar una perspectiva cósmica, la comprensión de la fisura noslleva a la acción, que es lo qiue corrige el karma, y esta comprensión es el Dharma. En términos de ciencia cósmica. karma son aquellas acciones que producen ignorancia y oscuridad espiritual, y dharma son aquellas acciones que corrigen o suprimen esa negatividad y constituyen un campo más benñefico, la sabiduría, el conocimiento, la luz. Ambas están relacionadas siempre con la Ley del Amor Universal y de la Bondad.\" ', 'Tres - Yoga del Servicio: El Soñador de la Larga Noche del Sueño Cósmico - Noche Azul (extremidad izquierda centrífuga) - Controla el poder del sueño para llegar a ser abundancia de manifestación. Abre la Puerta de Luz Universal a la Corte del Compasivo. (126) Noche - El Soñador: Ahora siente que el dos da paso al tres. El tres une y activa creando el dinamismo. Todo lo que es dinámico, tiene tres partes. El tres es el principio vinculante. Principio, Medio y Final. Pasado, Futuro y Presente. Hombre, Mujer y Niño. Siente la estructura del tres en tu cuerpo como tres partes. El triangular de dos es tres. Tres es también el número del servicio que va más allá. El servicio es siempre un principio transcendental. Tres es la fuerza Eléctrica en el Yoga de Activación.  ', 'Este tono sugiere al que lo lleva que es hora de salir de estancamientos en el flujo de la vida. \r\nDebe convertirse en el tercer punto entre las polaridades y generar una realidad nueva unificadora, que integre o redescubra los los aspectos de la existencia que parecían perdidos o desconectados de la verdad. \r\nLas personas portadoras de este tono deben comprender que es eso que se llama \"servicio\". Necesitan plantearse qué pueden permitirse a si mismas, para tener las manos llenas a la hora de ofrecer su servicio a los demás. Una vez que resuelven esto, que comprenden que deben primero darse un servicio a sí mismas (uno es el primer prójimo), nunca se sienten vacías por estar diciendo siempre que sí, por estar corriendo primero para socorrer a las necesidades ajenas, muchas veces sin retribución por su valioso servicio. \r\nPoseen una amplia capacidad para conectar o vincular personas; y también la de ayudar a las personas a superar sus diferencias.\r\n', '¿Qué servicios o permisos debo darme? ¿Cómo puedo brindar un mejor servicio a los demás? ¿Cómo conecto una realidad con otra? ', 'Un Luminoso Triangulo se hace visible. Siente el pulso de la corriente sagrada llamándote a casa. ', 1, 1, 'Cámara Eléctrica', '2° Cámara', 'Identifica el servicio', '¿Cuál es el servicio?', 2, 3, 3, 1, 3, 3),
(04, 'Autoexistente', 'KAN', 'la Medida', 'la Forma', 'Definir', 'defino', 'Medir', 'midiendo', '¿Cuál es la forma que tomará mi servicio?', 'Definir la Forma', 'Es el poder del ordenamiento matemático del macro y del micro cosmos. Es el establecer los límites de las estructuras: cuatro son las regiones cósmicas mayas, cuatro los elementales, cuatro los nucleótidos, cuatro los elementos quimicos primarios, cuatro las razas cósmicas raiz, cuatro los rumbos cardinales, cuatro las estaciones solares, cuatro las estaciones galacticas, cuatro los chakras de la personalidad. El cuatro como medida de todas las estructuras materiales -tétrada sagrada pitagórica-. La geometría fractal del Universo es la base de su estructura holonómica. Al tono cuatro se le denomina Autoexistente por ser la creación directa de la Deidad Central: Hunab Ku. Todo cuanto existe es según la medida de la Ley del Todo. Entra siempre en relación con la composición trina de lo espiritual formando la estructura Septernal de todo lo que Es.\" ', 'Cuatro - Yoga de la Forma: El Inocente Ser Semilla de la Consciencia Cósmica - Semilla Amarilla (extremidad derecha centrípeta) - Controla el poder de la consciencia universal para evolucionar los poderes de la inteligencia cósmica. Abre la Puerta de Luz Universal a la Corte del Descubridor. (90) Semilla - El Inocente: Ahora siente el cuatro como el poder de la forma: Adelante, atrás, izquierda, derecha. Cuatro es el poder de la forma auto-existente. Siente la medida perfecta y la estabilidad del cuatro dentro de la simetría de tus cuatro extremidades: dos brazos, dos piernas. Cuatro es la base del yoga de la forma. Cuatro extremidades son el poder del movimiento. Sin el cuatro no existe ninguna manifestación. Cuatro es la triangulación de diez, el poder de la manifestación. La matriz de un cubo tiene cuatro lados iguales. Cuatro es el primer número que representa el poder del tiempo. Es el factor clave en la base de la relación de la formulación de la Ley del Tiempo: 4:7:: 7:13. Cuatro es el primer número formado por la suma y la multiplicación de los iguales. 2 + 2 ó 2 x 2. 4 ² = 16. 43(base del ADN). Cuatro es la fuerza Auto-existente en el Yoga de la Forma.  ', 'El portador del tono autoexistente debe medir, calcular, sopesar, diseñar, moldear la realidad en cualquiera de sus niveles, mas materiales o mas sutiles. Para eso se conecta con la Idea, el Proyecto de lo que todavía no es visible, para ir plasmando en la realidad externa, usando al mismo tiempo discernimiento y coherencia, creatividad y practicidad en todos los órdenes de la existencia. \r\nDeben descubrir que las estructuras no son para encerrarse en ellas, sino para construir y finalizar esta construcción para soltar esa estructura y diseñar la próxima. \r\nSon buenos diseñadores, arquitectos, estrategas, gente que se manifiesta como sólida. Se descubren preguntandose el cómo, cuál es la receta la fórmula más o menos adecuada para resolver todo.\r\n', '¿Cómo llevo a cabo mis propósitos? ¿Cuál es la forma y la medida que diseña la base de mi vida? ¿Cuál es la Estructura más adecuada para hacer más sólida mi misión?', 'Alineado con los Ciclos Naturales. lo Sagrado puede tomar forma en el Gran Misterio revelado a través tuyo. ', 1, 1, 'Cámara Autoexistente', '3° Cámara', 'Identifica la forma', '¿Cuál es la forma de acción?', 3, 4, 4, 1, 4, 4),
(05, 'Entonado', 'HO', 'el Centro', 'la Radiancia', 'Conferir Poder', 'confiero poder', 'Mandar', 'comandando', '¿Cómo puedo empoderarme mejor?', 'Empoderar la Radiancia', 'Representado por el masculino del principio generatriz que otorga la integración al ejercer su cualidad como atractor positivo -yang-. Permite que el rayo cinco, bajo la acción pulsar del cuatro, se mueva regido por el nueve, lo femenino creativo -integridad-. Toda unidad, por pequeña que sea, contiene un núcleo como atractor y una periferia de manifestación, por ejemplo, el núcleo del átomo y los electrones. Se denomina tono Entonado por derivar de la concepción del matiz cromático de cinco que es la acción de la Qinta Fuerza Galáctica, el matiz del color de la entonación.\" ', 'Cinco - Yoga de la Quinta Fuerza/Radiancia: Iniciado de la Serpiente de Sabiduría - Serpiente Roja - Poder del Sexo: El Sexo es el inicio del conocimiento. El Iniciado de la Serpiente de Sabiduría es el primero en ser iniciado por la Fuerza Primordial Galactatrón. Mediante esta iniciación ella obtiene el poder para iniciar y empoderar a otros en la sabiduría atemporal de la serpiente que abarca los sistemas de mundos. El Iniciado de la Serpiente de Sabiduría es el más antiguo; es la poseedora de todas las doctrinas ocultas y tesoros de la mente almacenados alrededor del planeta. En ella está el almacén de la memoria cósmica de los sistemas de mundos anteriores. Ella es instintiva, y su poder sexual es la esencia de su sabiduría. Enseña a través de los ritos de iniciación. (288) Serpiente - El Iniciado Serpiente: Siente el cinco al estirar tus cuatro extremidades y observa que todas ellas se rúnen en el centro, el corazón, la quinta corte interior. Cinco es el poder de dinamismo. Cinco es el dedo pulgar y el corazón que completa al cuatro; la quinta fuerza. Con el pulgar podemos sujetar las cosas. El cinco es la base de los sólidos platónicos tal como lo describe Platón en Timeo. Hay cinco volúmenes que surgen dentro de una esfera que manifiestan el principio monádico de igualdad en todas las direcciones. Los modelos en piedra de estos cinco tipos datan de 1500 aC en Escocia. Todo en el universo está formado por combinaciones de los sólidos platónicos. La quinta fuerza es la inteligencia como una fuerza mental. La quinta fuerza está sintonizada al tiempo como el factor de sincronización. Esta inteligencia de quinta fuerza opera en el centro de cada matriz de la materia, donde las cuatro fuerzas están reunidas por la quinta fuerza. En la física tradicional, hay cuatro fuerzas: fuerza débil, fuerza fuerte, fuerza electromagnética y gravitacional. Cinco es la fuerza Entonada en el Yoga de la Quinta Fuerza.  ', 'El portador del tono entonado, desde el centro de todo, puede observar con visión privilegiada la realidad externa e interna. \r\nSi el universo es infinito, un circulo o una esfera sin fin, entonces su centro puede estar en cualquier punto, y cada humano puede reclamar con derecho su condición de centro del universo, posición desde la cuál pueden empezar a entender y construir su existencia, su misión, su mundo interno. \r\nEl portador del tono entonado descubre entonces su sabiduría interna, su condición íntimamente sagrada, y así va expandiendo su ser. \r\nEn la escalera energética de 13 peldaños, el tono 5 se llama \"Torre de mando\", el centro donde confluyen los pasos anteriores, donde se puede decir \"YO SOY\" y \"YO PUEDO\".\r\nLos portadores de este tono tienen el don natural del mando, porque saben cómo se hacen las cosas. Suelen ser líderes o jefes natos. \r\nTrabajar su autoestima en la medida adecuada, saberse poderosos y con autoridad innata, son las claves para su accionar y para ser el centro de la acción de los demás.\r\n', '¿Cómo asumo mi autoridad natural o trabajo mi autoestima? ¿Como puedo reunir los recursos para llevar a cabo mi propósito? ¿Cómo me reconozco en el centro de todas las cosas? ', 'A través del Portal de la Estrella. Muévete con facilidad y elévate: la Danza del Fundamento en el Corazón de la Manzana. La Mano del hombre en la puerta Espiritual. ', 2, 1, 'Torre Entonada', 'Puesto de Mando', 'Toma el mando', ' Reúne los recursos', 4, 5, 5, 1, 5, 5),
(06, 'Rítmico', 'UAK', 'el Equilibrio Orgánico', 'la Igualdad', 'Organizar', 'organizo', 'Equilibrar', 'equilibrando', '¿Cómo extiendo mi igualdad con los demás?', 'Organizar la Igualdad', 'La polaridad del ritmo genera el principio orgánico, la ley del ordenamiento hexagonal de las estructuras cristalinas y celulares. La tendencia de todas las estructuras ligadas al proceso de la vida es la de alcanzar el equilibrio relativo, que le permita alcanzar un estado de realización intermedio, a partir del cual continuar el movimiento hacia estados de desarrollo superior. -Consciencia superior-. De esta manera, el principio de Diferencia de Potencial aporta la resolución de situaciones a través de saltos cualitativos entre estados de energía -saltos de energía potencial en cinética, de equilibrios inestables a estables, de una forma de energía a otra-. Nada de cuanto sucede es casual, todo está sujeto al poder de la ley primigenia, todo efecto tiene su causa y a la vez es causa de otros efectos, la única Causa Centro Primera es El Creador. Su acción es equilibrar, conciliar, moderar los extremos, establecer la igualación para producir la organización. No debe entenderse organización como orden inmutable, sino como la manera transitoria de obtener el desarrollo progresivo de la acción. ', ' Seis - Yoga de la Igualdad: El Hierofante - Enlazador de Mundos Blanco - Poder de la Muerte. El Hierofante es el revelador de lo sagrado, el guardián del almacén de la muerte, la fuente sagrada de conocimiento. El Hierofante es el segundo a ser iniciado en el misterio del Ser Cósmico por la Fuerza Primordial Galactatron. Su poder de la muerte equilibra el poder del sexo del Iniciado Serpiente. El Iniciado Serpiente es el generador del circuito eléctrico rojo y el Hierofante es la terminal del circuito eléctrico azul. El Hierofante revela el poder sagrado del conocimiento de la muerte, y tiene autoridad para transmitir este conocimiento al Avatar, y todos, como el Avatar buscan ser la encarnación viviente del conocimiento cósmico. El Avatar sólo puede enseñar mediante el ejemplo. (294) Enlazador de Mundos - El Hierofante: Ahora siente la singularidad del número seis. Siente su orden y regularidad. Seis es el número del equilibrio. Simboliza la unión de la polaridad de dos triángulos o masculino y femenino. Seis es el principio fundamental de organización de los sólidos platónicos. Un tetraedro tiene seis bordes, un cubo tiene seis caras. Puedes sentir el seis, tomando consciencia de la izquierda, derecha, adelante, atrás, arriba y abajo. El seis también representa el universo con cuatro direcciones cardinales más arriba y abajo. El seis se puede ver en el panal de miel hexagonal de la colmena. La estructura celular y las membranas están basadas en hexágonos. Cada copo de nieve tiene seis lados. El cristal se basa en el patrón hexagonal (ver cristal de doble terminación). El seis es íntegramente auto-consistente, 1 + 2 + 3 ó 1 x 2 x 3. Seis es el triangular de tres. El patrón del seis tiene infinitas posibilidades. Seis es la fuerza Rítmica en el Yoga de la Igualdad.  ', 'El portador de este tono siente que debe trabajar y ponerse en movimiento en búsqueda de un equilibrio entre su persona, centro de todas las cosas, y la unidad del todo expresada en la forma externa. \r\nEs movimiento rítmico que va desde lo más profundo hacia la realidad cotidiana, donde se mezcla lo divino con lo humano, donde se hacen elecciones más sabias, donde se viven con amor e iluminacion superior de los ritmos (de los ciclos) de la existencia. \r\nSe conoce a este tono como el equilibrio organico, que se entiende como la tendencia de todo lo natural hacia su evolucion, su crecimiento, que va de una etapa a la siguiente. El ser humano organiza su vida y se prepara para ir dando pequeños o grandes saltos evolutivos en su misión a la vez terrena y espiritual. \r\nLos portadores del tono se muestran autosuficientes, autónomos, porque siguen su propio ritmo interno, una música propia, que invita a los demás a ser respetada como tal, y que eventualmente dejara mezclar con otros ritmos, sin perder el propio. \r\nVan así buscando y realizando su propio equilibrio personal, para su beneficio y de los que saben escucharlos.\r\n', '¿Cómo puedo equilibrarme? ¿Cómo me organizo según mi ritmo interno? ¿Cómo armonizo los propósitos con sus desafíos?', 'El Equilibrio Orgánico emerge de quien eres en todas las dimensiones. Las Estrellas también tienen raíces. ', 2, 2, 'Cámara Rítmica', '4° Cámara', 'Manda la igualdad', 'Administrar el desafío', 1, 1, 6, 1, 6, 6),
(07, 'Resonante', 'UUK', 'el Poder Místico', 'la Sintonización', 'Canalizar', 'canalizo', 'Inspirar', 'inspirando', '¿Cómo sintonizo mi servicio con los demás?', 'Canalizar la Entonación', 'El Ser Humano es una unidad resonante dentro de un tono mental, el orden material es un fractal del ordenamiento mental del universo. nosotros no controlamos la mente, somos pensados por la mente, vivimos inmersos, nos movemos y nuestro ser habita en ella. el poder místico es el poder que dimana del Todo que es Mente Pura. Genera el alfa y el omega, siendo su canal de comunicación el Kuxam Suum, Sipapu o cordón de plata como canal entre los mundos dimensionales. En el humano se ohjetiva como el canal eje central de la columna. Deviene de la figura del Septenvirato Maya Quiché: Cuatro dioses Regentes Cósmicos, el Corazón del Cielo y los dos Dioses Creadores -Tepeu y Gucumatz-: Cosmológicamente representa la estructura Septenaria del Universo material y de los universos mentales y espirituales. Como tono resonnate, el siete canaliza la energía inspirando la armonización. ', 'Siete - Yoga de la Resonancia: El Avatar - Mano Azul - Poder del Conocimiento Cósmico (Realización). El Avatar encarna el descenso del ser como conocimiento cósmico. Él es el tercero en ser iniciado por la Fuerza Primordial Galactatrón. El representa el conocimiento como la realización del ser cósmico. El Avatar recibe empoderamiento iniciático del Iniciado Serpiente y desde el Hierofante, por lo que llega a ser el factor de equilibrio de la muerte y el sexo, el receptor de las dos corrientes eléctricas primordiales, roja y azul. Como un modelo, el Avatar ejemplifica como incorporar el conocimiento cósmico y completar los comandos de la evolución de la consciencia cósmica. Un cuarto empoderamiento es recibido del Yogui(ni), su espejo de mediación cósmica. (291) Mano - El Avatar: Siete es la puerta que abre los misterios de la vida; éste es el más sagrado de todos los números. Siente los siete portales en tu cabeza: dos ojos, dos oídos, dos fosas nasales, una boca. El ser humano también tiene siete glándulas endocrinas. Observa las siete estrellas, tanto en la Osa Mayor como en Orión. Siete es el poder de la sintonía resonante y tiene un significado universal en todas las culturas, mitos y religiones. Por ejemplo, los siete pasos de Buda simbolizan el ascenso de las siete etapas cósmicas que transcienden el tiempo y el espacio. El número siete es utilizado 55 veces en el libro del Apocalipsis (siete sellos, siete trompetas, siete iglesias, etc.) En el Islam, el siete es el número perfecto referido repetidamente en el Corán, los siete cielos, las siete tierras, etc. Siete es un número cósmico, con tres cielos y cuatro mundos. Siete es el número central en la Ley del Tiempo. Es el intervalo implícito entre 13 y 20. Siete es el poder que mantiene el ciclo 13:20 unido - 7 y 13 tienen la integridad más consistente de producir números cíclicos. Siete y 13 son los poderes primarios de la organización en el tiempo. Siete es la fuerza Resonante en el Yoga de la Sintonización.  ', 'El portador del tono resonante debe descubrir el poder que se activa a través de los 7 chakras o puntos energéticos, la fuerza lumínica que pasa por su espina dorsal, de manera tal que pueda transformar su visión material en una conciencia espiritual o más sutil, y todo logrado a partir de su auto-aceptación, el reconocimiento incondicional de condición sagrada. \r\nEste tono es el central en el proceso de toda escalera energética de 13 escalones, es donde resuenan los pasos de los que se vienen (los primeros 6 tonos) y los pasos siguientes (los siguientes 6). Es un punto medio para abrirse místicamente y tener la percepción de toda la escalera. \r\nLos portadores de este tono vienen a trabajar su relación con los demás, a aprender del eco de todo lo que resuena en su conexión con el entorno. \r\nDe esta manera, a la mitad del río, deciden continuar andando hacia el final, la otra orilla, en búsqueda de la trascendencia.\r\n', '¿Cómo me relaciono con los demás? ¿Cómo puedo armonizar mi servicio? ¿Cómo me resuena lo que percibo a mi alrededor?', 'Puede ser tu poder mistico la fuente de luz. Encender tu luz en el viaje entre las estrellas. ', 2, 2, 'Cámara Resonante', '5° Cámara', 'Manda la sintonización', 'Sintonizar el servicio con la acción', 2, 2, 7, 2, 7, 7),
(08, 'Galáctico', 'UAXAK', 'la Resonancia Armónica', 'la Integridad', 'Armonizar', 'armonizo', 'Modelar', 'modelando', '¿Vivo lo que creo?', 'Sintonizar la Integridad', 'También es denominado Principio de las octavas resonantes. Así como en música, las escalas se suceden en octavas, las energías vibratorias contactan y resuenan con sus respectivas equisonantes en los niveles superiores e inferiores de la manifestación, como también con los armónicos secundarios derivados de la vibración. Las octavas son el vehículo de información del Todo, como la Ley de la armonía, de alli su poder y su nombre de Galáctico, en tanto representa la integridad del Todo galáctico. Los campos morfogenéticos son campos de resonancia armónica. El Nagual como lo inefable, el gran océano de la mente colectiva, el Tonal como lo efímero, lo corpóreo, la ilusión de la realidad tridimensional, la mente de deseo, el temor a la muerte, a la no forma. El tono ocho otorga la habilidad de dar forma, de modelar, de perpeñar aspectos del nivel inmediatamente superior de vibración. ', 'Ocho - Yoga de la Integridad/Armonía: El Artista - Estrella Amarilla - Poder del Arte (Elegancia). El Arte es el principio del Amor. El Artista es el primero en ser emanado por el Soñador Cósmico, para el artista lo primero es seguir el sueño y hacer que el se exprese en una obra de arte. El Artista es quién modela, quién crea, quién revela la belleza y la elegancia de la creación mediante simples actos de consciencia. Para el artista, todo acto de arte, elegancia y belleza es un acto de amor. El artista es indispensable para la creación del entero de arte planetario. El artista enseña viviendo y haciendo, pues básicamente todo lo que hace el artista, es arte. El camino del artista genuino es el arte en la vida cotidiana -La vida tal como la vivimos es el ritual que estamos buscando- es el lema del artista. (300) Estrella - El Artista: Siente el equilibrio armónico y la integridad del ocho, dos al cubo. El ocho es el número de la forma y del orden galáctico, y el número de la octava escuchada en la música. Siente la armonía del ocho dentro de tu cuerpo: dos ojos, dos oídos, dos fosas nasales, una boca, una piel. El ocho encapsula la gama total de posibilidades de los cinco sentidos. El ocho crea la octava diatónica, el 13 crea la octava cromática. Diatónica (8) + cromática (13) = 21, base de la totalidad de 441. Ocho es la fuerza Galáctica en el Yoga de la Armonía.  ', 'Los portadores de este tono deben llevar armonía a cada nivel de su vida, manejar las sincronías con las demás energías o personas, reconocerse como un punto en el que esta confluyendo constantemente el infinito y lo terreno. \r\nVienen a traer cada vez más armonía a su entorno, en consonancia con las energías que en estos tiempos de la humanidad y del planeta están elevando el nivel de consciencia y la vibración. Y toda esta acción hacia afuera parte del trabajo en luz de su propia integración personal, de movilizar los distintos aspectos del ego y darles una coherencia y una unidad en el ser de uno. \r\nSe les otorga la habilidad de dar forma definitiva a todo propósito, a disponer de vibración inmediatamente superior. Pueden poner los pies en la tierra, y elevar la mirada al objetivo final. \r\nSon los que necesitamos para hacer realidad los proyectos postergados, los que están allí en el momento adecuado para que dejemos de especular y nos dediquemos a la acción inmediata, los que enseñan que hay que ser coherentes con uno mismo, entre lo que se cree y lo que se vive.\r\n', '¿Vivo lo que creo? ¿Cómo bajo lo teórico y abstracto a la realidad? ¿Cómo integro en un todo los distintos aspectos de mi ser?', 'Penetrado por la armónica del corazón único. Canta la canción del éxtasis. Únete cantando al despertar del sueño. ', 2, 2, 'Cámara Galáctica', '6° Cámara', 'Manda la integridad', 'La acción alcanza la forma', 3, 3, 6, 3, 6, 6),
(09, 'Solar', 'BOLON', 'la Periodicidad Cíclica', 'la Intención', 'Pulsar', 'pulso', 'Realizar', 'realizando', '¿Cómo logro mi propósito?', 'Pulsar la Intención', 'Todo cuanto se mueve lo hace de acuerdo a la Ley Cósmica. La periodicidad cíclica, no la repetición de los sucesos, es la cualidad por la que un evento se asocia a otros anteriores y posteriores en el tiempo como fenómenos resonantes. -Ciclos entre ciclos-. Representa lo femenino del princípio generatriz -el yin-, el polo creativo en el cual se manifiesta la generación o producción de formas, energías y conceptos nuevos, dinamizadores del proceso evolutivo de la vida. Es por esta razón que se le denomina Tono Solar, en el sentido de obtener la realización solar, ese es el objetivo, la intención de poner la acción en movimiento.\" ', 'Nueve - Yoga de la Intención: La Sanadora - Luna Roja - Poder de Purificación (poder Sanador del Agua Universal de compasión). La Purificación es la fuente y el poder sanador del amor. La Sanadora es aquella que crea la totalidad, quién sabe cómo fluir en la totalidad, quién sabe cómo reparar lo que se ha separado, y como enfriar el corazón discordante. La Sanadora es la unidad con el poder del Sueño. Es la Sanadora quién transmite su poder sanador de purificación al Compasivo como el Agua Universal del amor que todo lo sana. La Sanadora conoce los caminos de la Tierra, las plantas y los secretos de los animales. La Sanadora enseña que la auto-sanación es auto-amor, y que todos somos ya intrínsecamente la totalidad. (306) Luna - La Sanadora: Ahora siente las cualidades mágicas del número nueve; los nueve portales o aberturas en el cuerpo. Nueve es el número de los Nueve Señores del Tiempo y del Destino (Bolontiku). El cuadrado mágico de nueve fue la primera forma del cuadrado mágico, todas las filas suman 15. Cualquier múltiplo de nueve suma nueve y es divisible por 9 (que es una función del 3). La mayoría de los números que tienen la capacidad de ser recombinantes, tales como el recíproco recombinante puro del siete, 142 857, como hemos visto, son también múltiplos de nueve. El recíproco de 7, 142 857, es un número mágico y cíclico que es divisible por nueve y tres (ley del 7 y ley del 3). El principio dinámico del universo está moviéndose realmente a través del nueve. Nueve es la fuerza Solar en el Yoga de la Intención.  ', 'Al portador de este tono se lo invita a concretar sus sueños y a encontrar la plenitud dentro de los límites de su misión y su condición terrena. De la simple intención de ser debe pasar a ser Realmente, usando su sabiduría y su experiencia iluminadora. De esa manera en la realización individual se va logrando la elevación espiritual. A este escalón se lo llama torre de acción, donde se concreta desde la guía del tono 5 o torre de mando. \r\nLos portadores de este tono suelen mostrarse como personas realizadoras, que concretan o ejecutan proyectos propios o ajenos. Ya han dejado atrás las especulaciones, las dudas, los planteos previos, etapa de preparación para la acción. \r\nConcretar, hacer, todo el tiempo, parece la consigna natural de los portadores del tono solar, aún en los momentos en que el llamado es a la relativa quietud, la que precede a un nuevo ciclo de preparación acción.\r\n', '¿Cómo actúo y concreto? ¿Cómo pulso mis intenciones? ¿Cómo hago realidad un propósito?', 'Hito de Magnifico en el tapiz de luz. En el telar de la periodicidad cíclica compone tu modelo. ', 3, 2, 'Torre Solar', 'Poste de Movilizació', 'Formaliza la acción', 'La acción puesta en movimiento', 4, 4, 5, 3, 5, 5),
(10, 'Planetario', 'LAHUN', 'la Manifestación', 'la Manifestación', 'Perfeccionar', 'perfecciono', 'Producir', 'produciendo', '¿Cómo perfecciono lo que hago?', 'Perfeccionar la Manifestación', 'El movimiento como energía se manifiesta en cada nivel u octava de vibración -dimensión-, todo lo que se manifiesta, es decir, que cobnra presencia se puede medir y viceversa. La manifestación de la energía en todos sus planos, implica vencer o enfrentar los obstáculos inherentes al plano dimensional y al tipo de presencia a manifestarse.\" ', 'Diez - Yoga de la Manifestación / Perfección: El Compasivo - Perro Blanco - Poder del Amor (Corazón). El Amor Cósmico es el poder del Compasivo. Realizando el sueño más profundo del Soñador está el Corazón del Amor Universal del Compasivo. La lealtad del Compasivo es el amor de, el/ella para todos los seres. La elegancia del Artista despierta el amor del Compasivo. Desde la Sanadora, el Compasivo aprende el poder sanador del Amor. El Compasivo también es conocido como Bodhisattva, quién promete la iluminación de todos los seres a través del despertar de su poder de compasión universal. El Compasivo toma muchas formas y trabaja en innumerables maneras. Ningún acto es demasiado malo o bajo para el Compasivo, si ello contribuirá a mejorar una situación para otro ser sintiente. Dar sin recibir y amar sin ser amado es la ética del Compasivo. (303) Perro - El Compasivo: Ahora siente la perfección del diez. Siente los diez dedos de tus manos; los diez dedos de tus pies. Diez es el poder de la manifestación. La relación entre el 4 y 10 es de seis. Diez es la base del sistema decimal. Decimal significa la matemática posicional basada en 10. Para llegar al siguiente nivel se añaden ceros; 10, 100, 1.000, 10.000, 1.000.000. Este sistema surge con la idea del cero. El cero crea un orden mayor del número. Diez es la fuerza Planetaria en el Yoga de la Manifestación.   ', 'Los Portadores de este tono suelen mostrarse como proteccionistas, con una natural tendencia a no dejar las cosas inconclusas, a buscar la mejor manera de terminar lo que ellos u otros empezaron. \r\nPerfecto significa totalmente hecho, no necesariamente sin defecto. De esta manera, los portadores del tono planetario se preocupan más bien por concluir procesos, intuyendo que de esta manera se da espacio para el comienzo de algo nuevo. Y cuando la tarea esta hecha, es normal que que deseen hacerla visible a los demás, porque al fin y al cabo, el logro de uno es el logro de todos, el triunfo individual es el triunfo de la humanidad. \r\nEste tono habla dela verdadera identidad de las personas y las cosas, la manifestación en un nivel mas alto de conciencia, la vibración de la esencia que se logra cuando se han dejado de lado las creencias limitadoras o rígidas.\r\n', '¿Cómo puedo perfeccionar mi acción? ¿Cómo Trabajo mi modo de manifestarme? ¿Cómo completo los procesos iniciados?', 'Llave Maestra para la Verdadera Identidad en este y todos los Mundos: abre las puertas al Gran Misterio que se manifiesta a través tuyo. ', 3, 3, 'Cámara Planetaria', '7° Cámara', 'Manifiesta el Desafío', 'La acción y el desafío se encuentran', 1, 5, 4, 3, 4, 4),
(11, 'Espectral', 'BULUK', 'la Estructura Disonante', 'la Liberación', 'Disolver', 'disuelvo', 'Divulgar', 'divulgando', '¿Cómo suelto y me dejo ir?', 'Disolver la Liberación', 'Todas las estructuras, cualquiera que sea su naturaleza, tienden a ingresar a nuevas realidades. El movimiento perpetuo implica mutacióny cambio constante. La vida es un constante flujo de nuevas realidades que se van asumiendo y de las que se va siendo consciente. Aquello que se queda totalmente equilibrado, ordenado, en un territorio donde ya no transcurre nada, logra la máxima entropía que es la indiferencia -la muerte-, la no evolución, la no vida. Las estructuras que se -desordenan- en un aparente caos para el mundo material en realidad están ingresando a otro orden superior no comprensible desde la tercera dimensión. Lo que disuena parece caótico, entrópico y tendemos a normalizarlo, a polarizarlo, porque no nos hemos dado cuenta que la grieta que nos separa del Todo es la no evolución, nuestra tendencia a quedarnos resguardados e instalados donde nos sentimos cómodos y seguros con la sensación de que todo está bien, ordenado y sin mácula. Pero eso es un espejismo. Un orden superior que hoy asimilamos como caos está a la espera de nuestro ingreso, es la quinta dimensión que incluye a las anteriores, no las niega pero si las trasciende. \" ', 'Once - Yoga de la Liberación: El Ilusionista - Mono Azul - Poder de la Magia como la pantalla de la ilusión. La Magia es el inicio de la profecía. El Ilusionista es el primero en ser inspirado por Urania, el Aliento del Espíritu, porque él es quien sabe cómo usar el aliento del espíritu para comandar el juego superior de la ilusión que siempre ilumina. El Ilusionista es el transformador, quién cambia las cosas y actúa de acuerdo a la voluntad superior. Él es el inventor del juego y de los juegos que evolucionan las diferentes formas de la mente. Maestro de la ilusión, el Ilusionista sabe cuándo aparecer y cuándo desaparecer. (312) Mono - El Ilusionista: Siente la cualidad mística del once - un número maestro con supremo poder liberador; tanto es así que cuando tratas de comprenderlo, este te disuelve a ti y a todos los conceptos. Por esta razón, también posee la llave a la invisibilidad. El 11 contiene el poder supremo que, cuando meditas en él, revela muchas claves. Nota 1 + 1 = 2, el Yoga de la Polaridad, por lo que 11 es la fuerza liberadora de la polaridad abriéndonos a la inmensidad de los reinos psíquicos. Once es la fuerza Espectral en el Yoga de la Liberación.   ', 'Este tono propone a su portador (y enseña a los que están cerca de él) un proceso de simplificación de la compleja red en la que nos vemos envueltos cada día, para no perder de vista la unidad de todas las cosas, lo simple que es síntesis del aprendizaje ya realizado y que es a su vez comienzo de un nuevo proceso más o menos complejo y temporario. \r\nEs una invitación a la liberación personal (de estructuras impuestas solidificadas en el Ego) y de esa actitud que nos lleva a buscar la liberación del prójimo que percibido como perdido en sus estructuras (creencias personales heredadas o autoimpuestas), desconectado de su esencia. \r\nEs la oportunidad de Oír lo que suena mal, lo disonante, que es síntoma de lo que esta gritando en nuestro interior para generar un cambio, una liberación. \r\nSuele manifestarse como autosuficiente, capaz de liberarse de la influencia ajena para guiar sus propios pasos, para tomar sus propias decisiones, moverse entre ilusiones o imposiciones externas e ir más allá. \r\nY lo que se aprende a nivel individual se divulga, se hace fluir entre los otros humanos para que el asenso se haga como grupo. \r\n', '¿Cómo puedo liberarme o dejarme ir? ¿Qué tengo que dejar Fluir en mi Vida? ¿Cómo Disuelvo las estructuras rígidas para revelar lo esencial? ', 'Desnudado bajo la esencia. Esencia de luz: sin definicion tu alma toma vuelo. ', 3, 3, 'Cámara Espectral', '8° Cámara', 'Liberación del Servicio', 'La acción disuelve el servicio', 2, 1, 3, 3, 3, 3),
(12, 'Cristal', 'LAHAK', 'la Estabilidad Compleja', 'la Cooperación', 'Dedicar', 'me dedico a', 'Universalizar', 'universalizando', '¿Cómo me dedico con todo lo que vive?', 'Dedicar la Cooperación', 'La polarización del equilibrio orgánico, mediante la cual cada especie gana su propio nivel de frecuencia armónica, es decir, su estatuto como especie -código, nicho, hábitat-. Genera las fuerzas conservacionistas de los organismos vivos, incluida la Tierra, como cooperación simbiótica.\"  ', 'Doce - Yoga de la Cooperación: El Sabio - Humano Amarillo - Poder de la Libre Voluntad de Sabiduría. El Sabio es el guardián de la sabiduría como el almacén de la libre voluntad de la profecía cósmica. El Sabio es el segundo en recibir el aliento del espíritu como la capacidad para gobernar o ejercer el poder, simplemente por la influencia de su voluntad interior. El Sabio equilibra y juzga de acuerdo con la esencia del espíritu cósmico que anima su ser. El Sabio sabe como escuchar, y sólo habla cuando se le habla. El Sabio es la terminal del circuito eléctrico rojo que transmite el poder oculto de la sabiduría atemporal del Iniciado Serpiente, y la sabiduría sincrónica del Navegante. El universo entero es el reino del Sabio para estudiar y recibir el conocimiento que informa a su toma de decisiones en nombre del bien de todos los seres. (318) Humano - El Sabio: Siente la coherencia estable del doce - una docena. Siente la raíz de esta forma de organización en tu cuerpo del templo; 12 es el número del templo. 12 también es la base de la percepción errónea de los humanos sobre el tiempo, pero sólo cuando niegan el poder del 13. 1 + 2 = 3: Yoga del Servicio, por lo que 12 es la fuerza cooperadora del servicio. Doce es la fuerza Cristal en el Yoga de la Cooperación.  ', 'Los que nacen con este tono cristal valoran el trabajo en equipo, porque está activado en ellos el espíritu de cooperación y colaboración; entienden que en los grupos que conforman, codo a codo, aprovechan la riqueza de lo que cada uno aporta como individuo y así todo se hace más fácil y los logros son mayores. \r\nComprenden que si han experimentado algo positivo en su individualidad, eso puede ser útil para el crecimiento o la felicidad de otros, mostrándose siempre gustoso de compartirlo, en una reunión donde todos evalúan los logros conseguidos y vislumbran los desafíos que se vienen. \r\nEste tono invita a comprender la complejidad de todas las cosas como un tejido o red con una coherencia que debe ser interpretada, comprendida y valorada. \r\nPara llegar a esta comprensión los portadores de este tono deben pasar por todo tipo de complicaciones, hacer un esfuerzo de apertura mental, de disponer de su corazón, flexibilidad del alma, hasta que se asumen como miembros virtuales de un consejo donde se reúnen los que han aprendido, los que integran sus conocimientos y experiencias y los están transformando, en sabiduría final. \r\n', '¿Cómo puedo dedicarme a lo que tiene Vida? ¿Cómo Trabajo mi capacidad de cooperar con los demás? ¿Cómo hago Universal Mi Experiencia Individual?', 'Desde el Concilio de la Esencia Central a través del Pulso de la Conexión. La Estabilidad Emerge. ', 3, 3, 'Cámara Cristal', '9° Cámara', 'Cooperación de la Forma', 'Reúne la Mesa Redonda para formalizar la acción del pasado y preparar la del futuro', 3, 2, 2, 3, 2, 2),
(13, 'Cósmico', 'OXLAHUN', 'el Movimiento Universal', 'la Presencia', 'Perdurar', 'perduro', 'Trascender', 'trascendiendo', '¿Cómo expando mi alegría y amor?', 'Perdurar la Presencia', 'Todo cuanto existe está en perpetuo movimiento, desde lo más sutil como las vibraciones, hasta lo más denso y pesado como expresión de las bajas frecuencias, a tal punto que estos extremos parecen en reposo. El movimiento es la energía que fluye desde la fuente y regresa a ella. Este principio otorga la trascendencia a todo lo que funciona con y obedece a la Ley del Uno. La trascendencia es la cualidad de perdurar más allá del tiempo y del espacio.\" ', 'Trece - Yoga de la Transcendencia: El Profeta - Caminante del Cielo Rojo - Poder de la Profecía como el despertar del espacio universal. El Profeta es el tercero en recibir la inspiración de Urania, el Aliento del Espíritu. A través del Profeta la Esencia del Espíritu asciende como Profecía. Sus pensamientos deben extenderse a través de todo el espacio, por lo que se le conoce como el Caminante del Cielo. A través del Aliento del Espíritu el Profeta sabe que todos los que actúan de acuerdo con la verdad son profetas. La profecía que encarna el Profeta es la Iluminación Universal, que es prometida para la realización del Plan Universal de Unificación. A través de la pantalla mágica de la ilusión, el Ilusionista despierta al Profeta a la verdad. Desde el Sabio el Profeta recibe la sabiduría profética del poder de la libre voluntad en el cosmos. (315) Caminante del Cielo - El Profeta: Siente el dinamismo mágico y el poder circulante del trece; el número de la plenitud cíclica. El trece te lleva más allá del estático 12, abriéndote a los reinos cósmicos de la madre divina. Siente el trece en las articulaciones de tu cuerpo. ¡Tú eres la profecía misma; la transcendencia de la consciencia cósmica! Nota: El cuadrado de 13 es 169. (169 = 13 Lunas en el calendario de 13 Lunas). El invertido de 169 es 961. La suma de los dígitos 169 es 16 (número del Cubo de la Ley). 169 x 961 = 162.409 (el cuadrado de 403, 4 + 0 + 3 = 7). ¡La suma de los dígitos de 13 es 4, la raíz cuadrada de 16! 13 también es el 7º número en la secuencia de Fibonacci. Trece es la fuerza Cósmica en el Yoga de la Transcendencia.  ', 'Este tono cósmico coloca a su portador en un sistema dimensional distinta a los demás, como en dos mundos, el que está trascendiendo y el que sigue. En esa posición relativamente privilegiada puede entender la realidad de una manera diferente y es por eso que las llamadas fuerzas ocultas se hacen presente en su camino. \r\nPor esto, necesitan revisar su resistencia a los cambios, a las aperturas cósmicas que se va materializando constantemente a cada paso consiente, o no, que dé en su camino. Entra en una dinámica que lo tironea entre lo viejo y lo nuevo, lo más bajo y elevado. \r\nEn la medida que atiende a las sincronías, en la medida que se deja sintonizar por nuevas frecuencias vibraciones, consigue conexiones sin límite. \r\nEn otras palabras, los portadores de este tono están más allá del bien y del mal. Se sienten con un pie en esta realidad y el otro en la otra que están intuyendo o ya vislumbrando, a modo de \"caminantes del cielo\". \r\nSon difíciles de comprender, inclasificables, a menudo extraordinarios, nadie puede atraparlos o limitarlos. \r\nSiempre van más allá buscando el salto definitivo, el vuelo que los coloque por encima de todo propósito, que los ubique en una dimensión más allá del ser. \r\nNos enseñan que volar sí es posible, que como ellos podemos trascender. \r\n', '¿Cómo puedo trascender mi propósito?  ¿Cómo puedo elevarme en vuelo a un nivel superior? ¿Cómo supero todos los límites de la existencia? ', 'El Tono 13 debe hacer uso del Gran Modelo. La Mano del Destino te llama y luego te catapulta libre ya para viajar al Hogar.', 4, 4, 'Pórtico Cósmico', 'Punto de Salida', 'Toma el vuelo mágico', 'Retorno Magnético', 4, 3, 1, 3, 1, 1);

-- --------------------------------------------------------

--
-- Estructura de tabla para la tabla `ton_dim`
--

CREATE TABLE `ton_dim` (
  `ide` smallint(1) UNSIGNED ZEROFILL NOT NULL COMMENT 'Pulsar Dimensional',
  `pos` varchar(20) COLLATE utf8mb4_spanish_ci NOT NULL COMMENT 'Dimensión',
  `nom` varchar(20) COLLATE utf8mb4_spanish_ci NOT NULL COMMENT 'Nombre',
  `des` varchar(20) COLLATE utf8mb4_spanish_ci NOT NULL COMMENT 'Campo de Aplicación',
  `ton` varchar(20) COLLATE utf8mb4_spanish_ci NOT NULL COMMENT 'Tonos',
  `ond` varchar(150) COLLATE utf8mb4_spanish_ci NOT NULL COMMENT 'Onda Encantada'
) ENGINE=InnoDB DEFAULT CHARSET=utf8mb4 COLLATE=utf8mb4_spanish_ci COMMENT='Púlsar Dimensional';

--
-- Volcado de datos para la tabla `ton_dim`
--

INSERT INTO `ton_dim` (`ide`, `pos`, `nom`, `des`, `ton`, `ond`) VALUES
(1, 'Cuarta', 'del Tiempo', 'Sincrónico', '01, 05, 09, 13', 'Umbral Magnético, Torre Entonada, Torre Solar y Portal Cósmico Unificados.'),
(2, 'Primera', 'de la Vida Orgánica', 'Bioquímico', '02, 06, 10', 'Cámaras Lunar, Rítmica y Planetaria unificadas.'),
(3, 'Segunda', 'del Sentir-Sentidos', 'Electrofísico', '03, 07, 11', 'Cámaras Eléctrica, Resonante y Espectral unificadas.'),
(4, 'Tercera', 'de la Mente', 'Social', '04, 08, 12', 'Cámaras Auto-existente, Galáctica y Cristal unificadas. ');

-- --------------------------------------------------------

--
-- Estructura de tabla para la tabla `ton_hum_art`
--

CREATE TABLE `ton_hum_art` (
  `ide` smallint(1) UNSIGNED ZEROFILL NOT NULL COMMENT 'Articulación',
  `nom` varchar(20) COLLATE utf8mb4_spanish_ci NOT NULL COMMENT 'Nombre'
) ENGINE=InnoDB DEFAULT CHARSET=utf8mb4 COLLATE=utf8mb4_spanish_ci COMMENT='Articulacion';

--
-- Volcado de datos para la tabla `ton_hum_art`
--

INSERT INTO `ton_hum_art` (`ide`, `nom`) VALUES
(1, 'Tobillo'),
(2, 'Rodilla'),
(3, 'Cadera'),
(4, 'Muñeca'),
(5, 'Codo'),
(6, 'Hombro'),
(7, 'Cuello');

-- --------------------------------------------------------

--
-- Estructura de tabla para la tabla `ton_hum_sen`
--

CREATE TABLE `ton_hum_sen` (
  `ide` smallint(1) UNSIGNED NOT NULL COMMENT 'Identificador',
  `nom` varchar(20) COLLATE utf8mb4_spanish_ci NOT NULL COMMENT 'Sentido'
) ENGINE=InnoDB DEFAULT CHARSET=utf8mb4 COLLATE=utf8mb4_spanish_ci COMMENT='Sentido del Cuerpo Humano';

--
-- Volcado de datos para la tabla `ton_hum_sen`
--

INSERT INTO `ton_hum_sen` (`ide`, `nom`) VALUES
(1, 'el tacto'),
(2, 'el gusto'),
(3, 'el olfato'),
(4, 'el oído'),
(5, 'la vista'),
(6, 'la mente'),
(7, 'el canal central');

-- --------------------------------------------------------

--
-- Estructura de tabla para la tabla `ton_mat`
--

CREATE TABLE `ton_mat` (
  `ide` smallint(1) UNSIGNED ZEROFILL NOT NULL COMMENT 'Pulsar Matiz',
  `cod` varchar(15) COLLATE utf8mb4_spanish_ci NOT NULL COMMENT 'Código',
  `nom` varchar(20) COLLATE utf8mb4_spanish_ci NOT NULL COMMENT 'Nombre',
  `des` varchar(30) COLLATE utf8mb4_spanish_ci NOT NULL COMMENT 'Pulsares Dimensionales',
  `ton` varchar(20) COLLATE utf8mb4_spanish_ci NOT NULL COMMENT 'Tonos',
  `ond` varchar(150) COLLATE utf8mb4_spanish_ci NOT NULL COMMENT 'Onda Encantada'
) ENGINE=InnoDB DEFAULT CHARSET=utf8mb4 COLLATE=utf8mb4_spanish_ci COMMENT='Púlsar Matiz';

--
-- Volcado de datos para la tabla `ton_mat`
--

INSERT INTO `ton_mat` (`ide`, `cod`, `nom`, `des`, `ton`, `ond`) VALUES
(1, 'un punto', 'Magnético', 'Tiempo-Vida-Sentir', '01, 06, 11', 'Umbral Magnético, cámaras Rítmica y Espectral unificadas.'),
(2, 'dos puntos', 'Lunar', 'Vida-Sentir-Mente', '02, 07, 12', 'Cámaras Lunar, Resonante y Cristal unificadas'),
(3, 'tres puntos', 'Eléctrico', 'Sentir-Mente-Tiempo', '03, 08, 13', 'Cámaras Eléctrica, Galáctica y umbral Cósmico unificados.'),
(4, 'cuatro puntos', 'Mente-Tiempo', 'Mente-Tiempo', '04, 09', 'Cámara Auto-existente y Torre Solar unificadas.'),
(5, 'raya-s', 'Tiempo-Vida', 'Tiempo-Vida', '05, 10', 'Torre Entonada y cámara Planetaria unificadas.');

-- --------------------------------------------------------

--
-- Estructura de tabla para la tabla `ton_ond`
--

CREATE TABLE `ton_ond` (
  `ide` smallint(1) UNSIGNED ZEROFILL NOT NULL COMMENT 'Aventura',
  `nom` varchar(15) COLLATE utf8mb4_spanish_ci NOT NULL COMMENT 'Nombre',
  `des` varchar(35) COLLATE utf8mb4_spanish_ci NOT NULL COMMENT 'Descripción',
  `ton` varchar(16) COLLATE utf8mb4_spanish_ci NOT NULL COMMENT 'Tonos'
) ENGINE=InnoDB DEFAULT CHARSET=utf8mb4 COLLATE=utf8mb4_spanish_ci COMMENT='Aventura de la Onda Encantada';

--
-- Volcado de datos para la tabla `ton_ond`
--

INSERT INTO `ton_ond` (`ide`, `nom`, `des`, `ton`) VALUES
(1, 'Establece', 'Establecer la Base de la Acción', '01, 02, 03, 04'),
(2, 'Extiende', 'Extender el Ritmo de la Acción', '05, 06, 07, 08'),
(3, 'Convierte', 'Convertir la Acción', '09, 10, 11, 12'),
(4, 'Transporta', 'Transportar la Acción', '13');

-- --------------------------------------------------------

--
-- Estructura de tabla para la tabla `ton_sim`
--

CREATE TABLE `ton_sim` (
  `ide` smallint(1) UNSIGNED ZEROFILL NOT NULL COMMENT 'Simetría Especular',
  `nom` varchar(50) COLLATE utf8mb4_spanish_ci NOT NULL COMMENT 'Nombre',
  `des` text COLLATE utf8mb4_spanish_ci NOT NULL COMMENT 'Descripción en el Factor Maya',
  `ton` varchar(10) COLLATE utf8mb4_spanish_ci NOT NULL COMMENT 'Tonos',
  `inv` smallint(2) UNSIGNED ZEROFILL NOT NULL COMMENT 'Tono Complementario'
) ENGINE=InnoDB DEFAULT CHARSET=utf8mb4 COLLATE=utf8mb4_spanish_ci COMMENT='Simetría Especular';

--
-- Volcado de datos para la tabla `ton_sim`
--

INSERT INTO `ton_sim` (`ide`, `nom`, `des`, `ton`, `inv`) VALUES
(1, 'Unidad y Movimiento', 'El 1, principio de la unidad, es equilibrado por el 13, rayo del movimiento universal', '01, 13', 13),
(2, 'Polaridad y Estabilidad Compleja', 'El 2, principio de la polaridad, es equilibrado por el 12, que es el principio de la estabilidad compleja. La reflexión muestra que cualquier orden de estabilidad compleja se mantiene o se destruye por un equilibrio sutil de las fuerzas polares.', '02, 12', 12),
(3, 'Ritmo y Estructura Disonante', 'El número 3, responde por la variabilidad e introduce la posibilidad del azar, que juega tal papel en el 11, o principio de las estructuras disonantes.', '03, 11', 11),
(4, 'Medida y Manifestación', 'El 10, que es el principio que permite que suceda la manifestación, es complementado por el 4, que representa el principio de la medida. Es sólo a través de la acción de la medida como totalidad y orden, que una manifestación cualquiera puede realizarse como un organismo coherente.', '04, 10', 10),
(5, 'Centro y Periodicidad Cíclica', 'El principio del centro, que está regido por el número 5, permite mover el orden regido por el 4, así como las estaciones se mueven alrededor de un centro solar común. La periodicidad cíclica del movimiento organizado alrededor de un centro común, que es el 5, es regida por el 9 .', '05, 09', 09),
(6, 'Equilibrio Orgánico y Resonancia Armónica', 'El 6, que es el rayo del equilibrio orgánico, es llamado así porque representa una factorización del principio de polaridad, el 2, con el principio del ritmo, que es el 3. El producto, o sea el 6, el equilibrio orgánico, representa el principio ordenador hexagonal, que es el fundamento de las estructuras cristalinas y celulares. Este equilibrio orgánico, el 6, es complementado por el 8, que es el principio de la resonancia armónica que rige los niveles de frecuencia de las octavas, por las cuales vibran todas las estructuras orgánicas, inclusive las estructuras de los cristales.', '06, 08', 08),
(7, 'Poder Místico y Poder Místico', 'El 7 tiene su relación simétrica única con el 1 y el 13, que son como el alfa y la omega, del número armónico de los mayas. Al centro del modelo, el 7 representa la magia por la cual el todo se mantiene unido.', '07, 07', 07);

-- --------------------------------------------------------

--
-- Estructura Stand-in para la vista `_ani`
-- (Véase abajo para la vista actual)
--
CREATE TABLE `_ani` (
`ide` smallint(2) unsigned zerofill
,`nom` varchar(50)
,`cas` smallint(2) unsigned zerofill
,`ton` smallint(2) unsigned zerofill
,`fam_2` smallint(3) unsigned zerofill
,`fam_3` smallint(3) unsigned zerofill
,`fam_4` smallint(3) unsigned zerofill
);

-- --------------------------------------------------------

--
-- Estructura Stand-in para la vista `_cas_ond`
-- (Véase abajo para la vista actual)
--
CREATE TABLE `_cas_ond` (
`ide` smallint(1) unsigned zerofill
,`nom` varchar(15)
,`des` varchar(35)
);

-- --------------------------------------------------------

--
-- Estructura Stand-in para la vista `_kin_arm_tra`
-- (Véase abajo para la vista actual)
--
CREATE TABLE `_kin_arm_tra` (
`ide` smallint(2) unsigned zerofill
,`nom` varchar(80)
,`ton` varchar(30)
,`lec` text
,`año` varchar(80)
,`ran` varchar(20)
,`may` varchar(20)
,`ton_des` varchar(30)
);

-- --------------------------------------------------------

--
-- Estructura Stand-in para la vista `_kin_cro_ele`
-- (Véase abajo para la vista actual)
--
CREATE TABLE `_kin_cro_ele` (
`ide` smallint(2) unsigned zerofill
,`nom` varchar(35)
,`des` tinytext
,`ele` smallint(1) unsigned zerofill
,`cas_des` text
,`arm` smallint(1) unsigned zerofill
,`ond` smallint(1) unsigned
,`ton` smallint(2) unsigned zerofill
,`ton_des` varchar(30)
);

-- --------------------------------------------------------

--
-- Estructura Stand-in para la vista `_kin_cro_est`
-- (Véase abajo para la vista actual)
--
CREATE TABLE `_kin_cro_est` (
`ide` smallint(1) unsigned zerofill
,`nom` varchar(25)
,`des` varchar(200)
,`cer` varchar(25)
,`cer_des` varchar(30)
,`sel` smallint(2) unsigned zerofill
,`may` varchar(20)
,`cas` smallint(2) unsigned zerofill
,`col` varchar(10)
,`dir` varchar(10)
);

-- --------------------------------------------------------

--
-- Estructura Stand-in para la vista `_kin_cro_ond`
-- (Véase abajo para la vista actual)
--
CREATE TABLE `_kin_cro_ond` (
`ide` smallint(1) unsigned zerofill
,`ton` int(2) unsigned zerofill
,`cue` smallint(1) unsigned zerofill
,`que` varchar(10)
,`enc` varchar(10)
,`nom` varchar(15)
,`des` varchar(35)
);

-- --------------------------------------------------------

--
-- Estructura Stand-in para la vista `_psi`
-- (Véase abajo para la vista actual)
--
CREATE TABLE `_psi` (
`ide` smallint(3) unsigned zerofill
,`des` text
,`fec` varchar(5)
,`fec_dia` smallint(2) unsigned zerofill
,`fec_mes` smallint(2) unsigned zerofill
,`fec_cod` smallint(3) unsigned zerofill
,`tzo` smallint(3) unsigned zerofill
,`est` smallint(1) unsigned zerofill
,`est_dia` smallint(2) unsigned zerofill
,`lun` smallint(2) unsigned zerofill
,`lun_dia` smallint(2) unsigned zerofill
,`vin` smallint(2) unsigned zerofill
,`vin_dia` smallint(2) unsigned zerofill
,`hep` smallint(2) unsigned zerofill
,`hep_dia` smallint(1) unsigned zerofill
,`cro` smallint(2) unsigned zerofill
,`cro_dia` smallint(1) unsigned zerofill
,`pag` tinyint(1)
,`kin_sel` smallint(2) unsigned zerofill
,`kin_ton` smallint(2) unsigned zerofill
);

-- --------------------------------------------------------

--
-- Estructura Stand-in para la vista `_psi_hep`
-- (Véase abajo para la vista actual)
--
CREATE TABLE `_psi_hep` (
`ide` smallint(2) unsigned zerofill
,`ond` smallint(1) unsigned
,`arm` smallint(1) unsigned zerofill
,`arm_col` varchar(10)
,`arm_dir` varchar(10)
,`ton` smallint(2) unsigned zerofill
,`ton_nom` varchar(20)
,`ton_des` varchar(30)
,`ton_pre` varchar(60)
,`cas_des` text
);

-- --------------------------------------------------------

--
-- Estructura Stand-in para la vista `_psi_lun`
-- (Véase abajo para la vista actual)
--
CREATE TABLE `_psi_lun` (
`ide` smallint(2) unsigned zerofill
,`pos` varchar(15)
,`nom` varchar(25)
,`tot` varchar(25)
,`tot_pro` tinytext
,`tot_por` text
,`kin_pag` char(18)
,`kin_cub` char(7)
,`fec_ini` char(5)
,`fec_fin` char(5)
,`fec_ran` varchar(40)
,`ton` smallint(2) unsigned zerofill
,`ton_nom` varchar(20)
,`ton_des` varchar(30)
,`ton_gal` varchar(25)
,`ton_car` varchar(20)
,`ton_pod` varchar(20)
,`ton_acc` varchar(20)
,`ton_pre` varchar(60)
,`ton_sim` smallint(1) unsigned zerofill
,`ton_mat` smallint(1) unsigned zerofill
,`ton_dim` smallint(1) unsigned zerofill
,`ond` smallint(1) unsigned zerofill
,`ond_enc` smallint(1) unsigned
,`ond_nom` varchar(30)
,`ond_pos` varchar(20)
,`ond_pod` varchar(25)
,`ond_man` varchar(85)
);

-- --------------------------------------------------------

--
-- Estructura Stand-in para la vista `_rad`
-- (Véase abajo para la vista actual)
--
CREATE TABLE `_rad` (
`ide` smallint(1) unsigned zerofill
,`nom` varchar(10)
,`col` varchar(15)
,`pod` varchar(15)
,`tel` varchar(100)
,`tel_des` tinytext
,`tel_año` year(4)
,`tel_ora_año` smallint(3) unsigned zerofill
,`tel_ora_ani` smallint(3) unsigned zerofill
,`tel_ora_gen` smallint(3) unsigned zerofill
,`rin_des` tinytext
,`pla_pod` varchar(10)
,`pla_ene` varchar(40)
,`pla_fue_pre` smallint(2) unsigned zerofill
,`pla_fue_pos` smallint(2) unsigned zerofill
,`pla_qua` smallint(1) unsigned zerofill
,`pla_man` varchar(10)
,`pla_des` varchar(100)
,`hum_cha` smallint(1) unsigned zerofill
,`map` varchar(30)
,`pat` varchar(20)
,`umb` smallint(3) unsigned zerofill
,`arc` varchar(20)
,`pue` varchar(20)
,`esf` varchar(80)
,`esf_fun` varchar(30)
,`hep` smallint(1) unsigned zerofill
,`hep_pos` varchar(15)
,`cha_nom` varchar(20)
);

-- --------------------------------------------------------

--
-- Estructura Stand-in para la vista `_sel`
-- (Véase abajo para la vista actual)
--
CREATE TABLE `_sel` (
`ide` smallint(2) unsigned zerofill
,`cod` smallint(2) unsigned zerofill
,`ord` smallint(2) unsigned zerofill
,`nom` varchar(25)
,`nom_col` varchar(10)
,`nom_cod` varchar(35)
,`may` varchar(20)
,`car` varchar(20)
,`acc` varchar(20)
,`acc_per` varchar(15)
,`acc_pal` varchar(15)
,`pod` varchar(20)
,`pod_tel` varchar(25)
,`des` varchar(150)
,`des_pro` text
,`des_por` text
,`des_men` text
,`des_pal` text
,`des_som` text
,`cic_ser` smallint(1) unsigned zerofill
,`cic_ser_des` tinytext
,`cic_luz` smallint(1) unsigned zerofill
,`cic_luz_des` tinytext
,`arm_tra` smallint(1) unsigned zerofill
,`arm_tra_des` varchar(100)
,`arm` varchar(30)
,`arm_raz` smallint(1) unsigned zerofill
,`arm_raz_fun` tinytext
,`arm_raz_des` text
,`arm_cel` smallint(1) unsigned zerofill
,`arm_cel_fun` tinytext
,`arm_cel_des` text
,`cro` varchar(30)
,`cro_fam` smallint(1) unsigned zerofill
,`cro_ele` smallint(1) unsigned zerofill
,`cro_ele_fun` text
,`cro_ele_des` text
,`par_ana` smallint(2) unsigned zerofill
,`par_gui` varchar(20)
,`par_ant` smallint(2) unsigned zerofill
,`par_ocu` smallint(2) unsigned zerofill
,`res_flu` smallint(1) unsigned zerofill
,`res_flu_des` tinytext
,`sol_pla` smallint(2) unsigned zerofill
,`sol_pla_des` text
,`pla_cen` smallint(1) unsigned zerofill
,`pla_hem` smallint(1) unsigned
,`pla_hem_cod` smallint(3) unsigned zerofill
,`pla_mer` smallint(1) unsigned
,`pla_mer_cod` smallint(3) unsigned zerofill
,`hum_mer` smallint(2) unsigned zerofill
,`cic_dir` varchar(15)
,`sol_cel` smallint(1) unsigned zerofill
,`sol_cir` smallint(1) unsigned zerofill
,`hum_cen` smallint(1) unsigned zerofill
,`hum_ded` smallint(1) unsigned zerofill
,`hum_ext` smallint(1) unsigned zerofill
,`hum_res` smallint(1) unsigned zerofill
);

-- --------------------------------------------------------

--
-- Estructura Stand-in para la vista `_sel_cod`
-- (Véase abajo para la vista actual)
--
CREATE TABLE `_sel_cod` (
`ide` smallint(2) unsigned zerofill
,`cod` smallint(2) unsigned zerofill
,`ord` smallint(2) unsigned zerofill
,`nom` varchar(25)
,`nom_col` varchar(10)
,`nom_cod` varchar(35)
,`may` varchar(20)
,`car` varchar(20)
,`acc` varchar(20)
,`acc_per` varchar(15)
,`acc_pal` varchar(15)
,`pod` varchar(20)
,`pod_tel` varchar(25)
,`des` varchar(150)
,`des_pro` text
,`des_por` text
,`des_men` text
,`des_pal` text
,`des_som` text
,`cic_ser` smallint(1) unsigned zerofill
,`cic_ser_des` tinytext
,`cic_luz` smallint(1) unsigned zerofill
,`cic_luz_des` tinytext
,`arm_tra` smallint(1) unsigned zerofill
,`arm_tra_des` varchar(100)
,`arm` varchar(30)
,`arm_raz` smallint(1) unsigned zerofill
,`arm_raz_fun` tinytext
,`arm_raz_des` text
,`arm_cel` smallint(1) unsigned zerofill
,`arm_cel_fun` tinytext
,`arm_cel_des` text
,`cro` varchar(30)
,`cro_fam` smallint(1) unsigned zerofill
,`cro_ele` smallint(1) unsigned zerofill
,`cro_ele_fun` text
,`cro_ele_des` text
,`par_ana` smallint(2) unsigned zerofill
,`par_gui` varchar(20)
,`par_ant` smallint(2) unsigned zerofill
,`par_ocu` smallint(2) unsigned zerofill
,`res_flu` smallint(1) unsigned zerofill
,`res_flu_des` tinytext
,`sol_pla` smallint(2) unsigned zerofill
,`sol_pla_des` text
,`pla_cen` smallint(1) unsigned zerofill
,`pla_hem` smallint(1) unsigned
,`pla_hem_cod` smallint(3) unsigned zerofill
,`pla_mer` smallint(1) unsigned
,`pla_mer_cod` smallint(3) unsigned zerofill
,`hum_mer` smallint(2) unsigned zerofill
,`cic_dir` varchar(15)
,`sol_cel` smallint(1) unsigned zerofill
,`sol_cir` smallint(1) unsigned zerofill
,`hum_cen` smallint(1) unsigned zerofill
,`hum_ded` smallint(1) unsigned zerofill
,`hum_ext` smallint(1) unsigned zerofill
,`hum_res` smallint(1) unsigned zerofill
);

-- --------------------------------------------------------

--
-- Estructura Stand-in para la vista `_sel_par_ana`
-- (Véase abajo para la vista actual)
--
CREATE TABLE `_sel_par_ana` (
`ini` smallint(2) unsigned zerofill
,`ini_nom` varchar(25)
,`ini_car` varchar(20)
,`ini_des` varchar(150)
,`fin` smallint(2) unsigned zerofill
,`fin_nom` varchar(25)
,`fin_car` varchar(20)
,`fin_des` varchar(150)
);

-- --------------------------------------------------------

--
-- Estructura Stand-in para la vista `_sel_par_ant`
-- (Véase abajo para la vista actual)
--
CREATE TABLE `_sel_par_ant` (
`ini` smallint(2) unsigned zerofill
,`ini_nom` varchar(25)
,`ini_car` varchar(20)
,`ini_des` varchar(150)
,`fin` smallint(2) unsigned zerofill
,`fin_nom` varchar(25)
,`fin_car` varchar(20)
,`fin_des` varchar(150)
);

-- --------------------------------------------------------

--
-- Estructura Stand-in para la vista `_sel_par_ocu`
-- (Véase abajo para la vista actual)
--
CREATE TABLE `_sel_par_ocu` (
`ini` smallint(2) unsigned zerofill
,`ini_nom` varchar(25)
,`ini_car` varchar(20)
,`ini_des` varchar(150)
,`fin` smallint(2) unsigned zerofill
,`fin_nom` varchar(25)
,`fin_car` varchar(20)
,`fin_des` varchar(150)
);

-- --------------------------------------------------------

--
-- Estructura para la vista `_ani`
--
DROP TABLE IF EXISTS `_ani`;

CREATE ALGORITHM=UNDEFINED DEFINER=`admin`@`%` SQL SECURITY DEFINER VIEW `_ani`  AS SELECT `_ani`.`ide` AS `ide`, `_kin`.`nom` AS `nom`, `_cas`.`ide` AS `cas`, `_cas`.`ton` AS `ton`, `_ani`.`fam_2` AS `fam_2`, `_ani`.`fam_3` AS `fam_3`, `_ani`.`fam_4` AS `fam_4` FROM ((`ani` `_ani` join `kin` `_kin` on(`_kin`.`ide` = `_ani`.`fam_4`)) join `cas` `_cas` on(`_ani`.`ide` + 1 = `_cas`.`ide`))  ;

-- --------------------------------------------------------

--
-- Estructura para la vista `_cas_ond`
--
DROP TABLE IF EXISTS `_cas_ond`;

CREATE ALGORITHM=UNDEFINED DEFINER=`admin`@`%` SQL SECURITY DEFINER VIEW `_cas_ond`  AS SELECT `_ond`.`ide` AS `ide`, `_ond`.`nom` AS `nom`, `_ond`.`des` AS `des` FROM (`cas_ond` `_cas` join `ton_ond` `_ond` on(`_cas`.`ide` = `_ond`.`ide`))  ;

-- --------------------------------------------------------

--
-- Estructura para la vista `_kin_arm_tra`
--
DROP TABLE IF EXISTS `_kin_arm_tra`;

CREATE ALGORITHM=UNDEFINED DEFINER=`admin`@`%` SQL SECURITY DEFINER VIEW `_kin_arm_tra`  AS SELECT `_tra`.`ide` AS `ide`, `_tra`.`nom` AS `nom`, `_tra`.`ton` AS `ton`, `_tra`.`lec` AS `lec`, `_tra`.`año` AS `año`, `_tra`.`ran` AS `ran`, `_tra`.`may` AS `may`, `_ton`.`des` AS `ton_des` FROM (`kin_arm_tra` `_tra` join `ton` `_ton` on(`_tra`.`ide` = `_ton`.`ide`))  ;

-- --------------------------------------------------------

--
-- Estructura para la vista `_kin_cro_ele`
--
DROP TABLE IF EXISTS `_kin_cro_ele`;

CREATE ALGORITHM=UNDEFINED DEFINER=`admin`@`%` SQL SECURITY DEFINER VIEW `_kin_cro_ele`  AS SELECT `_ele`.`ide` AS `ide`, `_ele`.`nom` AS `nom`, `_ele`.`des` AS `des`, `_ele`.`ele` AS `ele`, `_cas`.`des` AS `cas_des`, `_cas`.`arm` AS `arm`, `_cas`.`ond` AS `ond`, `_cas`.`ton` AS `ton`, `_ton`.`des` AS `ton_des` FROM ((`kin_cro_ele` `_ele` join `cas` `_cas` on(`_ele`.`ide` = `_cas`.`ide`)) join `ton` `_ton` on(`_cas`.`ton` = `_ton`.`ide`))  ;

-- --------------------------------------------------------

--
-- Estructura para la vista `_kin_cro_est`
--
DROP TABLE IF EXISTS `_kin_cro_est`;

CREATE ALGORITHM=UNDEFINED DEFINER=`admin`@`%` SQL SECURITY DEFINER VIEW `_kin_cro_est`  AS SELECT `_est`.`ide` AS `ide`, `_est`.`nom` AS `nom`, `_est`.`des` AS `des`, `_cic`.`nom` AS `cer`, `_cic`.`des` AS `cer_des`, `_cic`.`sel` AS `sel`, `_sel`.`may` AS `may`, `_cas`.`cas` AS `cas`, `_cas`.`col` AS `col`, `_cas`.`dir` AS `dir` FROM (((`kin_cro_est` `_est` join `sel_cic_men` `_cic` on(`_est`.`ide` = `_cic`.`ide`)) join `cas_arm` `_cas` on(`_est`.`ide` = `_cas`.`ide`)) join `sel` `_sel` on(`_cic`.`sel` = `_sel`.`ide`))  ;

-- --------------------------------------------------------

--
-- Estructura para la vista `_kin_cro_ond`
--
DROP TABLE IF EXISTS `_kin_cro_ond`;

CREATE ALGORITHM=UNDEFINED DEFINER=`admin`@`%` SQL SECURITY DEFINER VIEW `_kin_cro_ond`  AS SELECT `_cro`.`ide` AS `ide`, `_cro`.`ton` AS `ton`, `_cro`.`cue` AS `cue`, `_cro`.`que` AS `que`, `_cro`.`enc` AS `enc`, `_ond`.`nom` AS `nom`, `_ond`.`des` AS `des` FROM (`kin_cro_ond` `_cro` join `ton_ond` `_ond` on(`_cro`.`ide` = `_ond`.`ide`))  ;

-- --------------------------------------------------------

--
-- Estructura para la vista `_psi`
--
DROP TABLE IF EXISTS `_psi`;

CREATE ALGORITHM=UNDEFINED DEFINER=`admin`@`%` SQL SECURITY DEFINER VIEW `_psi`  AS SELECT `_psi`.`ide` AS `ide`, `_psi`.`des` AS `des`, `_psi`.`fec` AS `fec`, `_psi`.`fec_dia` AS `fec_dia`, `_psi`.`fec_mes` AS `fec_mes`, `_psi`.`fec_cod` AS `fec_cod`, `_psi`.`tzo` AS `tzo`, `_psi`.`est` AS `est`, `_psi`.`est_dia` AS `est_dia`, `_psi`.`lun` AS `lun`, `_psi`.`lun_dia` AS `lun_dia`, `_psi`.`vin` AS `vin`, `_psi`.`vin_dia` AS `vin_dia`, `_psi`.`hep` AS `hep`, `_psi`.`hep_dia` AS `hep_dia`, `_psi`.`cro` AS `cro`, `_psi`.`cro_dia` AS `cro_dia`, `_kin`.`pag` AS `pag`, `_kin`.`arm_tra_dia` AS `kin_sel`, `_kin`.`nav_ond_dia` AS `kin_ton` FROM (`psi` `_psi` join `kin` `_kin` on(`_kin`.`ide` = `_psi`.`tzo`))  ;

-- --------------------------------------------------------

--
-- Estructura para la vista `_psi_hep`
--
DROP TABLE IF EXISTS `_psi_hep`;

CREATE ALGORITHM=UNDEFINED DEFINER=`admin`@`%` SQL SECURITY DEFINER VIEW `_psi_hep`  AS SELECT `_hep`.`ide` AS `ide`, `_cas`.`ond` AS `ond`, `_cas`.`arm` AS `arm`, `_arm`.`col` AS `arm_col`, `_arm`.`dir` AS `arm_dir`, `_cas`.`ton` AS `ton`, `_ton`.`nom` AS `ton_nom`, `_ton`.`des` AS `ton_des`, `_ton`.`pre` AS `ton_pre`, `_cas`.`des` AS `cas_des` FROM (((`psi_hep` `_hep` join `cas` `_cas` on(`_hep`.`ide` = `_cas`.`ide`)) join `cas_arm` `_arm` on(`_cas`.`arm` = `_arm`.`ide`)) join `ton` `_ton` on(`_cas`.`ton` = `_ton`.`ide`))  ;

-- --------------------------------------------------------

--
-- Estructura para la vista `_psi_lun`
--
DROP TABLE IF EXISTS `_psi_lun`;

CREATE ALGORITHM=UNDEFINED DEFINER=`admin`@`%` SQL SECURITY DEFINER VIEW `_psi_lun`  AS SELECT `_lun`.`ide` AS `ide`, `_lun`.`pos` AS `pos`, `_lun`.`nom` AS `nom`, `_lun`.`tot` AS `tot`, `_lun`.`tot_pro` AS `tot_pro`, `_lun`.`tot_por` AS `tot_por`, `_lun`.`kin_pag` AS `kin_pag`, `_lun`.`kin_cub` AS `kin_cub`, `_lun`.`fec_ini` AS `fec_ini`, `_lun`.`fec_fin` AS `fec_fin`, `_lun`.`fec_ran` AS `fec_ran`, `_ton`.`ide` AS `ton`, `_ton`.`nom` AS `ton_nom`, `_ton`.`des` AS `ton_des`, `_ton`.`gal` AS `ton_gal`, `_ton`.`car` AS `ton_car`, `_ton`.`pod` AS `ton_pod`, `_ton`.`acc` AS `ton_acc`, `_ton`.`pre` AS `ton_pre`, `_ton`.`sim` AS `ton_sim`, `_ton`.`mat` AS `ton_mat`, `_ton`.`dim` AS `ton_dim`, `_ton`.`ond` AS `ond`, `_ton`.`ond_enc` AS `ond_enc`, `_ton`.`ond_nom` AS `ond_nom`, `_ton`.`ond_pos` AS `ond_pos`, `_ton`.`ond_pod` AS `ond_pod`, `_ton`.`ond_man` AS `ond_man` FROM (`psi_lun` `_lun` join `ton` `_ton` on(`_lun`.`ide` = `_ton`.`ide`))  ;

-- --------------------------------------------------------

--
-- Estructura para la vista `_rad`
--
DROP TABLE IF EXISTS `_rad`;

CREATE ALGORITHM=UNDEFINED DEFINER=`admin`@`%` SQL SECURITY DEFINER VIEW `_rad`  AS SELECT `_rad`.`ide` AS `ide`, `_rad`.`nom` AS `nom`, `_rad`.`col` AS `col`, `_rad`.`pod` AS `pod`, `_rad`.`tel` AS `tel`, `_rad`.`tel_des` AS `tel_des`, `_rad`.`tel_año` AS `tel_año`, `_rad`.`tel_ora_año` AS `tel_ora_año`, `_rad`.`tel_ora_ani` AS `tel_ora_ani`, `_rad`.`tel_ora_gen` AS `tel_ora_gen`, `_rad`.`rin_des` AS `rin_des`, `_rad`.`pla_pod` AS `pla_pod`, `_rad`.`pla_ene` AS `pla_ene`, `_rad`.`pla_fue_pre` AS `pla_fue_pre`, `_rad`.`pla_fue_pos` AS `pla_fue_pos`, `_rad`.`pla_qua` AS `pla_qua`, `_rad`.`pla_man` AS `pla_man`, `_rad`.`pla_des` AS `pla_des`, `_rad`.`hum_cha` AS `hum_cha`, `_rad`.`map` AS `map`, `_rad`.`pat` AS `pat`, `_rad`.`umb` AS `umb`, `_rad`.`arc` AS `arc`, `_rad`.`pue` AS `pue`, `_rad`.`esf` AS `esf`, `_rad`.`esf_fun` AS `esf_fun`, `_hep`.`ide` AS `hep`, `_hep`.`pos` AS `hep_pos`, `_cha`.`nom` AS `cha_nom` FROM ((`rad` `_rad` join `rad_hep` `_hep` on(`_rad`.`ide` = `_hep`.`ide`)) join `rad_hum_cha` `_cha` on(`_rad`.`hum_cha` = `_cha`.`ide`))  ;

-- --------------------------------------------------------

--
-- Estructura para la vista `_sel`
--
DROP TABLE IF EXISTS `_sel`;

CREATE ALGORITHM=UNDEFINED DEFINER=`admin`@`%` SQL SECURITY DEFINER VIEW `_sel`  AS SELECT `_sel`.`ide` AS `ide`, `_sel`.`cod` AS `cod`, `_sel`.`ord` AS `ord`, `_sel`.`nom` AS `nom`, `_sel`.`nom_col` AS `nom_col`, `_sel`.`nom_cod` AS `nom_cod`, `_sel`.`may` AS `may`, `_sel`.`car` AS `car`, `_sel`.`acc` AS `acc`, `_sel`.`acc_per` AS `acc_per`, `_sel`.`acc_pal` AS `acc_pal`, `_sel`.`pod` AS `pod`, `_sel`.`pod_tel` AS `pod_tel`, `_sel`.`des` AS `des`, `_sel`.`des_pro` AS `des_pro`, `_sel`.`des_por` AS `des_por`, `_sel`.`des_men` AS `des_men`, `_sel`.`des_pal` AS `des_pal`, `_sel`.`des_som` AS `des_som`, `_sel`.`cic_ser` AS `cic_ser`, `_sel`.`cic_ser_des` AS `cic_ser_des`, `_sel`.`cic_luz` AS `cic_luz`, `_sel`.`cic_luz_des` AS `cic_luz_des`, `_sel`.`arm_tra` AS `arm_tra`, `_sel`.`arm_tra_des` AS `arm_tra_des`, `_sel`.`arm` AS `arm`, `_sel`.`arm_raz` AS `arm_raz`, `_sel`.`arm_raz_fun` AS `arm_raz_fun`, `_sel`.`arm_raz_des` AS `arm_raz_des`, `_sel`.`arm_cel` AS `arm_cel`, `_sel`.`arm_cel_fun` AS `arm_cel_fun`, `_sel`.`arm_cel_des` AS `arm_cel_des`, `_sel`.`cro` AS `cro`, `_sel`.`cro_fam` AS `cro_fam`, `_sel`.`cro_ele` AS `cro_ele`, `_sel`.`cro_ele_fun` AS `cro_ele_fun`, `_sel`.`cro_ele_des` AS `cro_ele_des`, `_sel`.`par_ana` AS `par_ana`, `_sel`.`par_gui` AS `par_gui`, `_sel`.`par_ant` AS `par_ant`, `_sel`.`par_ocu` AS `par_ocu`, `_sel`.`res_flu` AS `res_flu`, `_sel`.`res_flu_des` AS `res_flu_des`, `_sel`.`sol_pla` AS `sol_pla`, `_sel`.`sol_pla_des` AS `sol_pla_des`, `_sel`.`pla_cen` AS `pla_cen`, `_sel`.`pla_hem` AS `pla_hem`, `_sel`.`pla_hem_cod` AS `pla_hem_cod`, `_sel`.`pla_mer` AS `pla_mer`, `_sel`.`pla_mer_cod` AS `pla_mer_cod`, `_sel`.`hum_mer` AS `hum_mer`, `_dir`.`nom` AS `cic_dir`, `_pla`.`cel` AS `sol_cel`, `_pla`.`cir` AS `sol_cir`, `_fam`.`hum_cen` AS `hum_cen`, `_fam`.`hum_ded` AS `hum_ded`, `_ele`.`hum_ext` AS `hum_ext`, `_ele`.`res_flu` AS `hum_res` FROM ((((`sel` `_sel` join `sel_cic_dir` `_dir` on(`_sel`.`arm_raz` = `_dir`.`ide`)) join `sel_sol_pla` `_pla` on(`_sel`.`sol_pla` = `_pla`.`ide`)) join `sel_cro_ele` `_ele` on(`_sel`.`cro_ele` = `_ele`.`ide`)) join `sel_cro_fam` `_fam` on(`_sel`.`cro_fam` = `_fam`.`ide`)) ORDER BY `_sel`.`ide` ASC  ;

-- --------------------------------------------------------

--
-- Estructura para la vista `_sel_cod`
--
DROP TABLE IF EXISTS `_sel_cod`;

CREATE ALGORITHM=UNDEFINED DEFINER=`admin`@`%` SQL SECURITY DEFINER VIEW `_sel_cod`  AS SELECT `_sel`.`ide` AS `ide`, `_sel`.`cod` AS `cod`, `_sel`.`ord` AS `ord`, `_sel`.`nom` AS `nom`, `_sel`.`nom_col` AS `nom_col`, `_sel`.`nom_cod` AS `nom_cod`, `_sel`.`may` AS `may`, `_sel`.`car` AS `car`, `_sel`.`acc` AS `acc`, `_sel`.`acc_per` AS `acc_per`, `_sel`.`acc_pal` AS `acc_pal`, `_sel`.`pod` AS `pod`, `_sel`.`pod_tel` AS `pod_tel`, `_sel`.`des` AS `des`, `_sel`.`des_pro` AS `des_pro`, `_sel`.`des_por` AS `des_por`, `_sel`.`des_men` AS `des_men`, `_sel`.`des_pal` AS `des_pal`, `_sel`.`des_som` AS `des_som`, `_sel`.`cic_ser` AS `cic_ser`, `_sel`.`cic_ser_des` AS `cic_ser_des`, `_sel`.`cic_luz` AS `cic_luz`, `_sel`.`cic_luz_des` AS `cic_luz_des`, `_sel`.`arm_tra` AS `arm_tra`, `_sel`.`arm_tra_des` AS `arm_tra_des`, `_sel`.`arm` AS `arm`, `_sel`.`arm_raz` AS `arm_raz`, `_sel`.`arm_raz_fun` AS `arm_raz_fun`, `_sel`.`arm_raz_des` AS `arm_raz_des`, `_sel`.`arm_cel` AS `arm_cel`, `_sel`.`arm_cel_fun` AS `arm_cel_fun`, `_sel`.`arm_cel_des` AS `arm_cel_des`, `_sel`.`cro` AS `cro`, `_sel`.`cro_fam` AS `cro_fam`, `_sel`.`cro_ele` AS `cro_ele`, `_sel`.`cro_ele_fun` AS `cro_ele_fun`, `_sel`.`cro_ele_des` AS `cro_ele_des`, `_sel`.`par_ana` AS `par_ana`, `_sel`.`par_gui` AS `par_gui`, `_sel`.`par_ant` AS `par_ant`, `_sel`.`par_ocu` AS `par_ocu`, `_sel`.`res_flu` AS `res_flu`, `_sel`.`res_flu_des` AS `res_flu_des`, `_sel`.`sol_pla` AS `sol_pla`, `_sel`.`sol_pla_des` AS `sol_pla_des`, `_sel`.`pla_cen` AS `pla_cen`, `_sel`.`pla_hem` AS `pla_hem`, `_sel`.`pla_hem_cod` AS `pla_hem_cod`, `_sel`.`pla_mer` AS `pla_mer`, `_sel`.`pla_mer_cod` AS `pla_mer_cod`, `_sel`.`hum_mer` AS `hum_mer`, `_sel`.`cic_dir` AS `cic_dir`, `_sel`.`sol_cel` AS `sol_cel`, `_sel`.`sol_cir` AS `sol_cir`, `_sel`.`hum_cen` AS `hum_cen`, `_sel`.`hum_ded` AS `hum_ded`, `_sel`.`hum_ext` AS `hum_ext`, `_sel`.`hum_res` AS `hum_res` FROM `_sel` ORDER BY `_sel`.`ord` ASC  ;

-- --------------------------------------------------------

--
-- Estructura para la vista `_sel_par_ana`
--
DROP TABLE IF EXISTS `_sel_par_ana`;

CREATE ALGORITHM=UNDEFINED DEFINER=`admin`@`%` SQL SECURITY DEFINER VIEW `_sel_par_ana`  AS SELECT `_ana`.`ini` AS `ini`, `_ini`.`nom` AS `ini_nom`, `_ini`.`car` AS `ini_car`, `_ini`.`des` AS `ini_des`, `_ana`.`fin` AS `fin`, `_fin`.`nom` AS `fin_nom`, `_fin`.`car` AS `fin_car`, `_fin`.`des` AS `fin_des` FROM ((`sel_par_ana` `_ana` join `sel` `_ini` on(`_ana`.`ini` = `_ini`.`ide`)) join `sel` `_fin` on(`_ana`.`fin` = `_fin`.`ide`))  ;

-- --------------------------------------------------------

--
-- Estructura para la vista `_sel_par_ant`
--
DROP TABLE IF EXISTS `_sel_par_ant`;

CREATE ALGORITHM=UNDEFINED DEFINER=`admin`@`%` SQL SECURITY DEFINER VIEW `_sel_par_ant`  AS SELECT `_ant`.`ini` AS `ini`, `_ini`.`nom` AS `ini_nom`, `_ini`.`car` AS `ini_car`, `_ini`.`des` AS `ini_des`, `_ant`.`fin` AS `fin`, `_fin`.`nom` AS `fin_nom`, `_fin`.`car` AS `fin_car`, `_fin`.`des` AS `fin_des` FROM ((`sel_par_ant` `_ant` join `sel` `_ini` on(`_ant`.`ini` = `_ini`.`ide`)) join `sel` `_fin` on(`_ant`.`fin` = `_fin`.`ide`))  ;

-- --------------------------------------------------------

--
-- Estructura para la vista `_sel_par_ocu`
--
DROP TABLE IF EXISTS `_sel_par_ocu`;

CREATE ALGORITHM=UNDEFINED DEFINER=`admin`@`%` SQL SECURITY DEFINER VIEW `_sel_par_ocu`  AS SELECT `_ocu`.`ini` AS `ini`, `_ini`.`nom` AS `ini_nom`, `_ini`.`car` AS `ini_car`, `_ini`.`des` AS `ini_des`, `_ocu`.`fin` AS `fin`, `_fin`.`nom` AS `fin_nom`, `_fin`.`car` AS `fin_car`, `_fin`.`des` AS `fin_des` FROM ((`sel_par_ocu` `_ocu` join `sel` `_ini` on(`_ocu`.`ini` = `_ini`.`ide`)) join `sel` `_fin` on(`_ocu`.`fin` = `_fin`.`ide`))  ;

--
-- Índices para tablas volcadas
--

--
-- Indices de la tabla `ani`
--
ALTER TABLE `ani`
  ADD PRIMARY KEY (`ide`),
  ADD KEY `cas` (`cas`);

--
-- Indices de la tabla `arm`
--
ALTER TABLE `arm`
  ADD PRIMARY KEY (`ide`);

--
-- Indices de la tabla `cas`
--
ALTER TABLE `cas`
  ADD PRIMARY KEY (`ide`);

--
-- Indices de la tabla `cas_arm`
--
ALTER TABLE `cas_arm`
  ADD PRIMARY KEY (`ide`),
  ADD KEY `cas` (`cas`);

--
-- Indices de la tabla `cas_ond`
--
ALTER TABLE `cas_ond`
  ADD PRIMARY KEY (`ide`);

--
-- Indices de la tabla `chi`
--
ALTER TABLE `chi`
  ADD PRIMARY KEY (`ide`),
  ADD UNIQUE KEY `sup_2` (`sup`,`inf`),
  ADD KEY `sup` (`sup`),
  ADD KEY `inf` (`inf`),
  ADD KEY `his` (`his`),
  ADD KEY `_hol-chi_cor` (`cor`);

--
-- Indices de la tabla `chi_bin`
--
ALTER TABLE `chi_bin`
  ADD PRIMARY KEY (`ide`);

--
-- Indices de la tabla `chi_mon`
--
ALTER TABLE `chi_mon`
  ADD PRIMARY KEY (`ide`);

--
-- Indices de la tabla `chi_tri`
--
ALTER TABLE `chi_tri`
  ADD PRIMARY KEY (`ide`);

--
-- Indices de la tabla `cro`
--
ALTER TABLE `cro`
  ADD PRIMARY KEY (`ide`);

--
-- Indices de la tabla `kin`
--
ALTER TABLE `kin`
  ADD PRIMARY KEY (`ide`);

--
-- Indices de la tabla `kin_arm_cel`
--
ALTER TABLE `kin_arm_cel`
  ADD PRIMARY KEY (`ide`);

--
-- Indices de la tabla `kin_arm_tra`
--
ALTER TABLE `kin_arm_tra`
  ADD PRIMARY KEY (`ide`);

--
-- Indices de la tabla `kin_cro_ele`
--
ALTER TABLE `kin_cro_ele`
  ADD PRIMARY KEY (`ide`);

--
-- Indices de la tabla `kin_cro_est`
--
ALTER TABLE `kin_cro_est`
  ADD PRIMARY KEY (`ide`);

--
-- Indices de la tabla `kin_cro_ond`
--
ALTER TABLE `kin_cro_ond`
  ADD PRIMARY KEY (`ide`);

--
-- Indices de la tabla `kin_ene`
--
ALTER TABLE `kin_ene`
  ADD PRIMARY KEY (`ide`);

--
-- Indices de la tabla `kin_ene_cam`
--
ALTER TABLE `kin_ene_cam`
  ADD PRIMARY KEY (`ide`);

--
-- Indices de la tabla `kin_gen_cel`
--
ALTER TABLE `kin_gen_cel`
  ADD PRIMARY KEY (`ide`);

--
-- Indices de la tabla `kin_gen_enc`
--
ALTER TABLE `kin_gen_enc`
  ADD PRIMARY KEY (`ide`);

--
-- Indices de la tabla `kin_nav_cas`
--
ALTER TABLE `kin_nav_cas`
  ADD PRIMARY KEY (`ide`);

--
-- Indices de la tabla `kin_nav_ond`
--
ALTER TABLE `kin_nav_ond`
  ADD PRIMARY KEY (`ide`);

--
-- Indices de la tabla `kin_pag`
--
ALTER TABLE `kin_pag`
  ADD PRIMARY KEY (`ide`);

--
-- Indices de la tabla `lun`
--
ALTER TABLE `lun`
  ADD PRIMARY KEY (`ide`);

--
-- Indices de la tabla `lun_arm`
--
ALTER TABLE `lun_arm`
  ADD PRIMARY KEY (`ide`);

--
-- Indices de la tabla `lun_cub`
--
ALTER TABLE `lun_cub`
  ADD PRIMARY KEY (`ide`),
  ADD KEY `sel` (`sel`),
  ADD KEY `lun` (`lun`);

--
-- Indices de la tabla `lun_fas`
--
ALTER TABLE `lun_fas`
  ADD PRIMARY KEY (`ide`);

--
-- Indices de la tabla `lun_fue`
--
ALTER TABLE `lun_fue`
  ADD PRIMARY KEY (`ide`);

--
-- Indices de la tabla `psi`
--
ALTER TABLE `psi`
  ADD PRIMARY KEY (`ide`);

--
-- Indices de la tabla `psi_ban`
--
ALTER TABLE `psi_ban`
  ADD PRIMARY KEY (`ide`),
  ADD KEY `pla` (`pla`);

--
-- Indices de la tabla `psi_ban_cor`
--
ALTER TABLE `psi_ban_cor`
  ADD PRIMARY KEY (`ide`);

--
-- Indices de la tabla `psi_ban_his`
--
ALTER TABLE `psi_ban_his`
  ADD PRIMARY KEY (`ide`);

--
-- Indices de la tabla `psi_ban_pla`
--
ALTER TABLE `psi_ban_pla`
  ADD PRIMARY KEY (`ide`);

--
-- Indices de la tabla `psi_cro`
--
ALTER TABLE `psi_cro`
  ADD PRIMARY KEY (`ide`);

--
-- Indices de la tabla `psi_cro_arm`
--
ALTER TABLE `psi_cro_arm`
  ADD PRIMARY KEY (`ide`);

--
-- Indices de la tabla `psi_est`
--
ALTER TABLE `psi_est`
  ADD PRIMARY KEY (`ide`);

--
-- Indices de la tabla `psi_hep`
--
ALTER TABLE `psi_hep`
  ADD PRIMARY KEY (`ide`);

--
-- Indices de la tabla `psi_lun`
--
ALTER TABLE `psi_lun`
  ADD PRIMARY KEY (`ide`);

--
-- Indices de la tabla `psi_pag`
--
ALTER TABLE `psi_pag`
  ADD PRIMARY KEY (`ide`);

--
-- Indices de la tabla `psi_vin`
--
ALTER TABLE `psi_vin`
  ADD PRIMARY KEY (`ide`);

--
-- Indices de la tabla `rad`
--
ALTER TABLE `rad`
  ADD PRIMARY KEY (`ide`);

--
-- Indices de la tabla `rad_hep`
--
ALTER TABLE `rad_hep`
  ADD PRIMARY KEY (`ide`);

--
-- Indices de la tabla `rad_hum_cha`
--
ALTER TABLE `rad_hum_cha`
  ADD PRIMARY KEY (`ide`);

--
-- Indices de la tabla `rad_hum_mud`
--
ALTER TABLE `rad_hum_mud`
  ADD PRIMARY KEY (`ide`);

--
-- Indices de la tabla `rad_pla_ato`
--
ALTER TABLE `rad_pla_ato`
  ADD PRIMARY KEY (`ide`);

--
-- Indices de la tabla `rad_pla_car`
--
ALTER TABLE `rad_pla_car`
  ADD PRIMARY KEY (`ide`);

--
-- Indices de la tabla `rad_pla_ele`
--
ALTER TABLE `rad_pla_ele`
  ADD PRIMARY KEY (`ide`);

--
-- Indices de la tabla `rad_pla_fue`
--
ALTER TABLE `rad_pla_fue`
  ADD PRIMARY KEY (`ide`);

--
-- Indices de la tabla `rad_pla_qua`
--
ALTER TABLE `rad_pla_qua`
  ADD PRIMARY KEY (`ide`);

--
-- Indices de la tabla `rad_pla_tet`
--
ALTER TABLE `rad_pla_tet`
  ADD PRIMARY KEY (`ide`);

--
-- Indices de la tabla `sel`
--
ALTER TABLE `sel`
  ADD PRIMARY KEY (`ide`);

--
-- Indices de la tabla `sel_arm_cel`
--
ALTER TABLE `sel_arm_cel`
  ADD PRIMARY KEY (`ide`);

--
-- Indices de la tabla `sel_arm_raz`
--
ALTER TABLE `sel_arm_raz`
  ADD PRIMARY KEY (`ide`);

--
-- Indices de la tabla `sel_cic_dir`
--
ALTER TABLE `sel_cic_dir`
  ADD PRIMARY KEY (`ide`);

--
-- Indices de la tabla `sel_cic_luz`
--
ALTER TABLE `sel_cic_luz`
  ADD PRIMARY KEY (`ide`);

--
-- Indices de la tabla `sel_cic_men`
--
ALTER TABLE `sel_cic_men`
  ADD PRIMARY KEY (`ide`),
  ADD KEY `sel` (`sel`);

--
-- Indices de la tabla `sel_cic_ser`
--
ALTER TABLE `sel_cic_ser`
  ADD PRIMARY KEY (`ide`);

--
-- Indices de la tabla `sel_cod`
--
ALTER TABLE `sel_cod`
  ADD PRIMARY KEY (`ord`);

--
-- Indices de la tabla `sel_cro_ele`
--
ALTER TABLE `sel_cro_ele`
  ADD PRIMARY KEY (`ide`),
  ADD KEY `sel_ini` (`sel_ini`),
  ADD KEY `res_flu` (`res_flu`),
  ADD KEY `hum_ext` (`hum_ext`);

--
-- Indices de la tabla `sel_cro_fam`
--
ALTER TABLE `sel_cro_fam`
  ADD PRIMARY KEY (`ide`);

--
-- Indices de la tabla `sel_hum_cen`
--
ALTER TABLE `sel_hum_cen`
  ADD PRIMARY KEY (`ide`),
  ADD KEY `fam` (`fam`);

--
-- Indices de la tabla `sel_hum_ded`
--
ALTER TABLE `sel_hum_ded`
  ADD PRIMARY KEY (`ide`),
  ADD KEY `fam` (`fam`);

--
-- Indices de la tabla `sel_hum_ext`
--
ALTER TABLE `sel_hum_ext`
  ADD PRIMARY KEY (`ide`),
  ADD KEY `ele` (`ele`);

--
-- Indices de la tabla `sel_hum_mer`
--
ALTER TABLE `sel_hum_mer`
  ADD PRIMARY KEY (`ide`);

--
-- Indices de la tabla `sel_hum_res`
--
ALTER TABLE `sel_hum_res`
  ADD PRIMARY KEY (`ide`);

--
-- Indices de la tabla `sel_par`
--
ALTER TABLE `sel_par`
  ADD PRIMARY KEY (`pos`);

--
-- Indices de la tabla `sel_par_ana`
--
ALTER TABLE `sel_par_ana`
  ADD PRIMARY KEY (`ide`),
  ADD KEY `ini` (`ini`),
  ADD KEY `fin` (`fin`);

--
-- Indices de la tabla `sel_par_ant`
--
ALTER TABLE `sel_par_ant`
  ADD PRIMARY KEY (`ide`),
  ADD KEY `ini` (`ini`),
  ADD KEY `fin` (`fin`);

--
-- Indices de la tabla `sel_par_ocu`
--
ALTER TABLE `sel_par_ocu`
  ADD PRIMARY KEY (`ide`),
  ADD KEY `ini` (`ini`),
  ADD KEY `fin` (`fin`);

--
-- Indices de la tabla `sel_pla_cen`
--
ALTER TABLE `sel_pla_cen`
  ADD PRIMARY KEY (`ide`);

--
-- Indices de la tabla `sel_pla_hem`
--
ALTER TABLE `sel_pla_hem`
  ADD PRIMARY KEY (`ide`);

--
-- Indices de la tabla `sel_pla_mer`
--
ALTER TABLE `sel_pla_mer`
  ADD PRIMARY KEY (`ide`);

--
-- Indices de la tabla `sel_pla_res`
--
ALTER TABLE `sel_pla_res`
  ADD PRIMARY KEY (`ide`);

--
-- Indices de la tabla `sel_res`
--
ALTER TABLE `sel_res`
  ADD PRIMARY KEY (`ide`);

--
-- Indices de la tabla `sel_res_flu`
--
ALTER TABLE `sel_res_flu`
  ADD PRIMARY KEY (`ide`);

--
-- Indices de la tabla `sel_res_fue`
--
ALTER TABLE `sel_res_fue`
  ADD PRIMARY KEY (`ide`);

--
-- Indices de la tabla `sel_sol_cel`
--
ALTER TABLE `sel_sol_cel`
  ADD PRIMARY KEY (`ide`);

--
-- Indices de la tabla `sel_sol_cir`
--
ALTER TABLE `sel_sol_cir`
  ADD PRIMARY KEY (`ide`);

--
-- Indices de la tabla `sel_sol_orb`
--
ALTER TABLE `sel_sol_orb`
  ADD PRIMARY KEY (`ide`);

--
-- Indices de la tabla `sel_sol_pla`
--
ALTER TABLE `sel_sol_pla`
  ADD PRIMARY KEY (`ide`);

--
-- Indices de la tabla `sel_sol_res`
--
ALTER TABLE `sel_sol_res`
  ADD PRIMARY KEY (`ide`);

--
-- Indices de la tabla `sir_cic`
--
ALTER TABLE `sir_cic`
  ADD PRIMARY KEY (`ide`);

--
-- Indices de la tabla `tel`
--
ALTER TABLE `tel`
  ADD PRIMARY KEY (`ide`);

--
-- Indices de la tabla `tel_cam`
--
ALTER TABLE `tel_cam`
  ADD PRIMARY KEY (`ide`);

--
-- Indices de la tabla `tel_mov`
--
ALTER TABLE `tel_mov`
  ADD PRIMARY KEY (`ide`);

--
-- Indices de la tabla `tel_pla`
--
ALTER TABLE `tel_pla`
  ADD PRIMARY KEY (`ide`);

--
-- Indices de la tabla `tel_sub`
--
ALTER TABLE `tel_sub`
  ADD PRIMARY KEY (`ide`);

--
-- Indices de la tabla `ton`
--
ALTER TABLE `ton`
  ADD PRIMARY KEY (`ide`);

--
-- Indices de la tabla `ton_dim`
--
ALTER TABLE `ton_dim`
  ADD PRIMARY KEY (`ide`);

--
-- Indices de la tabla `ton_hum_art`
--
ALTER TABLE `ton_hum_art`
  ADD PRIMARY KEY (`ide`);

--
-- Indices de la tabla `ton_hum_sen`
--
ALTER TABLE `ton_hum_sen`
  ADD PRIMARY KEY (`ide`);

--
-- Indices de la tabla `ton_mat`
--
ALTER TABLE `ton_mat`
  ADD PRIMARY KEY (`ide`);

--
-- Indices de la tabla `ton_ond`
--
ALTER TABLE `ton_ond`
  ADD PRIMARY KEY (`ide`);

--
-- Indices de la tabla `ton_sim`
--
ALTER TABLE `ton_sim`
  ADD PRIMARY KEY (`ide`);
--
-- Base de datos: `_usu`
--
CREATE DATABASE IF NOT EXISTS `_usu` DEFAULT CHARACTER SET utf8mb4 COLLATE utf8mb4_general_ci;
USE `_usu`;

-- --------------------------------------------------------

--
-- Estructura de tabla para la tabla `age_cic`
--

CREATE TABLE `age_cic` (
  `ide` int(10) UNSIGNED NOT NULL COMMENT 'Id',
  `usu` int(10) UNSIGNED NOT NULL COMMENT 'Usuario',
  `tip` smallint(5) UNSIGNED NOT NULL COMMENT 'Tipo',
  `nom` varchar(100) NOT NULL COMMENT 'Nombre',
  `des` text DEFAULT NULL COMMENT 'Descripción',
  `ini_año` smallint(4) UNSIGNED ZEROFILL NOT NULL COMMENT 'Año Inicial',
  `ini_mes` smallint(2) UNSIGNED ZEROFILL DEFAULT NULL COMMENT 'Mes Inicial',
  `ini_dia` smallint(2) UNSIGNED ZEROFILL DEFAULT NULL COMMENT 'Día Inicial',
  `fin_año` smallint(4) UNSIGNED ZEROFILL DEFAULT NULL COMMENT 'Año Final',
  `fin_mes` smallint(2) UNSIGNED ZEROFILL DEFAULT NULL COMMENT 'Mes Final',
  `fin_dia` smallint(2) UNSIGNED ZEROFILL DEFAULT NULL COMMENT 'Día Final'
) ENGINE=InnoDB DEFAULT CHARSET=utf8mb4 COMMENT='Ciclo de Tiempo';

-- --------------------------------------------------------

--
-- Estructura de tabla para la tabla `age_dia`
--

CREATE TABLE `age_dia` (
  `ide` int(10) UNSIGNED NOT NULL COMMENT 'Id',
  `usu` int(10) UNSIGNED NOT NULL COMMENT 'Usuario',
  `fec` datetime NOT NULL COMMENT 'Fecha',
  `tip` smallint(5) UNSIGNED NOT NULL COMMENT 'Tipo',
  `des` text DEFAULT NULL COMMENT 'Descripción'
) ENGINE=InnoDB DEFAULT CHARSET=utf8mb4 COMMENT='Diario';

-- --------------------------------------------------------

--
-- Estructura de tabla para la tabla `cic_ani`
--

CREATE TABLE `cic_ani` (
  `usu` int(11) NOT NULL COMMENT 'Usuario',
  `ide` smallint(2) UNSIGNED ZEROFILL NOT NULL COMMENT 'Ciclo Anual',
  `eda` tinyint(3) UNSIGNED NOT NULL COMMENT 'Edad',
  `arm` smallint(1) UNSIGNED ZEROFILL NOT NULL COMMENT 'Cuadrante',
  `ond` int(1) UNSIGNED ZEROFILL NOT NULL COMMENT 'Aventura',
  `ton` smallint(2) UNSIGNED ZEROFILL NOT NULL COMMENT 'Tono',
  `fec` date NOT NULL COMMENT 'Fecha',
  `sin` varchar(13) NOT NULL COMMENT 'Sincronario',
  `kin` smallint(3) NOT NULL COMMENT 'Kin Anual'
) ENGINE=InnoDB DEFAULT CHARSET=utf8mb4 COMMENT='Tránsito Anual';

--
-- Volcado de datos para la tabla `cic_ani`
--

INSERT INTO `cic_ani` (`usu`, `ide`, `eda`, `arm`, `ond`, `ton`, `fec`, `sin`, `kin`) VALUES
(1, 01, 0, 1, 1, 01, '1987-10-05', '1.00.03.16', 105),
(1, 02, 1, 1, 1, 02, '1988-10-05', '1.01.03.16', 210),
(1, 03, 2, 1, 1, 03, '1989-10-05', '1.02.03.16', 55),
(1, 04, 3, 1, 1, 04, '1990-10-05', '1.03.03.16', 160),
(1, 05, 4, 1, 2, 05, '1991-10-05', '1.04.03.16', 5),
(1, 06, 5, 1, 2, 06, '1992-10-05', '1.05.03.16', 110),
(1, 07, 6, 1, 2, 07, '1993-10-05', '1.06.03.16', 215),
(1, 08, 7, 1, 2, 08, '1994-10-05', '1.07.03.16', 60),
(1, 09, 8, 1, 3, 09, '1995-10-05', '1.08.03.16', 165),
(1, 10, 9, 1, 3, 10, '1996-10-05', '1.09.03.16', 10),
(1, 11, 10, 1, 3, 11, '1997-10-05', '1.10.03.16', 115),
(1, 12, 11, 1, 3, 12, '1998-10-05', '1.11.03.16', 220),
(1, 13, 12, 1, 4, 13, '1999-10-05', '1.12.03.16', 65),
(1, 14, 13, 2, 1, 01, '2000-10-05', '1.13.03.16', 170),
(1, 15, 14, 2, 1, 02, '2001-10-05', '1.14.03.16', 15),
(1, 16, 15, 2, 1, 03, '2002-10-05', '1.15.03.16', 120),
(1, 17, 16, 2, 1, 04, '2003-10-05', '1.16.03.16', 225),
(1, 18, 17, 2, 2, 05, '2004-10-05', '1.17.03.16', 70),
(1, 19, 18, 2, 2, 06, '2005-10-05', '1.18.03.16', 175),
(1, 20, 19, 2, 2, 07, '2006-10-05', '1.19.03.16', 20),
(1, 21, 20, 2, 2, 08, '2007-10-05', '1.20.03.16', 125),
(1, 22, 21, 2, 3, 09, '2008-10-05', '1.21.03.16', 230),
(1, 23, 22, 2, 3, 10, '2009-10-05', '1.22.03.16', 75),
(1, 24, 23, 2, 3, 11, '2010-10-05', '1.23.03.16', 180),
(1, 25, 24, 2, 3, 12, '2011-10-05', '1.24.03.16', 25),
(1, 26, 25, 2, 4, 13, '2012-10-05', '1.25.03.16', 130),
(1, 27, 26, 3, 1, 01, '2013-10-05', '1.26.03.16', 235),
(1, 28, 27, 3, 1, 02, '2014-10-05', '1.27.03.16', 80),
(1, 29, 28, 3, 1, 03, '2015-10-05', '1.28.03.16', 185),
(1, 30, 29, 3, 1, 04, '2016-10-05', '1.29.03.16', 30),
(1, 31, 30, 3, 2, 05, '2017-10-05', '1.30.03.16', 135),
(1, 32, 31, 3, 2, 06, '2018-10-05', '1.31.03.16', 240),
(1, 33, 32, 3, 2, 07, '2019-10-05', '1.32.03.16', 85),
(1, 34, 33, 3, 2, 08, '2020-10-05', '1.33.03.16', 190),
(1, 35, 34, 3, 3, 09, '2021-10-05', '1.34.03.16', 35),
(1, 36, 35, 3, 3, 10, '2022-10-05', '1.35.03.16', 140),
(1, 37, 36, 3, 3, 11, '2023-10-05', '1.36.03.16', 245),
(1, 38, 37, 3, 3, 12, '2024-10-05', '1.37.03.16', 90),
(1, 39, 38, 3, 4, 13, '2025-10-05', '1.38.03.16', 195),
(1, 40, 39, 4, 1, 01, '2026-10-05', '1.39.03.16', 40),
(1, 41, 40, 4, 1, 02, '2027-10-05', '1.40.03.16', 145),
(1, 42, 41, 4, 1, 03, '2028-10-05', '1.41.03.16', 250),
(1, 43, 42, 4, 1, 04, '2029-10-05', '1.42.03.16', 95),
(1, 44, 43, 4, 2, 05, '2030-10-05', '1.43.03.16', 200),
(1, 45, 44, 4, 2, 06, '2031-10-05', '1.44.03.16', 45),
(1, 46, 45, 4, 2, 07, '2032-10-05', '1.45.03.16', 150),
(1, 47, 46, 4, 2, 08, '2033-10-05', '1.46.03.16', 255),
(1, 48, 47, 4, 3, 09, '2034-10-05', '1.47.03.16', 100),
(1, 49, 48, 4, 3, 10, '2035-10-05', '1.48.03.16', 205),
(1, 50, 49, 4, 3, 11, '2036-10-05', '1.49.03.16', 50),
(1, 51, 50, 4, 3, 12, '2037-10-05', '1.50.03.16', 155),
(1, 52, 51, 4, 4, 13, '2038-10-05', '1.51.03.16', 260);

-- --------------------------------------------------------

--
-- Estructura de tabla para la tabla `cic_arm`
--

CREATE TABLE `cic_arm` (
  `ide` smallint(1) UNSIGNED ZEROFILL NOT NULL COMMENT 'Cuadrante',
  `nom` varchar(150) NOT NULL COMMENT 'Titulo',
  `des` tinytext NOT NULL COMMENT 'Descripción'
) ENGINE=InnoDB DEFAULT CHARSET=utf8mb4 COMMENT='Cuadrante del Tránsito';

--
-- Volcado de datos para la tabla `cic_arm`
--

INSERT INTO `cic_arm` (`ide`, `nom`, `des`) VALUES
(1, 'de 0 a 12 años', ''),
(2, 'de 13 a 25 años', ''),
(3, 'de 26 a 38 años', ''),
(4, 'de 39 a 51 años', '');

-- --------------------------------------------------------

--
-- Estructura de tabla para la tabla `cic_dia`
--

CREATE TABLE `cic_dia` (
  `usu` int(11) NOT NULL COMMENT 'Usuario',
  `ani` smallint(2) UNSIGNED ZEROFILL NOT NULL COMMENT 'Ciclo Anual',
  `lun` smallint(2) UNSIGNED ZEROFILL NOT NULL COMMENT 'Ciclo Lunar',
  `ide` smallint(2) UNSIGNED ZEROFILL NOT NULL COMMENT 'Día',
  `fec` date NOT NULL COMMENT 'Fecha',
  `sin` varchar(13) NOT NULL COMMENT 'Sincronario',
  `kin` smallint(3) UNSIGNED ZEROFILL NOT NULL COMMENT 'Kin Diario',
  `kin_dia` int(3) UNSIGNED ZEROFILL NOT NULL COMMENT 'Tránsito'
) ENGINE=InnoDB DEFAULT CHARSET=utf8mb4 COMMENT='Tránsito Diario';

-- --------------------------------------------------------

--
-- Estructura de tabla para la tabla `cic_lun`
--

CREATE TABLE `cic_lun` (
  `usu` int(11) NOT NULL COMMENT 'Usuario',
  `ani` smallint(2) UNSIGNED ZEROFILL NOT NULL COMMENT 'Ciclo Anual',
  `ide` smallint(2) UNSIGNED ZEROFILL NOT NULL COMMENT 'Ciclo Lunar',
  `fec` date NOT NULL COMMENT 'Fecha',
  `sin` varchar(13) NOT NULL COMMENT 'Sincronario',
  `kin` smallint(3) UNSIGNED ZEROFILL NOT NULL COMMENT 'Kin Lunar'
) ENGINE=InnoDB DEFAULT CHARSET=utf8mb4 COMMENT='Tránsito Lunar';

--
-- Volcado de datos para la tabla `cic_lun`
--

INSERT INTO `cic_lun` (`usu`, `ani`, `ide`, `fec`, `sin`, `kin`) VALUES
(1, 01, 01, '1987-10-05', '1.00.03.16', 105),
(1, 01, 02, '1987-11-02', '1.00.04.16', 133),
(1, 01, 03, '1987-11-30', '1.00.05.16', 161),
(1, 01, 04, '1987-12-28', '1.00.06.16', 189),
(1, 01, 05, '1988-01-25', '1.00.07.16', 217),
(1, 01, 06, '1988-02-22', '1.00.08.16', 245),
(1, 01, 07, '1988-03-22', '1.00.09.16', 013),
(1, 01, 08, '1988-04-19', '1.00.10.16', 041),
(1, 01, 09, '1988-05-17', '1.00.11.16', 069),
(1, 01, 10, '1988-06-14', '1.00.12.16', 097),
(1, 01, 11, '1988-07-12', '1.00.13.16', 125),
(1, 01, 12, '1988-08-10', '1.01.01.16', 154),
(1, 01, 13, '1988-09-07', '1.01.02.16', 182),
(1, 02, 01, '1988-10-05', '1.01.03.16', 210),
(1, 02, 02, '1988-11-02', '1.01.04.16', 238),
(1, 02, 03, '1988-11-30', '1.01.05.16', 006),
(1, 02, 04, '1988-12-28', '1.01.06.16', 034),
(1, 02, 05, '1989-01-25', '1.01.07.16', 062),
(1, 02, 06, '1989-02-22', '1.01.08.16', 090),
(1, 02, 07, '1989-03-22', '1.01.09.16', 118),
(1, 02, 08, '1989-04-19', '1.01.10.16', 146),
(1, 02, 09, '1989-05-17', '1.01.11.16', 174),
(1, 02, 10, '1989-06-14', '1.01.12.16', 202),
(1, 02, 11, '1989-07-12', '1.01.13.16', 230),
(1, 02, 12, '1989-08-10', '1.02.01.16', 259),
(1, 02, 13, '1989-09-07', '1.02.02.16', 027),
(1, 03, 01, '1989-10-05', '1.02.03.16', 055),
(1, 03, 02, '1989-11-02', '1.02.04.16', 083),
(1, 03, 03, '1989-11-30', '1.02.05.16', 111),
(1, 03, 04, '1989-12-28', '1.02.06.16', 139),
(1, 03, 05, '1990-01-25', '1.02.07.16', 167),
(1, 03, 06, '1990-02-22', '1.02.08.16', 195),
(1, 03, 07, '1990-03-22', '1.02.09.16', 223),
(1, 03, 08, '1990-04-19', '1.02.10.16', 251),
(1, 03, 09, '1990-05-17', '1.02.11.16', 019),
(1, 03, 10, '1990-06-14', '1.02.12.16', 047),
(1, 03, 11, '1990-07-12', '1.02.13.16', 075),
(1, 03, 12, '1990-08-10', '1.03.01.16', 104),
(1, 03, 13, '1990-09-07', '1.03.02.16', 132),
(1, 04, 01, '1990-10-05', '1.03.03.16', 160),
(1, 04, 02, '1990-11-02', '1.03.04.16', 188),
(1, 04, 03, '1990-11-30', '1.03.05.16', 216),
(1, 04, 04, '1990-12-28', '1.03.06.16', 244),
(1, 04, 05, '1991-01-25', '1.03.07.16', 012),
(1, 04, 06, '1991-02-22', '1.03.08.16', 040),
(1, 04, 07, '1991-03-22', '1.03.09.16', 068),
(1, 04, 08, '1991-04-19', '1.03.10.16', 096),
(1, 04, 09, '1991-05-17', '1.03.11.16', 124),
(1, 04, 10, '1991-06-14', '1.03.12.16', 152),
(1, 04, 11, '1991-07-12', '1.03.13.16', 180),
(1, 04, 12, '1991-08-10', '1.04.01.16', 209),
(1, 04, 13, '1991-09-07', '1.04.02.16', 237),
(1, 05, 01, '1991-10-05', '1.04.03.16', 005),
(1, 05, 02, '1991-11-02', '1.04.04.16', 033),
(1, 05, 03, '1991-11-30', '1.04.05.16', 061),
(1, 05, 04, '1991-12-28', '1.04.06.16', 089),
(1, 05, 05, '1992-01-25', '1.04.07.16', 117),
(1, 05, 06, '1992-02-22', '1.04.08.16', 145),
(1, 05, 07, '1992-03-22', '1.04.09.16', 173),
(1, 05, 08, '1992-04-19', '1.04.10.16', 201),
(1, 05, 09, '1992-05-17', '1.04.11.16', 229),
(1, 05, 10, '1992-06-14', '1.04.12.16', 257),
(1, 05, 11, '1992-07-12', '1.04.13.16', 025),
(1, 05, 12, '1992-08-10', '1.05.01.16', 054),
(1, 05, 13, '1992-09-07', '1.05.02.16', 082),
(1, 06, 01, '1992-10-05', '1.05.03.16', 110),
(1, 06, 02, '1992-11-02', '1.05.04.16', 138),
(1, 06, 03, '1992-11-30', '1.05.05.16', 166),
(1, 06, 04, '1992-12-28', '1.05.06.16', 194),
(1, 06, 05, '1993-01-25', '1.05.07.16', 222),
(1, 06, 06, '1993-02-22', '1.05.08.16', 250),
(1, 06, 07, '1993-03-22', '1.05.09.16', 018),
(1, 06, 08, '1993-04-19', '1.05.10.16', 046),
(1, 06, 09, '1993-05-17', '1.05.11.16', 074),
(1, 06, 10, '1993-06-14', '1.05.12.16', 102),
(1, 06, 11, '1993-07-12', '1.05.13.16', 130),
(1, 06, 12, '1993-08-10', '1.06.01.16', 159),
(1, 06, 13, '1993-09-07', '1.06.02.16', 187),
(1, 07, 01, '1993-10-05', '1.06.03.16', 215),
(1, 07, 02, '1993-11-02', '1.06.04.16', 243),
(1, 07, 03, '1993-11-30', '1.06.05.16', 011),
(1, 07, 04, '1993-12-28', '1.06.06.16', 039),
(1, 07, 05, '1994-01-25', '1.06.07.16', 067),
(1, 07, 06, '1994-02-22', '1.06.08.16', 095),
(1, 07, 07, '1994-03-22', '1.06.09.16', 123),
(1, 07, 08, '1994-04-19', '1.06.10.16', 151),
(1, 07, 09, '1994-05-17', '1.06.11.16', 179),
(1, 07, 10, '1994-06-14', '1.06.12.16', 207),
(1, 07, 11, '1994-07-12', '1.06.13.16', 235),
(1, 07, 12, '1994-08-10', '1.07.01.16', 004),
(1, 07, 13, '1994-09-07', '1.07.02.16', 032),
(1, 08, 01, '1994-10-05', '1.07.03.16', 060),
(1, 08, 02, '1994-11-02', '1.07.04.16', 088),
(1, 08, 03, '1994-11-30', '1.07.05.16', 116),
(1, 08, 04, '1994-12-28', '1.07.06.16', 144),
(1, 08, 05, '1995-01-25', '1.07.07.16', 172),
(1, 08, 06, '1995-02-22', '1.07.08.16', 200),
(1, 08, 07, '1995-03-22', '1.07.09.16', 228),
(1, 08, 08, '1995-04-19', '1.07.10.16', 256),
(1, 08, 09, '1995-05-17', '1.07.11.16', 024),
(1, 08, 10, '1995-06-14', '1.07.12.16', 052),
(1, 08, 11, '1995-07-12', '1.07.13.16', 080),
(1, 08, 12, '1995-08-10', '1.08.01.16', 109),
(1, 08, 13, '1995-09-07', '1.08.02.16', 137),
(1, 09, 01, '1995-10-05', '1.08.03.16', 165),
(1, 09, 02, '1995-11-02', '1.08.04.16', 193),
(1, 09, 03, '1995-11-30', '1.08.05.16', 221),
(1, 09, 04, '1995-12-28', '1.08.06.16', 249),
(1, 09, 05, '1996-01-25', '1.08.07.16', 017),
(1, 09, 06, '1996-02-22', '1.08.08.16', 045),
(1, 09, 07, '1996-03-22', '1.08.09.16', 073),
(1, 09, 08, '1996-04-19', '1.08.10.16', 101),
(1, 09, 09, '1996-05-17', '1.08.11.16', 129),
(1, 09, 10, '1996-06-14', '1.08.12.16', 157),
(1, 09, 11, '1996-07-12', '1.08.13.16', 185),
(1, 09, 12, '1996-08-10', '1.09.01.16', 214),
(1, 09, 13, '1996-09-07', '1.09.02.16', 242),
(1, 10, 01, '1996-10-05', '1.09.03.16', 010),
(1, 10, 02, '1996-11-02', '1.09.04.16', 038),
(1, 10, 03, '1996-11-30', '1.09.05.16', 066),
(1, 10, 04, '1996-12-28', '1.09.06.16', 094),
(1, 10, 05, '1997-01-25', '1.09.07.16', 122),
(1, 10, 06, '1997-02-22', '1.09.08.16', 150),
(1, 10, 07, '1997-03-22', '1.09.09.16', 178),
(1, 10, 08, '1997-04-19', '1.09.10.16', 206),
(1, 10, 09, '1997-05-17', '1.09.11.16', 234),
(1, 10, 10, '1997-06-14', '1.09.12.16', 002),
(1, 10, 11, '1997-07-12', '1.09.13.16', 030),
(1, 10, 12, '1997-08-10', '1.10.01.16', 059),
(1, 10, 13, '1997-09-07', '1.10.02.16', 087),
(1, 11, 01, '1997-10-05', '1.10.03.16', 115),
(1, 11, 02, '1997-11-02', '1.10.04.16', 143),
(1, 11, 03, '1997-11-30', '1.10.05.16', 171),
(1, 11, 04, '1997-12-28', '1.10.06.16', 199),
(1, 11, 05, '1998-01-25', '1.10.07.16', 227),
(1, 11, 06, '1998-02-22', '1.10.08.16', 255),
(1, 11, 07, '1998-03-22', '1.10.09.16', 023),
(1, 11, 08, '1998-04-19', '1.10.10.16', 051),
(1, 11, 09, '1998-05-17', '1.10.11.16', 079),
(1, 11, 10, '1998-06-14', '1.10.12.16', 107),
(1, 11, 11, '1998-07-12', '1.10.13.16', 135),
(1, 11, 12, '1998-08-10', '1.11.01.16', 164),
(1, 11, 13, '1998-09-07', '1.11.02.16', 192),
(1, 12, 01, '1998-10-05', '1.11.03.16', 220),
(1, 12, 02, '1998-11-02', '1.11.04.16', 248),
(1, 12, 03, '1998-11-30', '1.11.05.16', 016),
(1, 12, 04, '1998-12-28', '1.11.06.16', 044),
(1, 12, 05, '1999-01-25', '1.11.07.16', 072),
(1, 12, 06, '1999-02-22', '1.11.08.16', 100),
(1, 12, 07, '1999-03-22', '1.11.09.16', 128),
(1, 12, 08, '1999-04-19', '1.11.10.16', 156),
(1, 12, 09, '1999-05-17', '1.11.11.16', 184),
(1, 12, 10, '1999-06-14', '1.11.12.16', 212),
(1, 12, 11, '1999-07-12', '1.11.13.16', 240),
(1, 12, 12, '1999-08-10', '1.12.01.16', 009),
(1, 12, 13, '1999-09-07', '1.12.02.16', 037),
(1, 13, 01, '1999-10-05', '1.12.03.16', 065),
(1, 13, 02, '1999-11-02', '1.12.04.16', 093),
(1, 13, 03, '1999-11-30', '1.12.05.16', 121),
(1, 13, 04, '1999-12-28', '1.12.06.16', 149),
(1, 13, 05, '2000-01-25', '1.12.07.16', 177),
(1, 13, 06, '2000-02-22', '1.12.08.16', 205),
(1, 13, 07, '2000-03-22', '1.12.09.16', 233),
(1, 13, 08, '2000-04-19', '1.12.10.16', 001),
(1, 13, 09, '2000-05-17', '1.12.11.16', 029),
(1, 13, 10, '2000-06-14', '1.12.12.16', 057),
(1, 13, 11, '2000-07-12', '1.12.13.16', 085),
(1, 13, 12, '2000-08-10', '1.13.01.16', 114),
(1, 13, 13, '2000-09-07', '1.13.02.16', 142),
(1, 14, 01, '2000-10-05', '1.13.03.16', 170),
(1, 14, 02, '2000-11-02', '1.13.04.16', 198),
(1, 14, 03, '2000-11-30', '1.13.05.16', 226),
(1, 14, 04, '2000-12-28', '1.13.06.16', 254),
(1, 14, 05, '2001-01-25', '1.13.07.16', 022),
(1, 14, 06, '2001-02-22', '1.13.08.16', 050),
(1, 14, 07, '2001-03-22', '1.13.09.16', 078),
(1, 14, 08, '2001-04-19', '1.13.10.16', 106),
(1, 14, 09, '2001-05-17', '1.13.11.16', 134),
(1, 14, 10, '2001-06-14', '1.13.12.16', 162),
(1, 14, 11, '2001-07-12', '1.13.13.16', 190),
(1, 14, 12, '2001-08-10', '1.14.01.16', 219),
(1, 14, 13, '2001-09-07', '1.14.02.16', 247),
(1, 15, 01, '2001-10-05', '1.14.03.16', 015),
(1, 15, 02, '2001-11-02', '1.14.04.16', 043),
(1, 15, 03, '2001-11-30', '1.14.05.16', 071),
(1, 15, 04, '2001-12-28', '1.14.06.16', 099),
(1, 15, 05, '2002-01-25', '1.14.07.16', 127),
(1, 15, 06, '2002-02-22', '1.14.08.16', 155),
(1, 15, 07, '2002-03-22', '1.14.09.16', 183),
(1, 15, 08, '2002-04-19', '1.14.10.16', 211),
(1, 15, 09, '2002-05-17', '1.14.11.16', 239),
(1, 15, 10, '2002-06-14', '1.14.12.16', 007),
(1, 15, 11, '2002-07-12', '1.14.13.16', 035),
(1, 15, 12, '2002-08-10', '1.15.01.16', 064),
(1, 15, 13, '2002-09-07', '1.15.02.16', 092),
(1, 16, 01, '2002-10-05', '1.15.03.16', 120),
(1, 16, 02, '2002-11-02', '1.15.04.16', 148),
(1, 16, 03, '2002-11-30', '1.15.05.16', 176),
(1, 16, 04, '2002-12-28', '1.15.06.16', 204),
(1, 16, 05, '2003-01-25', '1.15.07.16', 232),
(1, 16, 06, '2003-02-22', '1.15.08.16', 260),
(1, 16, 07, '2003-03-22', '1.15.09.16', 028),
(1, 16, 08, '2003-04-19', '1.15.10.16', 056),
(1, 16, 09, '2003-05-17', '1.15.11.16', 084),
(1, 16, 10, '2003-06-14', '1.15.12.16', 112),
(1, 16, 11, '2003-07-12', '1.15.13.16', 140),
(1, 16, 12, '2003-08-10', '1.16.01.16', 169),
(1, 16, 13, '2003-09-07', '1.16.02.16', 197),
(1, 17, 01, '2003-10-05', '1.16.03.16', 225),
(1, 17, 02, '2003-11-02', '1.16.04.16', 253),
(1, 17, 03, '2003-11-30', '1.16.05.16', 021),
(1, 17, 04, '2003-12-28', '1.16.06.16', 049),
(1, 17, 05, '2004-01-25', '1.16.07.16', 077),
(1, 17, 06, '2004-02-22', '1.16.08.16', 105),
(1, 17, 07, '2004-03-22', '1.16.09.16', 133),
(1, 17, 08, '2004-04-19', '1.16.10.16', 161),
(1, 17, 09, '2004-05-17', '1.16.11.16', 189),
(1, 17, 10, '2004-06-14', '1.16.12.16', 217),
(1, 17, 11, '2004-07-12', '1.16.13.16', 245),
(1, 17, 12, '2004-08-10', '1.17.01.16', 014),
(1, 17, 13, '2004-09-07', '1.17.02.16', 042),
(1, 18, 01, '2004-10-05', '1.17.03.16', 070),
(1, 18, 02, '2004-11-02', '1.17.04.16', 098),
(1, 18, 03, '2004-11-30', '1.17.05.16', 126),
(1, 18, 04, '2004-12-28', '1.17.06.16', 154),
(1, 18, 05, '2005-01-25', '1.17.07.16', 182),
(1, 18, 06, '2005-02-22', '1.17.08.16', 210),
(1, 18, 07, '2005-03-22', '1.17.09.16', 238),
(1, 18, 08, '2005-04-19', '1.17.10.16', 006),
(1, 18, 09, '2005-05-17', '1.17.11.16', 034),
(1, 18, 10, '2005-06-14', '1.17.12.16', 062),
(1, 18, 11, '2005-07-12', '1.17.13.16', 090),
(1, 18, 12, '2005-08-10', '1.18.01.16', 119),
(1, 18, 13, '2005-09-07', '1.18.02.16', 147),
(1, 19, 01, '2005-10-05', '1.18.03.16', 175),
(1, 19, 02, '2005-11-02', '1.18.04.16', 203),
(1, 19, 03, '2005-11-30', '1.18.05.16', 231),
(1, 19, 04, '2005-12-28', '1.18.06.16', 259),
(1, 19, 05, '2006-01-25', '1.18.07.16', 027),
(1, 19, 06, '2006-02-22', '1.18.08.16', 055),
(1, 19, 07, '2006-03-22', '1.18.09.16', 083),
(1, 19, 08, '2006-04-19', '1.18.10.16', 111),
(1, 19, 09, '2006-05-17', '1.18.11.16', 139),
(1, 19, 10, '2006-06-14', '1.18.12.16', 167),
(1, 19, 11, '2006-07-12', '1.18.13.16', 195),
(1, 19, 12, '2006-08-10', '1.19.01.16', 224),
(1, 19, 13, '2006-09-07', '1.19.02.16', 252),
(1, 20, 01, '2006-10-05', '1.19.03.16', 020),
(1, 20, 02, '2006-11-02', '1.19.04.16', 048),
(1, 20, 03, '2006-11-30', '1.19.05.16', 076),
(1, 20, 04, '2006-12-28', '1.19.06.16', 104),
(1, 20, 05, '2007-01-25', '1.19.07.16', 132),
(1, 20, 06, '2007-02-22', '1.19.08.16', 160),
(1, 20, 07, '2007-03-22', '1.19.09.16', 188),
(1, 20, 08, '2007-04-19', '1.19.10.16', 216),
(1, 20, 09, '2007-05-17', '1.19.11.16', 244),
(1, 20, 10, '2007-06-14', '1.19.12.16', 012),
(1, 20, 11, '2007-07-12', '1.19.13.16', 040),
(1, 20, 12, '2007-08-10', '1.20.01.16', 069),
(1, 20, 13, '2007-09-07', '1.20.02.16', 097),
(1, 21, 01, '2007-10-05', '1.20.03.16', 125),
(1, 21, 02, '2007-11-02', '1.20.04.16', 153),
(1, 21, 03, '2007-11-30', '1.20.05.16', 181),
(1, 21, 04, '2007-12-28', '1.20.06.16', 209),
(1, 21, 05, '2008-01-25', '1.20.07.16', 237),
(1, 21, 06, '2008-02-22', '1.20.08.16', 005),
(1, 21, 07, '2008-03-22', '1.20.09.16', 033),
(1, 21, 08, '2008-04-19', '1.20.10.16', 061),
(1, 21, 09, '2008-05-17', '1.20.11.16', 089),
(1, 21, 10, '2008-06-14', '1.20.12.16', 117),
(1, 21, 11, '2008-07-12', '1.20.13.16', 145),
(1, 21, 12, '2008-08-10', '1.21.01.16', 174),
(1, 21, 13, '2008-09-07', '1.21.02.16', 202),
(1, 22, 01, '2008-10-05', '1.21.03.16', 230),
(1, 22, 02, '2008-11-02', '1.21.04.16', 258),
(1, 22, 03, '2008-11-30', '1.21.05.16', 026),
(1, 22, 04, '2008-12-28', '1.21.06.16', 054),
(1, 22, 05, '2009-01-25', '1.21.07.16', 082),
(1, 22, 06, '2009-02-22', '1.21.08.16', 110),
(1, 22, 07, '2009-03-22', '1.21.09.16', 138),
(1, 22, 08, '2009-04-19', '1.21.10.16', 166),
(1, 22, 09, '2009-05-17', '1.21.11.16', 194),
(1, 22, 10, '2009-06-14', '1.21.12.16', 222),
(1, 22, 11, '2009-07-12', '1.21.13.16', 250),
(1, 22, 12, '2009-08-10', '1.22.01.16', 019),
(1, 22, 13, '2009-09-07', '1.22.02.16', 047),
(1, 23, 01, '2009-10-05', '1.22.03.16', 075),
(1, 23, 02, '2009-11-02', '1.22.04.16', 103),
(1, 23, 03, '2009-11-30', '1.22.05.16', 131),
(1, 23, 04, '2009-12-28', '1.22.06.16', 159),
(1, 23, 05, '2010-01-25', '1.22.07.16', 187),
(1, 23, 06, '2010-02-22', '1.22.08.16', 215),
(1, 23, 07, '2010-03-22', '1.22.09.16', 243),
(1, 23, 08, '2010-04-19', '1.22.10.16', 011),
(1, 23, 09, '2010-05-17', '1.22.11.16', 039),
(1, 23, 10, '2010-06-14', '1.22.12.16', 067),
(1, 23, 11, '2010-07-12', '1.22.13.16', 095),
(1, 23, 12, '2010-08-10', '1.23.01.16', 124),
(1, 23, 13, '2010-09-07', '1.23.02.16', 152),
(1, 24, 01, '2010-10-05', '1.23.03.16', 180),
(1, 24, 02, '2010-11-02', '1.23.04.16', 208),
(1, 24, 03, '2010-11-30', '1.23.05.16', 236),
(1, 24, 04, '2010-12-28', '1.23.06.16', 004),
(1, 24, 05, '2011-01-25', '1.23.07.16', 032),
(1, 24, 06, '2011-02-22', '1.23.08.16', 060),
(1, 24, 07, '2011-03-22', '1.23.09.16', 088),
(1, 24, 08, '2011-04-19', '1.23.10.16', 116),
(1, 24, 09, '2011-05-17', '1.23.11.16', 144),
(1, 24, 10, '2011-06-14', '1.23.12.16', 172),
(1, 24, 11, '2011-07-12', '1.23.13.16', 200),
(1, 24, 12, '2011-08-10', '1.24.01.16', 229),
(1, 24, 13, '2011-09-07', '1.24.02.16', 257),
(1, 25, 01, '2011-10-05', '1.24.03.16', 025),
(1, 25, 02, '2011-11-02', '1.24.04.16', 053),
(1, 25, 03, '2011-11-30', '1.24.05.16', 081),
(1, 25, 04, '2011-12-28', '1.24.06.16', 109),
(1, 25, 05, '2012-01-25', '1.24.07.16', 137),
(1, 25, 06, '2012-02-22', '1.24.08.16', 165),
(1, 25, 07, '2012-03-22', '1.24.09.16', 193),
(1, 25, 08, '2012-04-19', '1.24.10.16', 221),
(1, 25, 09, '2012-05-17', '1.24.11.16', 249),
(1, 25, 10, '2012-06-14', '1.24.12.16', 017),
(1, 25, 11, '2012-07-12', '1.24.13.16', 045),
(1, 25, 12, '2012-08-10', '1.25.01.16', 074),
(1, 25, 13, '2012-09-07', '1.25.02.16', 102),
(1, 26, 01, '2012-10-05', '1.25.03.16', 130),
(1, 26, 02, '2012-11-02', '1.25.04.16', 158),
(1, 26, 03, '2012-11-30', '1.25.05.16', 186),
(1, 26, 04, '2012-12-28', '1.25.06.16', 214),
(1, 26, 05, '2013-01-25', '1.25.07.16', 242),
(1, 26, 06, '2013-02-22', '1.25.08.16', 010),
(1, 26, 07, '2013-03-22', '1.25.09.16', 038),
(1, 26, 08, '2013-04-19', '1.25.10.16', 066),
(1, 26, 09, '2013-05-17', '1.25.11.16', 094),
(1, 26, 10, '2013-06-14', '1.25.12.16', 122),
(1, 26, 11, '2013-07-12', '1.25.13.16', 150),
(1, 26, 12, '2013-08-10', '1.26.01.16', 179),
(1, 26, 13, '2013-09-07', '1.26.02.16', 207),
(1, 27, 01, '2013-10-05', '1.26.03.16', 235),
(1, 27, 02, '2013-11-02', '1.26.04.16', 003),
(1, 27, 03, '2013-11-30', '1.26.05.16', 031),
(1, 27, 04, '2013-12-28', '1.26.06.16', 059),
(1, 27, 05, '2014-01-25', '1.26.07.16', 087),
(1, 27, 06, '2014-02-22', '1.26.08.16', 115),
(1, 27, 07, '2014-03-22', '1.26.09.16', 143),
(1, 27, 08, '2014-04-19', '1.26.10.16', 171),
(1, 27, 09, '2014-05-17', '1.26.11.16', 199),
(1, 27, 10, '2014-06-14', '1.26.12.16', 227),
(1, 27, 11, '2014-07-12', '1.26.13.16', 255),
(1, 27, 12, '2014-08-10', '1.27.01.16', 024),
(1, 27, 13, '2014-09-07', '1.27.02.16', 052),
(1, 28, 01, '2014-10-05', '1.27.03.16', 080),
(1, 28, 02, '2014-11-02', '1.27.04.16', 108),
(1, 28, 03, '2014-11-30', '1.27.05.16', 136),
(1, 28, 04, '2014-12-28', '1.27.06.16', 164),
(1, 28, 05, '2015-01-25', '1.27.07.16', 192),
(1, 28, 06, '2015-02-22', '1.27.08.16', 220),
(1, 28, 07, '2015-03-22', '1.27.09.16', 248),
(1, 28, 08, '2015-04-19', '1.27.10.16', 016),
(1, 28, 09, '2015-05-17', '1.27.11.16', 044),
(1, 28, 10, '2015-06-14', '1.27.12.16', 072),
(1, 28, 11, '2015-07-12', '1.27.13.16', 100),
(1, 28, 12, '2015-08-10', '1.28.01.16', 129),
(1, 28, 13, '2015-09-07', '1.28.02.16', 157),
(1, 29, 01, '2015-10-05', '1.28.03.16', 185),
(1, 29, 02, '2015-11-02', '1.28.04.16', 213),
(1, 29, 03, '2015-11-30', '1.28.05.16', 241),
(1, 29, 04, '2015-12-28', '1.28.06.16', 009),
(1, 29, 05, '2016-01-25', '1.28.07.16', 037),
(1, 29, 06, '2016-02-22', '1.28.08.16', 065),
(1, 29, 07, '2016-03-22', '1.28.09.16', 093),
(1, 29, 08, '2016-04-19', '1.28.10.16', 121),
(1, 29, 09, '2016-05-17', '1.28.11.16', 149),
(1, 29, 10, '2016-06-14', '1.28.12.16', 177),
(1, 29, 11, '2016-07-12', '1.28.13.16', 205),
(1, 29, 12, '2016-08-10', '1.29.01.16', 234),
(1, 29, 13, '2016-09-07', '1.29.02.16', 002),
(1, 30, 01, '2016-10-05', '1.29.03.16', 030),
(1, 30, 02, '2016-11-02', '1.29.04.16', 058),
(1, 30, 03, '2016-11-30', '1.29.05.16', 086),
(1, 30, 04, '2016-12-28', '1.29.06.16', 114),
(1, 30, 05, '2017-01-25', '1.29.07.16', 142),
(1, 30, 06, '2017-02-22', '1.29.08.16', 170),
(1, 30, 07, '2017-03-22', '1.29.09.16', 198),
(1, 30, 08, '2017-04-19', '1.29.10.16', 226),
(1, 30, 09, '2017-05-17', '1.29.11.16', 254),
(1, 30, 10, '2017-06-14', '1.29.12.16', 022),
(1, 30, 11, '2017-07-12', '1.29.13.16', 050),
(1, 30, 12, '2017-08-10', '1.30.01.16', 079),
(1, 30, 13, '2017-09-07', '1.30.02.16', 107),
(1, 31, 01, '2017-10-05', '1.30.03.16', 135),
(1, 31, 02, '2017-11-02', '1.30.04.16', 163),
(1, 31, 03, '2017-11-30', '1.30.05.16', 191),
(1, 31, 04, '2017-12-28', '1.30.06.16', 219),
(1, 31, 05, '2018-01-25', '1.30.07.16', 247),
(1, 31, 06, '2018-02-22', '1.30.08.16', 015),
(1, 31, 07, '2018-03-22', '1.30.09.16', 043),
(1, 31, 08, '2018-04-19', '1.30.10.16', 071),
(1, 31, 09, '2018-05-17', '1.30.11.16', 099),
(1, 31, 10, '2018-06-14', '1.30.12.16', 127),
(1, 31, 11, '2018-07-12', '1.30.13.16', 155),
(1, 31, 12, '2018-08-10', '1.31.01.16', 184),
(1, 31, 13, '2018-09-07', '1.31.02.16', 212),
(1, 32, 01, '2018-10-05', '1.31.03.16', 240),
(1, 32, 02, '2018-11-02', '1.31.04.16', 008),
(1, 32, 03, '2018-11-30', '1.31.05.16', 036),
(1, 32, 04, '2018-12-28', '1.31.06.16', 064),
(1, 32, 05, '2019-01-25', '1.31.07.16', 092),
(1, 32, 06, '2019-02-22', '1.31.08.16', 120),
(1, 32, 07, '2019-03-22', '1.31.09.16', 148),
(1, 32, 08, '2019-04-19', '1.31.10.16', 176),
(1, 32, 09, '2019-05-17', '1.31.11.16', 204),
(1, 32, 10, '2019-06-14', '1.31.12.16', 232),
(1, 32, 11, '2019-07-12', '1.31.13.16', 260),
(1, 32, 12, '2019-08-10', '1.32.01.16', 029),
(1, 32, 13, '2019-09-07', '1.32.02.16', 057),
(1, 33, 01, '2019-10-05', '1.32.03.16', 085),
(1, 33, 02, '2019-11-02', '1.32.04.16', 113),
(1, 33, 03, '2019-11-30', '1.32.05.16', 141),
(1, 33, 04, '2019-12-28', '1.32.06.16', 169),
(1, 33, 05, '2020-01-25', '1.32.07.16', 197),
(1, 33, 06, '2020-02-22', '1.32.08.16', 225),
(1, 33, 07, '2020-03-22', '1.32.09.16', 253),
(1, 33, 08, '2020-04-19', '1.32.10.16', 021),
(1, 33, 09, '2020-05-17', '1.32.11.16', 049),
(1, 33, 10, '2020-06-14', '1.32.12.16', 077),
(1, 33, 11, '2020-07-12', '1.32.13.16', 105),
(1, 33, 12, '2020-08-10', '1.33.01.16', 134),
(1, 33, 13, '2020-09-07', '1.33.02.16', 162),
(1, 34, 01, '2020-10-05', '1.33.03.16', 190),
(1, 34, 02, '2020-11-02', '1.33.04.16', 218),
(1, 34, 03, '2020-11-30', '1.33.05.16', 246),
(1, 34, 04, '2020-12-28', '1.33.06.16', 014),
(1, 34, 05, '2021-01-25', '1.33.07.16', 042),
(1, 34, 06, '2021-02-22', '1.33.08.16', 070),
(1, 34, 07, '2021-03-22', '1.33.09.16', 098),
(1, 34, 08, '2021-04-19', '1.33.10.16', 126),
(1, 34, 09, '2021-05-17', '1.33.11.16', 154),
(1, 34, 10, '2021-06-14', '1.33.12.16', 182),
(1, 34, 11, '2021-07-12', '1.33.13.16', 210),
(1, 34, 12, '2021-08-10', '1.34.01.16', 239),
(1, 34, 13, '2021-09-07', '1.34.02.16', 007),
(1, 35, 01, '2021-10-05', '1.34.03.16', 035),
(1, 35, 02, '2021-11-02', '1.34.04.16', 063),
(1, 35, 03, '2021-11-30', '1.34.05.16', 091),
(1, 35, 04, '2021-12-28', '1.34.06.16', 119),
(1, 35, 05, '2022-01-25', '1.34.07.16', 147),
(1, 35, 06, '2022-02-22', '1.34.08.16', 175),
(1, 35, 07, '2022-03-22', '1.34.09.16', 203),
(1, 35, 08, '2022-04-19', '1.34.10.16', 231),
(1, 35, 09, '2022-05-17', '1.34.11.16', 259),
(1, 35, 10, '2022-06-14', '1.34.12.16', 027),
(1, 35, 11, '2022-07-12', '1.34.13.16', 055),
(1, 35, 12, '2022-08-10', '1.35.01.16', 084),
(1, 35, 13, '2022-09-07', '1.35.02.16', 112),
(1, 36, 01, '2022-10-05', '1.35.03.16', 140),
(1, 36, 02, '2022-11-02', '1.35.04.16', 168),
(1, 36, 03, '2022-11-30', '1.35.05.16', 196),
(1, 36, 04, '2022-12-28', '1.35.06.16', 224),
(1, 36, 05, '2023-01-25', '1.35.07.16', 252),
(1, 36, 06, '2023-02-22', '1.35.08.16', 020),
(1, 36, 07, '2023-03-22', '1.35.09.16', 048),
(1, 36, 08, '2023-04-19', '1.35.10.16', 076),
(1, 36, 09, '2023-05-17', '1.35.11.16', 104),
(1, 36, 10, '2023-06-14', '1.35.12.16', 132),
(1, 36, 11, '2023-07-12', '1.35.13.16', 160),
(1, 36, 12, '2023-08-10', '1.36.01.16', 189),
(1, 36, 13, '2023-09-07', '1.36.02.16', 217),
(1, 37, 01, '2023-10-05', '1.36.03.16', 245),
(1, 37, 02, '2023-11-02', '1.36.04.16', 013),
(1, 37, 03, '2023-11-30', '1.36.05.16', 041),
(1, 37, 04, '2023-12-28', '1.36.06.16', 069),
(1, 37, 05, '2024-01-25', '1.36.07.16', 097),
(1, 37, 06, '2024-02-22', '1.36.08.16', 125),
(1, 37, 07, '2024-03-22', '1.36.09.16', 153),
(1, 37, 08, '2024-04-19', '1.36.10.16', 181),
(1, 37, 09, '2024-05-17', '1.36.11.16', 209),
(1, 37, 10, '2024-06-14', '1.36.12.16', 237),
(1, 37, 11, '2024-07-12', '1.36.13.16', 005),
(1, 37, 12, '2024-08-10', '1.37.01.16', 034),
(1, 37, 13, '2024-09-07', '1.37.02.16', 062),
(1, 38, 01, '2024-10-05', '1.37.03.16', 090),
(1, 38, 02, '2024-11-02', '1.37.04.16', 118),
(1, 38, 03, '2024-11-30', '1.37.05.16', 146),
(1, 38, 04, '2024-12-28', '1.37.06.16', 174),
(1, 38, 05, '2025-01-25', '1.37.07.16', 202),
(1, 38, 06, '2025-02-22', '1.37.08.16', 230),
(1, 38, 07, '2025-03-22', '1.37.09.16', 258),
(1, 38, 08, '2025-04-19', '1.37.10.16', 026),
(1, 38, 09, '2025-05-17', '1.37.11.16', 054),
(1, 38, 10, '2025-06-14', '1.37.12.16', 082),
(1, 38, 11, '2025-07-12', '1.37.13.16', 110),
(1, 38, 12, '2025-08-10', '1.38.01.16', 139),
(1, 38, 13, '2025-09-07', '1.38.02.16', 167),
(1, 39, 01, '2025-10-05', '1.38.03.16', 195),
(1, 39, 02, '2025-11-02', '1.38.04.16', 223),
(1, 39, 03, '2025-11-30', '1.38.05.16', 251),
(1, 39, 04, '2025-12-28', '1.38.06.16', 019),
(1, 39, 05, '2026-01-25', '1.38.07.16', 047),
(1, 39, 06, '2026-02-22', '1.38.08.16', 075),
(1, 39, 07, '2026-03-22', '1.38.09.16', 103),
(1, 39, 08, '2026-04-19', '1.38.10.16', 131),
(1, 39, 09, '2026-05-17', '1.38.11.16', 159),
(1, 39, 10, '2026-06-14', '1.38.12.16', 187),
(1, 39, 11, '2026-07-12', '1.38.13.16', 215),
(1, 39, 12, '2026-08-10', '1.39.01.16', 244),
(1, 39, 13, '2026-09-07', '1.39.02.16', 012),
(1, 40, 01, '2026-10-05', '1.39.03.16', 040),
(1, 40, 02, '2026-11-02', '1.39.04.16', 068),
(1, 40, 03, '2026-11-30', '1.39.05.16', 096),
(1, 40, 04, '2026-12-28', '1.39.06.16', 124),
(1, 40, 05, '2027-01-25', '1.39.07.16', 152),
(1, 40, 06, '2027-02-22', '1.39.08.16', 180),
(1, 40, 07, '2027-03-22', '1.39.09.16', 208),
(1, 40, 08, '2027-04-19', '1.39.10.16', 236),
(1, 40, 09, '2027-05-17', '1.39.11.16', 004),
(1, 40, 10, '2027-06-14', '1.39.12.16', 032),
(1, 40, 11, '2027-07-12', '1.39.13.16', 060),
(1, 40, 12, '2027-08-10', '1.40.01.16', 089),
(1, 40, 13, '2027-09-07', '1.40.02.16', 117),
(1, 41, 01, '2027-10-05', '1.40.03.16', 145),
(1, 41, 02, '2027-11-02', '1.40.04.16', 173),
(1, 41, 03, '2027-11-30', '1.40.05.16', 201),
(1, 41, 04, '2027-12-28', '1.40.06.16', 229),
(1, 41, 05, '2028-01-25', '1.40.07.16', 257),
(1, 41, 06, '2028-02-22', '1.40.08.16', 025),
(1, 41, 07, '2028-03-22', '1.40.09.16', 053),
(1, 41, 08, '2028-04-19', '1.40.10.16', 081),
(1, 41, 09, '2028-05-17', '1.40.11.16', 109),
(1, 41, 10, '2028-06-14', '1.40.12.16', 137),
(1, 41, 11, '2028-07-12', '1.40.13.16', 165),
(1, 41, 12, '2028-08-10', '1.41.01.16', 194),
(1, 41, 13, '2028-09-07', '1.41.02.16', 222),
(1, 42, 01, '2028-10-05', '1.41.03.16', 250),
(1, 42, 02, '2028-11-02', '1.41.04.16', 018),
(1, 42, 03, '2028-11-30', '1.41.05.16', 046),
(1, 42, 04, '2028-12-28', '1.41.06.16', 074),
(1, 42, 05, '2029-01-25', '1.41.07.16', 102),
(1, 42, 06, '2029-02-22', '1.41.08.16', 130),
(1, 42, 07, '2029-03-22', '1.41.09.16', 158),
(1, 42, 08, '2029-04-19', '1.41.10.16', 186),
(1, 42, 09, '2029-05-17', '1.41.11.16', 214),
(1, 42, 10, '2029-06-14', '1.41.12.16', 242),
(1, 42, 11, '2029-07-12', '1.41.13.16', 010),
(1, 42, 12, '2029-08-10', '1.42.01.16', 039),
(1, 42, 13, '2029-09-07', '1.42.02.16', 067),
(1, 43, 01, '2029-10-05', '1.42.03.16', 095),
(1, 43, 02, '2029-11-02', '1.42.04.16', 123),
(1, 43, 03, '2029-11-30', '1.42.05.16', 151),
(1, 43, 04, '2029-12-28', '1.42.06.16', 179),
(1, 43, 05, '2030-01-25', '1.42.07.16', 207),
(1, 43, 06, '2030-02-22', '1.42.08.16', 235),
(1, 43, 07, '2030-03-22', '1.42.09.16', 003),
(1, 43, 08, '2030-04-19', '1.42.10.16', 031),
(1, 43, 09, '2030-05-17', '1.42.11.16', 059),
(1, 43, 10, '2030-06-14', '1.42.12.16', 087),
(1, 43, 11, '2030-07-12', '1.42.13.16', 115),
(1, 43, 12, '2030-08-10', '1.43.01.16', 144),
(1, 43, 13, '2030-09-07', '1.43.02.16', 172),
(1, 44, 01, '2030-10-05', '1.43.03.16', 200),
(1, 44, 02, '2030-11-02', '1.43.04.16', 228),
(1, 44, 03, '2030-11-30', '1.43.05.16', 256),
(1, 44, 04, '2030-12-28', '1.43.06.16', 024),
(1, 44, 05, '2031-01-25', '1.43.07.16', 052),
(1, 44, 06, '2031-02-22', '1.43.08.16', 080),
(1, 44, 07, '2031-03-22', '1.43.09.16', 108),
(1, 44, 08, '2031-04-19', '1.43.10.16', 136),
(1, 44, 09, '2031-05-17', '1.43.11.16', 164),
(1, 44, 10, '2031-06-14', '1.43.12.16', 192),
(1, 44, 11, '2031-07-12', '1.43.13.16', 220),
(1, 44, 12, '2031-08-10', '1.44.01.16', 249),
(1, 44, 13, '2031-09-07', '1.44.02.16', 017),
(1, 45, 01, '2031-10-05', '1.44.03.16', 045),
(1, 45, 02, '2031-11-02', '1.44.04.16', 073),
(1, 45, 03, '2031-11-30', '1.44.05.16', 101),
(1, 45, 04, '2031-12-28', '1.44.06.16', 129),
(1, 45, 05, '2032-01-25', '1.44.07.16', 157),
(1, 45, 06, '2032-02-22', '1.44.08.16', 185),
(1, 45, 07, '2032-03-22', '1.44.09.16', 213),
(1, 45, 08, '2032-04-19', '1.44.10.16', 241),
(1, 45, 09, '2032-05-17', '1.44.11.16', 009),
(1, 45, 10, '2032-06-14', '1.44.12.16', 037),
(1, 45, 11, '2032-07-12', '1.44.13.16', 065),
(1, 45, 12, '2032-08-10', '1.45.01.16', 094),
(1, 45, 13, '2032-09-07', '1.45.02.16', 122),
(1, 46, 01, '2032-10-05', '1.45.03.16', 150),
(1, 46, 02, '2032-11-02', '1.45.04.16', 178),
(1, 46, 03, '2032-11-30', '1.45.05.16', 206),
(1, 46, 04, '2032-12-28', '1.45.06.16', 234),
(1, 46, 05, '2033-01-25', '1.45.07.16', 002),
(1, 46, 06, '2033-02-22', '1.45.08.16', 030),
(1, 46, 07, '2033-03-22', '1.45.09.16', 058),
(1, 46, 08, '2033-04-19', '1.45.10.16', 086),
(1, 46, 09, '2033-05-17', '1.45.11.16', 114),
(1, 46, 10, '2033-06-14', '1.45.12.16', 142),
(1, 46, 11, '2033-07-12', '1.45.13.16', 170),
(1, 46, 12, '2033-08-10', '1.46.01.16', 199),
(1, 46, 13, '2033-09-07', '1.46.02.16', 227),
(1, 47, 01, '2033-10-05', '1.46.03.16', 255),
(1, 47, 02, '2033-11-02', '1.46.04.16', 023),
(1, 47, 03, '2033-11-30', '1.46.05.16', 051),
(1, 47, 04, '2033-12-28', '1.46.06.16', 079),
(1, 47, 05, '2034-01-25', '1.46.07.16', 107),
(1, 47, 06, '2034-02-22', '1.46.08.16', 135),
(1, 47, 07, '2034-03-22', '1.46.09.16', 163),
(1, 47, 08, '2034-04-19', '1.46.10.16', 191),
(1, 47, 09, '2034-05-17', '1.46.11.16', 219),
(1, 47, 10, '2034-06-14', '1.46.12.16', 247),
(1, 47, 11, '2034-07-12', '1.46.13.16', 015),
(1, 47, 12, '2034-08-10', '1.47.01.16', 044),
(1, 47, 13, '2034-09-07', '1.47.02.16', 072),
(1, 48, 01, '2034-10-05', '1.47.03.16', 100),
(1, 48, 02, '2034-11-02', '1.47.04.16', 128),
(1, 48, 03, '2034-11-30', '1.47.05.16', 156),
(1, 48, 04, '2034-12-28', '1.47.06.16', 184),
(1, 48, 05, '2035-01-25', '1.47.07.16', 212),
(1, 48, 06, '2035-02-22', '1.47.08.16', 240),
(1, 48, 07, '2035-03-22', '1.47.09.16', 008),
(1, 48, 08, '2035-04-19', '1.47.10.16', 036),
(1, 48, 09, '2035-05-17', '1.47.11.16', 064),
(1, 48, 10, '2035-06-14', '1.47.12.16', 092),
(1, 48, 11, '2035-07-12', '1.47.13.16', 120),
(1, 48, 12, '2035-08-10', '1.48.01.16', 149),
(1, 48, 13, '2035-09-07', '1.48.02.16', 177),
(1, 49, 01, '2035-10-05', '1.48.03.16', 205),
(1, 49, 02, '2035-11-02', '1.48.04.16', 233),
(1, 49, 03, '2035-11-30', '1.48.05.16', 001),
(1, 49, 04, '2035-12-28', '1.48.06.16', 029),
(1, 49, 05, '2036-01-25', '1.48.07.16', 057),
(1, 49, 06, '2036-02-22', '1.48.08.16', 085),
(1, 49, 07, '2036-03-22', '1.48.09.16', 113),
(1, 49, 08, '2036-04-19', '1.48.10.16', 141),
(1, 49, 09, '2036-05-17', '1.48.11.16', 169),
(1, 49, 10, '2036-06-14', '1.48.12.16', 197),
(1, 49, 11, '2036-07-12', '1.48.13.16', 225),
(1, 49, 12, '2036-08-10', '1.49.01.16', 254),
(1, 49, 13, '2036-09-07', '1.49.02.16', 022),
(1, 50, 01, '2036-10-05', '1.49.03.16', 050),
(1, 50, 02, '2036-11-02', '1.49.04.16', 078),
(1, 50, 03, '2036-11-30', '1.49.05.16', 106),
(1, 50, 04, '2036-12-28', '1.49.06.16', 134),
(1, 50, 05, '2037-01-25', '1.49.07.16', 162),
(1, 50, 06, '2037-02-22', '1.49.08.16', 190),
(1, 50, 07, '2037-03-22', '1.49.09.16', 218),
(1, 50, 08, '2037-04-19', '1.49.10.16', 246),
(1, 50, 09, '2037-05-17', '1.49.11.16', 014),
(1, 50, 10, '2037-06-14', '1.49.12.16', 042),
(1, 50, 11, '2037-07-12', '1.49.13.16', 070),
(1, 50, 12, '2037-08-10', '1.50.01.16', 099),
(1, 50, 13, '2037-09-07', '1.50.02.16', 127),
(1, 51, 01, '2037-10-05', '1.50.03.16', 155),
(1, 51, 02, '2037-11-02', '1.50.04.16', 183),
(1, 51, 03, '2037-11-30', '1.50.05.16', 211),
(1, 51, 04, '2037-12-28', '1.50.06.16', 239),
(1, 51, 05, '2038-01-25', '1.50.07.16', 007),
(1, 51, 06, '2038-02-22', '1.50.08.16', 035),
(1, 51, 07, '2038-03-22', '1.50.09.16', 063),
(1, 51, 08, '2038-04-19', '1.50.10.16', 091),
(1, 51, 09, '2038-05-17', '1.50.11.16', 119),
(1, 51, 10, '2038-06-14', '1.50.12.16', 147),
(1, 51, 11, '2038-07-12', '1.50.13.16', 175),
(1, 51, 12, '2038-08-10', '1.51.01.16', 204),
(1, 51, 13, '2038-09-07', '1.51.02.16', 232),
(1, 52, 01, '2038-10-05', '1.51.03.16', 260),
(1, 52, 02, '2038-11-02', '1.51.04.16', 028),
(1, 52, 03, '2038-11-30', '1.51.05.16', 056),
(1, 52, 04, '2038-12-28', '1.51.06.16', 084),
(1, 52, 05, '2039-01-25', '2.-01.07.16', 112),
(1, 52, 06, '2039-02-22', '2.-01.08.16', 140),
(1, 52, 07, '2039-03-22', '2.-01.09.16', 168),
(1, 52, 08, '2039-04-19', '2.-01.10.16', 196),
(1, 52, 09, '2039-05-17', '2.-01.11.16', 224),
(1, 52, 10, '2039-06-14', '2.-01.12.16', 252),
(1, 52, 11, '2039-07-12', '2.-01.13.16', 020),
(1, 52, 12, '2040-08-10', '2.01.01.16', 154),
(1, 52, 13, '2040-09-07', '2.01.02.16', 182);

-- --------------------------------------------------------

--
-- Estructura de tabla para la tabla `dat`
--

CREATE TABLE `dat` (
  `ide` int(11) NOT NULL COMMENT 'Identificador',
  `nom` varchar(30) NOT NULL COMMENT 'Nombre',
  `ape` varchar(30) NOT NULL COMMENT 'Apellido',
  `fec` date NOT NULL COMMENT 'Fecha de Nacimiento',
  `sin` varchar(13) NOT NULL COMMENT 'Sincronario',
  `kin` smallint(3) UNSIGNED ZEROFILL NOT NULL COMMENT 'Kin Planetario',
  `psi` smallint(3) UNSIGNED ZEROFILL NOT NULL COMMENT 'Psi-cronos',
  `mai` varchar(40) NOT NULL COMMENT 'Email',
  `tel` varchar(20) NOT NULL COMMENT 'Teléfono',
  `ubi` varchar(50) NOT NULL COMMENT 'Ubicación'
) ENGINE=InnoDB DEFAULT CHARSET=utf8mb4 COMMENT='Usuario';

--
-- Volcado de datos para la tabla `dat`
--

INSERT INTO `dat` (`ide`, `nom`, `ape`, `fec`, `sin`, `kin`, `psi`, `mai`, `tel`, `ubi`) VALUES
(1, 'Iván', 'Villena', '1987-10-05', '1.00.03.16', 105, 072, 'ivan.pieszko@gmail.com', '5491131037776', 'america/argentina/buenos_aires');

-- --------------------------------------------------------

--
-- Estructura de tabla para la tabla `dat_tip`
--

CREATE TABLE `dat_tip` (
  `ide` smallint(5) UNSIGNED NOT NULL COMMENT 'Identificador',
  `nom` varchar(80) NOT NULL COMMENT 'Nombre',
  `des` text DEFAULT NULL COMMENT 'Descripción'
) ENGINE=InnoDB DEFAULT CHARSET=utf8mb4 COMMENT='Tipo de Entrada';

--
-- Volcado de datos para la tabla `dat_tip`
--

INSERT INTO `dat_tip` (`ide`, `nom`, `des`) VALUES
(1, 'Familiar', NULL),
(2, 'Sentimental', NULL),
(3, 'Social', NULL),
(4, 'Laboral', NULL),
(5, 'Estudios', NULL),
(6, 'Hobbies', NULL),
(7, 'Mental', NULL),
(8, 'Físico', NULL),
(9, 'Espiritual', NULL);

--
-- Índices para tablas volcadas
--

--
-- Indices de la tabla `age_cic`
--
ALTER TABLE `age_cic`
  ADD PRIMARY KEY (`ide`),
  ADD KEY `usu` (`usu`),
  ADD KEY `tip` (`tip`);

--
-- Indices de la tabla `age_dia`
--
ALTER TABLE `age_dia`
  ADD PRIMARY KEY (`ide`),
  ADD KEY `usu` (`usu`),
  ADD KEY `fec` (`fec`),
  ADD KEY `tip` (`tip`);

--
-- Indices de la tabla `cic_ani`
--
ALTER TABLE `cic_ani`
  ADD PRIMARY KEY (`usu`,`ide`);

--
-- Indices de la tabla `cic_arm`
--
ALTER TABLE `cic_arm`
  ADD PRIMARY KEY (`ide`);

--
-- Indices de la tabla `cic_dia`
--
ALTER TABLE `cic_dia`
  ADD PRIMARY KEY (`usu`,`ani`,`lun`,`ide`);

--
-- Indices de la tabla `cic_lun`
--
ALTER TABLE `cic_lun`
  ADD PRIMARY KEY (`usu`,`ani`,`ide`);

--
-- Indices de la tabla `dat`
--
ALTER TABLE `dat`
  ADD PRIMARY KEY (`ide`);

--
-- Indices de la tabla `dat_tip`
--
ALTER TABLE `dat_tip`
  ADD PRIMARY KEY (`ide`);

--
-- AUTO_INCREMENT de las tablas volcadas
--

--
-- AUTO_INCREMENT de la tabla `age_cic`
--
ALTER TABLE `age_cic`
  MODIFY `ide` int(10) UNSIGNED NOT NULL AUTO_INCREMENT COMMENT 'Id';

--
-- AUTO_INCREMENT de la tabla `age_dia`
--
ALTER TABLE `age_dia`
  MODIFY `ide` int(10) UNSIGNED NOT NULL AUTO_INCREMENT COMMENT 'Id';

--
-- AUTO_INCREMENT de la tabla `dat`
--
ALTER TABLE `dat`
  MODIFY `ide` int(11) NOT NULL AUTO_INCREMENT COMMENT 'Identificador', AUTO_INCREMENT=2;
COMMIT;

/*!40101 SET CHARACTER_SET_CLIENT=@OLD_CHARACTER_SET_CLIENT */;
/*!40101 SET CHARACTER_SET_RESULTS=@OLD_CHARACTER_SET_RESULTS */;
/*!40101 SET COLLATION_CONNECTION=@OLD_COLLATION_CONNECTION */;
